duration,orig_bytes,resp_bytes,orig_pkts,resp_pkts,orig_p,resp_p,proto,service,conn_state,label,detailed_label
0.09084469696321254,131.66346312363257,0.0,3,0,48215,22,icmp,ssh,S0,Malicious,Mirai
0.03503557475158312,1187.5852819727231,45.30525614065048,73,3,40212,80,icmp,dhcp,RSTR,Malicious,DDoS
1.7211149627697075,255.33082150746446,53.90206989410221,4,1,1213,8080,tcp,ssl,SF,Malicious,PartOfAHorizontalPortScan
0.23781924878204272,36.15069951143441,46.946395172951455,4,2,59731,23,icmp,ssl,SF,Malicious,C&C
2.4801826802468194,110.86422453549208,261.41595257621896,2,1,54019,8080,tcp,ssh,SH,Malicious,C&C
5.610188838583165,770.3795750477055,4137.957030301318,18,5,9553,2323,udp,dns,RSTO,Benign,None
3.91203541603873,30.468878525532556,205.22028627404117,3,1,59863,2323,tcp,ssl,RSTO,Malicious,PartOfAHorizontalPortScan
0.0931302787993573,162.23352577681734,0.0,2,0,27878,443,icmp,ssh,S0,Malicious,Mirai
0.803637602502602,918.0647103645568,1610.7014349312558,25,5,64359,8080,icmp,http,RSTO,Benign,None
0.18899049047300434,131.324743181759,0.0,2,0,26470,53,icmp,-,S0,Malicious,Mirai
0.5708371759593291,325.12450057103405,161.91104317969672,3,2,19165,22,udp,dns,RSTO,Malicious,C&C
0.5196103138347881,150.26961070525275,2168.428232852361,5,21,3717,23,tcp,ssh,RSTR,Benign,None
0.003920727193329705,1315.8186652932027,46.72374816721997,71,0,31104,80,udp,dhcp,REJ,Malicious,DDoS
0.0006976409181650647,132.76803891503343,0.0,4,0,6554,80,tcp,http,S0,Malicious,Mirai
0.0279879951307172,140.33754642497414,0.0,4,0,4328,23,icmp,dns,S0,Malicious,Mirai
0.02900612949922053,138.60343303203192,0.0,2,0,24962,80,udp,ssl,S0,Malicious,Mirai
7.511317198203795,705.0255031042831,2627.406119728358,26,3,47741,443,tcp,ssh,SF,Benign,None
2.3074356375793013,307.30265662902667,79.9123684283481,4,2,24533,53,udp,ssl,REJ,Malicious,PartOfAHorizontalPortScan
0.007096806618926841,1278.9672804750671,54.31489463263042,68,3,7570,443,tcp,http,RSTO,Malicious,DDoS
5.8710626378385955,276.04067166392167,126.35085783131244,3,1,40408,443,icmp,ssl,SF,Malicious,C&C
0.9615863015836068,150.3602226939364,216.53876661123476,3,3,30879,53,udp,ssh,RSTO,Malicious,PartOfAHorizontalPortScan
2.588930859454236,2033.7585152841261,18501.483470944175,10,29,49378,8080,tcp,ssh,REJ,Benign,None
0.07956978461389318,170.9869478464173,0.0,1,0,29667,80,tcp,dns,S0,Malicious,Mirai
0.9128920118022567,4126.173163118891,10947.25751325188,20,19,42938,53,udp,-,RSTO,Benign,None
19.290719126947874,22.499024533735547,368.895061897824,3,1,33376,23,udp,dhcp,SH,Malicious,PartOfAHorizontalPortScan
0.06915352402036522,133.0528494377471,0.0,4,0,38434,80,tcp,ssl,S0,Malicious,Mirai
4.927019769267683,968.6153826032727,9049.920271911296,5,27,51156,2323,udp,-,SH,Benign,None
1.0040339574543695,348.0269875417764,23966.30686208747,4,5,46041,80,icmp,dns,SF,Benign,None
0.035170182136291576,118.97132111818695,0.0,4,0,9740,23,icmp,dhcp,S0,Malicious,Mirai
0.007358294369751587,139.79013560844808,0.0,2,0,5519,8080,tcp,ssl,S0,Malicious,Mirai
0.4934801959368028,91.34435194445085,161.07565144686478,9,1,51324,8080,icmp,ssl,S0,Malicious,C&C
8.64675684769068,60.75684351755361,106.18498903225857,6,2,4075,23,tcp,ssl,S0,Malicious,PartOfAHorizontalPortScan
0.005299301333993762,1123.4490634192662,54.22313761664064,25,4,38257,23,udp,-,RSTO,Malicious,DDoS
6.813722112964472,71.329343938652,83.23959083565376,3,1,35723,22,tcp,ssh,RSTO,Malicious,C&C
0.5483141885069635,1317.9799656917526,7092.872621121424,63,16,17988,8080,udp,http,S0,Benign,None
0.6401024439718548,75.18830241634633,114.0451194946136,3,2,14269,23,udp,ssh,RSTR,Malicious,C&C
1.2829006641887424,851.8682243461251,458.66735339554856,38,3,33604,23,udp,dns,RSTR,Benign,None
5.419192032903214,26556.593486331596,3382.076948319812,20,58,58703,2323,icmp,dns,S0,Benign,None
0.004913006922239073,1138.486632222867,71.11317641616252,60,2,55908,23,icmp,ssl,RSTO,Malicious,DDoS
0.03201517219559482,139.09924769305817,0.0,1,0,28146,443,udp,ssh,S0,Malicious,Mirai
0.11444897561243589,124.6523539697533,0.0,2,0,1441,53,udp,-,S0,Malicious,Mirai
1.9827983528664406,1575.005293084206,7129.320455295613,4,30,45449,22,udp,-,S0,Benign,None
0.00532079354152605,1327.7664895788425,44.0842861116417,33,4,45835,80,icmp,http,REJ,Malicious,DDoS
2.371897034469669,107.12826544479181,3842.90982707191,2,1,40978,80,tcp,ssh,SF,Malicious,C&C
0.1914512210969505,1516.5091374856743,2452.309269156412,9,23,6510,22,tcp,http,REJ,Benign,None
0.47836268134163873,6725.533793908337,5469.127316135024,9,14,45285,2323,tcp,ssl,REJ,Benign,None
0.02224669958786318,1204.4350557499067,38.23872522010929,47,2,29319,22,udp,http,S0,Malicious,DDoS
0.013998992301163417,1128.1555778747563,47.86552848288153,70,3,39093,2323,tcp,http,RSTR,Malicious,DDoS
1.4630186456163983,628.7584808080976,21.869492527886187,5,3,26494,80,icmp,dhcp,REJ,Malicious,PartOfAHorizontalPortScan
2.555985904524187,63.62880411768894,141.84719352633866,1,4,3129,23,tcp,ssl,SH,Malicious,C&C
0.25855228405556024,146.6385842158894,0.0,3,0,14867,80,tcp,-,S0,Malicious,Mirai
0.09876741730080221,155.70350649299309,0.0,2,0,4354,2323,tcp,dhcp,S0,Malicious,Mirai
0.22579114592377578,408.61393756063916,1426.893106576116,3,60,41275,443,udp,dhcp,RSTO,Benign,None
8.567731151105077,1543.4199435634466,49724.65963859469,20,7,36571,22,tcp,http,RSTO,Benign,None
5.983477050066872,2302.988753807779,27309.446259224394,15,11,24817,53,icmp,-,SH,Benign,None
3.3272954459921724,197.7226855442784,22715.631100852534,7,43,41058,2323,icmp,http,SH,Benign,None
3.352234878499846,4995.202960220252,4763.2606425210115,6,3,39789,80,icmp,dhcp,RSTO,Benign,None
0.14146902643402648,149.96728066711805,0.0,2,0,44149,53,udp,http,S0,Malicious,Mirai
0.008231145809801471,1157.3967661435581,47.51035851520926,56,4,40788,8080,tcp,dhcp,RSTO,Malicious,DDoS
19.677155521719612,392.1211903059192,742.9126420855546,6,1,11233,23,icmp,dhcp,RSTO,Malicious,C&C
0.09730904753530854,152.32821960241515,0.0,3,0,44112,22,icmp,ssl,S0,Malicious,Mirai
1.4936772717569788,217.90636429578552,143.63929365893503,1,2,37610,53,tcp,dns,SF,Malicious,PartOfAHorizontalPortScan
0.2989201321350331,364.5807616259563,6195.075073457795,16,10,37058,53,icmp,http,REJ,Benign,None
0.20863606358782652,87.33422121519928,67.16331345581655,3,1,19801,8080,tcp,dns,REJ,Malicious,PartOfAHorizontalPortScan
0.20052865050007712,248.28790763166725,495.038269932837,5,1,63088,53,udp,-,REJ,Malicious,PartOfAHorizontalPortScan
1.926003668117104,586.0914393857383,111.25278068296427,18,5,19054,2323,icmp,dhcp,SH,Benign,None
2.1859142277472876,62.10044277120254,118.30317068566204,2,3,2086,80,tcp,dns,S0,Malicious,C&C
1.32775335343397,104.60760337966083,17.980727302227642,6,1,59537,2323,udp,dhcp,RSTO,Malicious,PartOfAHorizontalPortScan
0.6824233336465612,61.829571089545475,37.233178875959254,5,7,11191,53,udp,http,RSTO,Malicious,PartOfAHorizontalPortScan
0.010734300462488687,140.83780194337248,0.0,4,0,12637,53,tcp,http,S0,Malicious,Mirai
1.4868247002254054,586.402884610235,4472.4213888414515,8,10,15067,53,udp,http,REJ,Benign,None
0.9369976639324376,59.88561571432188,251.71981145465278,4,7,47538,22,udp,http,SH,Malicious,PartOfAHorizontalPortScan
2.7707227503491527,749.6542913810084,29.150077227790092,3,3,46399,8080,udp,dhcp,RSTO,Malicious,PartOfAHorizontalPortScan
3.8027362406453893,60.08038255699584,127.92556802686822,3,2,64100,80,icmp,ssl,RSTR,Malicious,C&C
2.145216508519874,317.42802338579025,175.86722103714203,3,3,6975,22,icmp,dhcp,REJ,Malicious,C&C
3.21425248200826,5324.819509508518,1535.1009719548565,12,24,60989,23,tcp,-,SH,Benign,None
11.496325316592952,40.80789677346528,301.24514454127876,9,7,3216,80,tcp,dns,SH,Malicious,PartOfAHorizontalPortScan
3.913711031816166,30.58406870071129,22.93463408833652,2,4,57843,2323,udp,-,REJ,Malicious,PartOfAHorizontalPortScan
0.6071640830701142,171.80725823387291,0.0,1,0,2144,22,udp,ssh,S0,Malicious,Mirai
0.45768097911351807,1041.3164565841269,47165.341184442026,5,16,56204,2323,icmp,http,SH,Benign,None
0.06662277457563502,178.28502525224826,0.0,3,0,17502,53,icmp,-,S0,Malicious,Mirai
0.004241831937932634,1152.6411219022891,32.212797510957216,56,1,11565,53,udp,ssh,REJ,Malicious,DDoS
1.8906886360061455,4895.365946866065,3512.531185045437,16,20,39751,2323,tcp,dhcp,S0,Benign,None
1.1037490078456422,1371.8068579387846,3927.7618069521964,9,12,12077,22,icmp,dns,SF,Benign,None
10.197119656134317,324.1068572082273,1879.368512398723,4,2,32904,443,udp,http,SF,Malicious,PartOfAHorizontalPortScan
0.05077780948546782,147.3319828421691,0.0,1,0,35417,53,udp,http,S0,Malicious,Mirai
12.532984453817505,95.25143766747722,161.20163286311754,3,3,46104,2323,udp,ssh,S0,Malicious,C&C
3.0327669821188596,442.7903935687288,1011.3604129598491,8,3,5968,23,tcp,http,SF,Benign,None
0.007658678178265489,1142.16860770727,40.8944215526012,22,2,25466,53,udp,dhcp,RSTO,Malicious,DDoS
2.3718734215369692,200.9599563556616,476.5157756660392,5,1,61425,443,tcp,http,RSTR,Malicious,PartOfAHorizontalPortScan
0.1449687004908373,144.02724416402964,0.0,3,0,41830,53,udp,dhcp,S0,Malicious,Mirai
2.6274478380362316,72.54377198051193,378.29654292445343,6,3,50172,8080,icmp,dhcp,S0,Malicious,PartOfAHorizontalPortScan
0.08135572295588464,127.41896457565542,0.0,4,0,8994,8080,icmp,ssh,S0,Malicious,Mirai
5.514383892022975,76.92005854859772,58.12781644937825,2,6,9729,80,icmp,ssl,RSTO,Malicious,PartOfAHorizontalPortScan
0.00451078582510899,1318.521029151089,43.29960806444653,18,1,63540,23,icmp,dns,S0,Malicious,DDoS
0.3019089962460417,1056.1286638118552,15598.85546666744,9,15,52944,443,udp,dhcp,RSTO,Benign,None
2.0073946638690727,588.2461583231191,1592.0622206860328,3,14,62166,22,udp,http,S0,Benign,None
1.7184813377363117,1649.5416752195665,231.85787904739303,21,20,2646,22,udp,-,S0,Benign,None
0.6198509820828414,442.93424460315674,10579.395064868959,7,122,28553,22,tcp,ssh,SF,Benign,None
0.004810466429197722,160.35318040938247,0.0,3,0,22196,23,udp,dns,S0,Malicious,Mirai
0.04395484777228535,135.4851237369307,0.0,1,0,25786,2323,tcp,ssh,S0,Malicious,Mirai
6.594526356275214,272.4804488885486,32.48635051662506,3,1,46444,53,udp,dhcp,SH,Malicious,PartOfAHorizontalPortScan
0.39055252896123505,143.3101996930307,872.009776680341,2,6,14374,53,udp,-,SF,Malicious,PartOfAHorizontalPortScan
0.08921608797234643,135.45725648350262,0.0,3,0,7984,22,icmp,dhcp,S0,Malicious,Mirai
0.07806698461517365,145.0496272889699,0.0,4,0,1362,2323,icmp,http,S0,Malicious,Mirai
19.706435301906655,193.84335517461818,309.3436538962601,3,2,47641,2323,tcp,dhcp,SH,Malicious,C&C
1.6784058352918045,372.01845363621135,14468.501859169073,8,25,55261,23,icmp,http,S0,Benign,None
5.251501914847696,365.86143667139555,19.84757824255385,5,2,30890,443,icmp,dns,SF,Malicious,PartOfAHorizontalPortScan
0.015640973333379875,1303.1844539468634,35.14439626963028,25,4,14761,23,icmp,http,RSTO,Malicious,DDoS
9.279795193412731,2081.6244415642036,2303.373216583431,8,7,34063,23,icmp,ssh,S0,Benign,None
6.6890888798683275,97.4961785526747,111.96825472236334,2,1,56643,443,udp,http,RSTO,Malicious,PartOfAHorizontalPortScan
8.799955958224604,158.5899117259648,487.31281746500673,3,25,44025,22,tcp,http,RSTR,Benign,None
11.702679357393123,127.84400889812441,76.75254830207406,3,3,37356,8080,udp,dhcp,REJ,Malicious,C&C
0.07484708790676425,1835.8683301180404,17877.048168059548,9,3,63507,443,udp,http,S0,Benign,None
3.378367107697478,1388.0770998750731,76.2533628300803,1,1,44666,23,udp,ssh,S0,Malicious,C&C
0.18032480468316214,246.3454114036877,121.42381774285356,2,4,41083,2323,tcp,dns,RSTO,Malicious,C&C
1.5211504942748797,2717.5737795555215,3145.8576185128873,48,28,7207,53,icmp,-,S0,Benign,None
0.19010057185416065,158.11235186280757,0.0,3,0,52780,80,udp,ssh,S0,Malicious,Mirai
0.0020976043084623202,1271.5007013801142,60.40205928223662,51,1,3743,53,icmp,ssh,SH,Malicious,DDoS
1.624680226988024,997.4944914786448,883.451257236702,18,24,62823,2323,icmp,dns,RSTO,Benign,None
0.003331578628030685,1010.7454014696036,49.535796292586,72,3,34363,2323,tcp,ssh,SH,Malicious,DDoS
0.1164385883557969,143.40170529733052,0.0,2,0,8515,53,udp,ssl,S0,Malicious,Mirai
1.2832885923291664,609.9957021450339,52376.164071599334,23,69,28107,2323,udp,http,S0,Benign,None
0.582065358109083,2160.9417719591106,2773.7506370803294,28,14,18506,23,tcp,dhcp,REJ,Benign,None
0.7039893706900713,23.411504937414687,84.21142387244328,5,1,12449,22,udp,ssl,SH,Malicious,C&C
1.6545016399140275,13569.042738730233,248.48424466774856,5,8,37468,22,tcp,http,RSTO,Benign,None
2.862784225207454,426.50804195732087,4840.961535618308,26,20,4248,8080,icmp,dhcp,S0,Benign,None
0.5688147618323042,247.9505217777319,4791.69317700088,12,5,56820,22,tcp,dhcp,RSTO,Benign,None
0.00011688586050930903,1182.6965121303083,43.11840309899728,47,2,22828,80,icmp,-,SF,Malicious,DDoS
6.9147326388902455,107.40897962099976,155.64901239247936,2,2,36512,443,tcp,ssh,SH,Malicious,PartOfAHorizontalPortScan
0.45984458552025365,113.3878075501264,136.1642060053652,3,1,44225,8080,tcp,dns,SF,Malicious,PartOfAHorizontalPortScan
0.21027781317610972,211.00694927924266,169.4877577018258,7,5,60638,80,udp,dns,S0,Malicious,PartOfAHorizontalPortScan
0.01529807871164624,1166.458785630581,74.13393915117136,84,3,33999,23,udp,ssl,SH,Malicious,DDoS
0.8956302253583395,800.8296889435896,93.66312380516634,7,4,2584,22,udp,ssh,SF,Malicious,PartOfAHorizontalPortScan
6.818342645370009,123.21656458442612,421.05571973716434,4,1,26682,53,icmp,dhcp,RSTO,Malicious,C&C
0.14987474366858658,3265.1014139577305,2524.75638629324,19,30,9619,22,icmp,ssh,RSTR,Benign,None
0.0004093574204392867,1222.4451818559971,60.470983026121544,45,1,32884,443,udp,ssl,RSTO,Malicious,DDoS
2.7384935067701237,284.9526079120646,30.679903864882828,6,5,20366,80,icmp,dns,RSTO,Malicious,PartOfAHorizontalPortScan
0.9331347189826138,80.6531778698679,5259.826403984518,7,6,51701,23,udp,dns,RSTO,Benign,None
4.494106713425393,103.29191011607674,48.44020280363799,2,4,22951,23,icmp,http,RSTO,Malicious,PartOfAHorizontalPortScan
0.15267544511187414,1184.199018254294,435.07205616064175,21,8,43264,22,tcp,ssh,S0,Benign,None
0.5821162821281443,299.9147394767816,308.310301661962,2,41,16587,22,icmp,ssl,SF,Benign,None
0.007763241137121937,1167.8376863954036,45.48994969870073,35,4,16384,2323,icmp,dhcp,RSTO,Malicious,DDoS
0.760051222113574,608.6457844667183,3022.7963594924177,9,20,59576,2323,tcp,-,REJ,Benign,None
3.7990530026313225,71.32991529228241,246.0235213547726,4,1,24220,8080,icmp,dns,RSTO,Malicious,C&C
9.104354307988228,172.5037378864453,213.78289751261048,10,2,37511,2323,icmp,dns,SF,Malicious,PartOfAHorizontalPortScan
0.025093362000024155,1261.802871098362,51.41036655822564,23,4,43311,22,icmp,http,SH,Malicious,DDoS
1.9144460143622557,106.21788397517386,182.39797617179886,3,2,62049,22,udp,dns,SH,Malicious,PartOfAHorizontalPortScan
0.02316437086285894,1163.5797516512062,57.5287567761397,84,0,2391,8080,udp,ssh,SH,Malicious,DDoS
0.09411773648756741,109.60888902045664,0.0,1,0,39384,80,tcp,http,S0,Malicious,Mirai
0.02955136354524471,3201.5838208969603,501.3326822364527,11,44,13064,53,tcp,ssh,RSTO,Benign,None
0.00025976553942014475,1269.7737128149454,38.432557749480516,57,4,28622,23,udp,dhcp,RSTO,Malicious,DDoS
6.3314237191569545,32.047018346791916,317.0085007572839,4,2,45838,23,icmp,dhcp,SH,Malicious,C&C
3.326412744497058,139.40827694981755,62.1423290367611,2,4,32034,443,icmp,dns,SH,Malicious,PartOfAHorizontalPortScan
2.668331669795511,80.04215133005398,129.76587907547267,3,1,8076,2323,udp,http,RSTR,Malicious,PartOfAHorizontalPortScan
0.0029647096009248414,1255.1037302242537,49.803622010733186,16,0,22699,22,tcp,dns,RSTR,Malicious,DDoS
3.6198381461511664,257.878863776706,558.5080606256564,4,1,39544,22,tcp,dhcp,SH,Malicious,C&C
0.015165192957924487,1247.7553716125647,58.02901618145686,69,1,24408,443,tcp,dns,REJ,Malicious,DDoS
0.9196995746157897,84.73695816926035,279.71658131002545,4,2,12719,22,tcp,dns,RSTR,Malicious,PartOfAHorizontalPortScan
0.002969029176072476,1187.0179300266575,44.529047026128985,34,1,18751,53,icmp,ssh,S0,Malicious,DDoS
2.9510662646293433,174.78791690743265,420.9898969439056,3,1,32031,2323,icmp,dns,SH,Malicious,PartOfAHorizontalPortScan
0.00213029031859964,1304.5735132540342,38.992207171633154,50,3,51980,80,tcp,http,RSTO,Malicious,DDoS
0.010221186451568076,1128.8701375239461,56.312912832601675,76,3,36220,443,tcp,ssl,REJ,Malicious,DDoS
2.254490709542394,31.292674518232012,146.60204265582087,3,4,31161,23,udp,ssl,S0,Malicious,PartOfAHorizontalPortScan
0.010167448370236089,114.07942027033849,0.0,1,0,60470,23,icmp,http,S0,Malicious,Mirai
0.0012763907449773368,1286.531690202038,57.64096078496274,74,0,17693,22,icmp,dhcp,RSTR,Malicious,DDoS
1.8754701166073655,317.93190517950484,3094.180930757881,4,4,19816,22,udp,dns,SF,Benign,None
0.17446055471608968,153.86661333905468,0.0,2,0,38198,8080,tcp,http,S0,Malicious,Mirai
9.533325566641402,134.7911699887106,161.06843850559147,3,4,64157,8080,icmp,dhcp,RSTO,Malicious,C&C
0.0008438132920074947,1170.972545581135,38.12087191357935,11,2,8397,23,icmp,ssl,SH,Malicious,DDoS
3.2634288805457556,104.27002653389641,369.5827305460656,2,2,36322,80,tcp,dns,SF,Malicious,PartOfAHorizontalPortScan
0.002615087996881265,168.6355219481741,0.0,1,0,32846,23,tcp,dns,S0,Malicious,Mirai
1.1578937812530967,1455.7833482996168,906.94078311804,13,4,38971,2323,tcp,dhcp,RSTO,Benign,None
0.4258480371404739,1013.2530264659792,323.6212507021786,15,49,31182,80,icmp,-,REJ,Benign,None
0.15264581716563297,134.60462244238246,0.0,4,0,24315,80,icmp,-,S0,Malicious,Mirai
1.8282441654349264,84.73636952141608,244.57621670297618,9,1,33395,2323,tcp,-,RSTO,Malicious,C&C
0.06570753555993505,145.82079025335938,0.0,3,0,10980,22,icmp,ssh,S0,Malicious,Mirai
3.2825736051908034,85.94912502646238,219.59918655197734,2,2,23764,443,icmp,dns,SH,Malicious,PartOfAHorizontalPortScan
0.13359773125242264,970.3463769147011,1551.9463055696003,17,4,23444,23,tcp,-,S0,Benign,None
0.3251523674358489,3527.0521702913647,817.0023668640699,1,8,27059,22,tcp,dns,SH,Benign,None
0.31085580630223,136.61854522680167,0.0,1,0,50747,22,udp,-,S0,Malicious,Mirai
3.038924085842262,3102.3174862781307,2900.030312899323,28,5,24496,2323,udp,dns,RSTO,Benign,None
6.686259595713725,17.084208174389396,1111.412766370365,3,2,58775,53,tcp,ssh,RSTR,Malicious,C&C
0.9807236572467749,1319.0674727273831,4245.620239198845,8,7,28089,22,tcp,ssl,RSTR,Benign,None
11.458266516983969,490.06198078655615,74.91890035172867,4,2,13528,443,udp,dhcp,RSTO,Malicious,PartOfAHorizontalPortScan
0.6689918294811602,131.97323552390964,54.02278560927968,3,4,5007,23,udp,dns,RSTR,Malicious,C&C
0.5087927757418879,1066.7045684451302,621.9042916587753,2,96,28437,23,udp,http,S0,Benign,None
4.359406162201104,363.86817093541777,399.08332512804,19,17,11760,23,tcp,ssl,REJ,Benign,None
3.0859285392605713,193.62019449563238,242.4935110925409,4,3,64714,8080,tcp,-,SH,Malicious,PartOfAHorizontalPortScan
0.1301759028345342,173.4694771497065,0.0,2,0,65052,22,udp,ssl,S0,Malicious,Mirai
6.598818093235882,1480.9071015300885,435.0378605746311,2,2,19474,2323,udp,ssh,RSTO,Malicious,C&C
0.8721933524456189,115.5301992331774,145.5291651352469,5,1,17856,23,icmp,http,RSTR,Malicious,C&C
0.744821727613934,2343.0552050387564,7156.880220193357,35,32,3183,22,udp,dns,REJ,Benign,None
0.018323563658483845,1282.6994389117317,57.978026730494165,29,2,37775,53,udp,dns,S0,Malicious,DDoS
2.2967788413439005,834.609416908316,99.52051605180147,4,4,2852,8080,icmp,-,S0,Malicious,PartOfAHorizontalPortScan
0.009665039188925853,1316.6548590977006,44.27002195009054,29,0,28790,2323,icmp,-,S0,Malicious,DDoS
4.1218016030144025,1166.1973152338264,496.8887860798192,5,3,64670,23,icmp,-,S0,Malicious,PartOfAHorizontalPortScan
0.006033502607505761,172.31804106730723,0.0,2,0,14452,2323,icmp,dhcp,S0,Malicious,Mirai
1.9889190766618263,77.53538570718779,63.862950937855565,3,3,28410,2323,tcp,ssl,SH,Malicious,C&C
0.005468813099485977,1063.453797780782,62.21033695525353,24,3,58442,2323,udp,-,SF,Malicious,DDoS
0.004497860945489304,1258.2097703468617,51.40886246911204,60,4,62354,443,tcp,http,RSTO,Malicious,DDoS
3.097001065632197,25.319140075523713,9.83446152555521,2,2,27225,23,icmp,-,RSTR,Malicious,PartOfAHorizontalPortScan
1.1484210082822626,1528.392386112085,11501.876562291054,17,18,38075,80,icmp,dns,REJ,Benign,None
0.0007145090750853228,1090.2137641650777,48.99845923520047,16,2,35766,23,tcp,ssl,RSTR,Malicious,DDoS
7.496431991292298,121.06483757671278,145.27561127350813,2,0,33286,8080,udp,dns,SF,Malicious,PartOfAHorizontalPortScan
0.2683641914791203,359.2596536808413,31.107661617750313,3,4,35545,22,icmp,ssl,RSTR,Malicious,PartOfAHorizontalPortScan
4.689197140188667,42.33908170294995,66.12720102697085,3,2,24041,80,icmp,http,RSTR,Malicious,C&C
1.2900305980581885,86.32895110411744,408.3268124626003,1,3,2657,8080,tcp,http,RSTR,Malicious,C&C
0.3625031552436329,4579.4045727770745,1521.4660740962324,56,72,28757,23,udp,http,S0,Benign,None
1.2295589902644601,389.79742148267525,1131.221986410174,4,8,31597,23,udp,ssl,REJ,Benign,None
0.020446801801024365,1104.6671391741288,47.08188731084456,67,3,40985,80,tcp,dhcp,RSTO,Malicious,DDoS
4.798637099307362,229.7080583867741,2273.9646516350826,181,17,24152,53,tcp,dhcp,REJ,Benign,None
1.1393137155670654,69.97996241831997,23.7891965608027,4,3,8263,2323,tcp,ssh,REJ,Malicious,C&C
2.9674409013555865,583.1368858828245,43.43213398118221,4,1,1306,443,udp,dns,S0,Malicious,C&C
0.4513326326293516,4014.848873742722,711.4578188672734,12,96,60149,53,udp,http,RSTO,Benign,None
0.005408742270293948,1093.2467085745727,39.376064718531204,68,2,9028,80,icmp,dhcp,SF,Malicious,DDoS
0.47081931591626536,1682.9560793504463,4628.975894228572,7,4,45541,443,tcp,ssl,S0,Benign,None
3.4478678119179254,399.7509429859008,123.62065608472535,5,45,13787,8080,tcp,ssh,S0,Benign,None
0.21213815219617682,1071.8398509511835,1276.7497061861827,5,7,6457,53,tcp,ssl,S0,Benign,None
0.016409073259009224,997.0326132260418,45.229976200870404,42,3,28540,443,udp,http,RSTR,Malicious,DDoS
0.010650297759857649,1266.645031671339,47.7574484124243,67,0,64302,8080,icmp,dhcp,SF,Malicious,DDoS
0.05247662489098438,138.11646502540086,0.0,4,0,49805,23,icmp,http,S0,Malicious,Mirai
5.467898419608366,223.59103731842924,116.59919213562529,4,7,53850,443,tcp,ssh,RSTO,Malicious,C&C
3.955434494928822,191.12674880478087,139.28942130082743,3,1,9496,8080,udp,ssl,RSTR,Malicious,PartOfAHorizontalPortScan
18.01834101210615,254.89946753976164,359.5132577424506,5,7,14971,2323,udp,http,REJ,Malicious,C&C
1.2323371455939713,27.107084799980544,251.7163943906039,4,1,33832,23,icmp,ssl,SH,Malicious,C&C
1.7989732801526803,987.8696753062485,2314.0798516433238,8,39,51524,23,udp,http,RSTR,Benign,None
1.4898907101040613,357.65804204164624,2527.77166031485,3,8,17813,22,tcp,-,RSTR,Benign,None
0.0027106551971661274,1103.4502014170944,50.30161572535125,31,3,50092,53,tcp,-,REJ,Malicious,DDoS
3.5287924442783862,79.6267935234166,180.2973541219574,2,1,22283,8080,udp,ssh,SF,Malicious,PartOfAHorizontalPortScan
7.117997798463182,879.8974556325086,134.0506763729714,12,4,57068,23,icmp,ssl,S0,Benign,None
3.8501611642755864,675.2162179716296,9539.231504794763,1,3,18111,8080,tcp,-,SH,Benign,None
8.48266943184752,347.136042491825,83.4886162391337,5,2,50358,80,udp,http,SF,Malicious,PartOfAHorizontalPortScan
1.197846158771601,4820.187253393937,1028.6212251280665,11,27,43116,23,icmp,dhcp,REJ,Benign,None
0.17214778108650663,152.8973532931511,0.0,2,0,47761,443,tcp,dns,S0,Malicious,Mirai
0.00968245972363301,137.70454269686164,0.0,3,0,11675,23,icmp,ssl,S0,Malicious,Mirai
0.02842594305527841,1322.6405143870384,61.57096385463959,75,2,11082,22,udp,ssh,SF,Malicious,DDoS
0.2460028707284736,811.386704428083,1851.9262839053001,28,27,35420,8080,udp,ssh,SH,Benign,None
2.741203428218688,130.51164918458673,22.604544146646123,3,2,10452,8080,udp,http,SF,Malicious,PartOfAHorizontalPortScan
9.341184497486841,77.77131723659087,875.9516476001515,2,4,37812,8080,tcp,http,SH,Malicious,C&C
0.019488508322579454,1186.5691258529453,58.10808273159782,84,1,50170,80,udp,ssh,REJ,Malicious,DDoS
1.126096027195722,418.04778550816144,1563.6295721671136,8,11,3035,53,tcp,dns,RSTO,Benign,None
1.8641486276414165,389.4952355820417,746.6397627855964,2,2,61643,8080,icmp,dhcp,REJ,Malicious,C&C
0.0066473408226892065,1200.5492550243393,45.24294736268803,84,4,25347,443,tcp,-,S0,Malicious,DDoS
0.3487661477022617,180.5880694594385,1750.2590312656248,7,16,28758,8080,udp,ssh,REJ,Benign,None
0.0034024696489861166,1189.269785599577,54.477169258102776,31,3,28740,22,tcp,http,RSTR,Malicious,DDoS
0.02835671193861904,141.33480233024912,0.0,2,0,51615,22,udp,-,S0,Malicious,Mirai
2.2626056262587366,3040.9479747725604,7726.117149796237,5,4,31678,22,tcp,-,SH,Benign,None
2.56897347427876,175.2591342655892,446.28583616381894,8,1,50004,23,udp,ssh,RSTO,Malicious,C&C
0.2401904017398643,159.93398446473043,0.0,3,0,27445,22,udp,ssh,S0,Malicious,Mirai
3.9850161358640075,174.4011184600209,100.00322516078833,3,2,14917,80,tcp,dhcp,REJ,Malicious,PartOfAHorizontalPortScan
1.6828460953003797,281.40286666883236,71.8608077363461,4,0,3832,53,udp,dns,RSTO,Malicious,PartOfAHorizontalPortScan
2.6177327012433342,249.91539194954842,282.93454636121766,4,2,20527,2323,tcp,dhcp,REJ,Malicious,C&C
3.7542276220651862,957.90218997021,13431.39075868098,77,15,27934,2323,tcp,http,SF,Benign,None
2.565360835090209,506.29643221799773,5489.423010368347,3,4,40129,80,udp,-,SH,Benign,None
0.017805595344570473,641.8705588127665,10774.372287974571,13,25,55844,22,udp,http,SH,Benign,None
0.12040870534257973,145.54916328171203,0.0,2,0,55213,8080,tcp,http,S0,Malicious,Mirai
2.1448499864969035,62.02172236495151,165.13894219662276,3,2,23055,443,icmp,dhcp,REJ,Malicious,PartOfAHorizontalPortScan
0.554753953161594,2015.469485156934,518.5241827389871,7,33,31646,23,icmp,dns,S0,Benign,None
1.547375882270635,510.6639487355474,157.52008411298445,3,2,23197,22,icmp,dhcp,SH,Malicious,C&C
2.0872112369509677,3650.5287571151002,32.160267635282786,9,74,59955,23,icmp,-,REJ,Benign,None
8.644903569908596,512.3184236609437,188.02628198960576,6,1,6614,443,udp,ssl,SH,Malicious,PartOfAHorizontalPortScan
8.680056132260242,158.42292466715952,56.582817435612135,5,1,59632,443,udp,dns,S0,Malicious,C&C
0.32370402329413395,119.85561955351974,338.6944131367099,2,1,20032,53,udp,dhcp,SF,Malicious,PartOfAHorizontalPortScan
1.6963726067049874,809.3844101199433,177.79995286614425,3,15,44432,443,icmp,dns,RSTO,Benign,None
2.0032173348106554,1737.8773425707768,6524.799618246216,4,15,25451,53,tcp,http,RSTO,Benign,None
0.5566968910601795,158.9151845369436,274.7251517686138,5,2,55599,2323,tcp,dhcp,SF,Malicious,C&C
0.14730757351682458,140.99621470297177,0.0,1,0,10107,2323,icmp,dns,S0,Malicious,Mirai
9.497213438694287,276.49898333376893,47.520770170714385,5,2,52192,23,tcp,-,RSTO,Malicious,PartOfAHorizontalPortScan
0.014687824248068755,175.4918375058703,0.0,4,0,56645,23,tcp,dns,S0,Malicious,Mirai
4.418462790545983,2465.284027686771,798.1333950350408,2,3,3124,443,udp,dhcp,SF,Benign,None
0.03903370333975423,1235.237336687215,2115.613514068923,3,1,35856,23,tcp,dhcp,S0,Benign,None
0.03310422221009638,1180.897223739983,70.17907963833238,93,3,44815,2323,tcp,ssh,SF,Malicious,DDoS
1.7130054056974808,1361.4653767528016,2235.9939513583063,4,4,29062,22,udp,ssl,REJ,Benign,None
2.3240003157968268,92.9272759941447,174.99560183504462,3,2,48856,22,udp,ssl,SF,Malicious,C&C
0.02770645621911691,1224.39531979085,43.80065812595104,96,3,59609,23,icmp,-,SF,Malicious,DDoS
0.07863207766462899,198.14755167862438,0.0,3,0,62239,23,icmp,-,S0,Malicious,Mirai
0.09668857738679451,127.25717238927555,0.0,1,0,53940,23,icmp,dns,S0,Malicious,Mirai
0.004234135344939629,1106.0594216199484,47.659801408930186,69,0,20014,2323,icmp,ssh,SF,Malicious,DDoS
0.039362488619868075,236.59702427733748,64.38348128162582,8,1,37436,443,udp,http,S0,Malicious,PartOfAHorizontalPortScan
0.1644886302350852,153.6948115779145,0.0,2,0,32457,8080,udp,dhcp,S0,Malicious,Mirai
2.9488178371113802,232.26100195651424,215.0980673438376,3,3,22666,22,icmp,dhcp,SH,Malicious,PartOfAHorizontalPortScan
0.06557598599037061,65.20710417558345,553.8859708032998,2,5,3919,443,icmp,dhcp,SH,Malicious,C&C
0.012670232789212518,1271.9757942148183,37.06727042128836,48,0,46266,23,tcp,dns,SH,Malicious,DDoS
0.060884779438501666,42.50374824452283,271.6502318147547,5,2,44487,53,tcp,dhcp,RSTO,Malicious,PartOfAHorizontalPortScan
1.3112795092716114,494.63954001268525,4956.675475552352,4,3,26266,443,icmp,http,RSTR,Benign,None
0.010090741322397843,1191.543700085619,43.27721727812401,99,0,54545,22,tcp,-,SF,Malicious,DDoS
2.1378996459755877,539.1095952577858,1216.138226774841,2,13,21608,22,tcp,ssh,S0,Benign,None
2.276057587290307,761.6223685112043,332.84127813852484,13,67,50836,53,tcp,dhcp,S0,Benign,None
2.8114970979147214,614.1608917132577,86.94575271701683,2,3,62343,80,icmp,-,RSTO,Malicious,C&C
2.0214361812491983,268.8746455582251,737.3765102210273,7,35,26990,53,icmp,dhcp,RSTO,Benign,None
0.17417577893989622,91.50149641606646,0.0,1,0,8439,23,udp,-,S0,Malicious,Mirai
0.14504990735121404,174.95622395832493,0.0,1,0,33276,80,icmp,dhcp,S0,Malicious,Mirai
7.229635072557551,527.6781830596998,642.3971544248426,3,6,39602,8080,udp,-,SF,Benign,None
0.01354393941280624,1174.8269318007494,61.33623471859049,59,4,24088,53,udp,ssh,RSTO,Malicious,DDoS
15.385679033467836,276.7931005007802,1485.7401637782978,10,59,19399,80,tcp,dhcp,REJ,Benign,None
0.10444006191632722,169.5685438988677,25.810463119676623,5,1,44757,80,icmp,dns,S0,Malicious,C&C
0.014229802649098478,1203.33279256658,40.43823116850353,98,2,13091,80,icmp,http,REJ,Malicious,DDoS
0.025382380757120376,1308.7464174031497,59.24161823855903,66,0,20897,53,udp,ssh,SH,Malicious,DDoS
0.8177732725404557,3159.6200023965666,12165.266758133801,14,14,54336,80,tcp,-,SH,Benign,None
7.620230677285029,191.72362162343947,107.42168124364059,5,3,46838,23,udp,http,REJ,Malicious,C&C
0.07641933412324053,103.34324398951503,0.0,1,0,40218,8080,icmp,dhcp,S0,Malicious,Mirai
1.0101963870055586,4229.079049537238,1453.5204886636348,4,25,18290,80,udp,ssh,REJ,Benign,None
8.943731370964587,100.28211460567425,102.58819429382332,3,1,60746,22,udp,ssh,S0,Malicious,C&C
0.13193801039927686,158.17305622961342,0.0,2,0,24644,8080,udp,http,S0,Malicious,Mirai
1.1339698253218857,359.05499280269856,19028.962317068464,7,8,26051,80,tcp,dhcp,S0,Benign,None
7.691841596176337,226.89176423812344,125.44990732037488,4,2,11585,8080,icmp,dhcp,REJ,Malicious,PartOfAHorizontalPortScan
0.00210493036286465,1065.3237591236236,53.744806464084455,58,3,29254,53,udp,http,RSTR,Malicious,DDoS
1.694607823168569,182.5944054477781,159.0699968386399,2,2,30364,2323,tcp,ssh,S0,Malicious,PartOfAHorizontalPortScan
4.56952523879412,664.1995105307575,516.8521382447736,5,4,30255,8080,tcp,dhcp,RSTO,Malicious,C&C
0.020106294174939903,1255.1476275239522,53.40589216400497,31,3,58977,8080,icmp,ssl,S0,Malicious,DDoS
0.008744917510906712,1167.2881803411187,33.76444761976867,10,1,12707,80,tcp,http,RSTR,Malicious,DDoS
3.4461781339227047,64.43363768218352,478.8686524309019,4,3,30339,22,udp,dhcp,SF,Malicious,PartOfAHorizontalPortScan
4.7504228892607285,40.76147132151924,295.80717470669157,3,3,25968,22,udp,ssh,RSTO,Malicious,C&C
0.00015939558720784452,1102.688463977868,31.22557114763891,71,1,18592,53,icmp,http,SF,Malicious,DDoS
8.176094997440988,36.58288249708838,182.5044907984183,6,3,11127,53,icmp,dns,S0,Malicious,PartOfAHorizontalPortScan
12.676787293516332,433.97114589008595,1577.9352926176987,2,1,27317,22,udp,dns,SF,Malicious,C&C
0.009949206573550218,1283.070985049609,39.826760922025954,49,3,29297,23,icmp,-,S0,Malicious,DDoS
3.4830063304143035,679.2226229265972,208.45923344487707,4,13,30517,23,icmp,ssl,S0,Benign,None
0.02311804426902159,2292.2549733100604,2349.7752973628203,8,5,35824,443,tcp,ssh,SH,Benign,None
8.757545187731575,577.9061122712316,116.84827583396809,7,1,64152,22,icmp,ssh,RSTR,Malicious,PartOfAHorizontalPortScan
12.254755242514166,130.91467040295427,206.0006912073335,3,0,20262,80,tcp,-,SH,Malicious,PartOfAHorizontalPortScan
0.17653392352185096,156.16521681124985,0.0,1,0,33878,80,tcp,dhcp,S0,Malicious,Mirai
0.00013339611821447378,984.3399303367212,46.32771009669505,96,4,24223,8080,icmp,dhcp,SF,Malicious,DDoS
0.013494848174792563,1016.3825535567502,50.98462817074203,27,0,42704,8080,icmp,-,SF,Malicious,DDoS
0.2590682500517013,3363.500226535065,15967.687539578115,47,10,57354,8080,udp,ssh,SH,Benign,None
0.8179640696196492,782.4826222262534,5843.204566741685,36,12,20768,8080,icmp,dhcp,REJ,Benign,None
1.1386900595930372,185.3848875195615,252.19215261950058,2,2,1262,22,udp,dns,SF,Malicious,C&C
0.07180235623839926,151.1325690362434,0.0,1,0,59716,443,tcp,-,S0,Malicious,Mirai
7.491480016074622,414.7577411449678,204.43032032211457,2,6,65052,22,udp,http,RSTR,Malicious,C&C
2.6284424907045136,3137.2287348783557,10210.163818857478,22,12,28072,53,udp,ssl,SF,Benign,None
1.4289941337585936,763.749695411885,18453.002290767377,6,13,44973,8080,udp,http,SH,Benign,None
3.262522873823987,262.9274309559105,70.19074125338636,3,4,12336,22,icmp,dns,SH,Malicious,PartOfAHorizontalPortScan
0.5871853459960933,112.46894587916252,0.0,3,0,50178,8080,tcp,dhcp,S0,Malicious,Mirai
0.006240662164664813,1261.9711445966136,58.97066196887132,39,2,34689,8080,icmp,dhcp,RSTO,Malicious,DDoS
0.14819667289838775,175.49750082557443,0.0,3,0,55343,80,icmp,ssl,S0,Malicious,Mirai
0.07362074918022438,176.7672746289277,0.0,4,0,21200,53,udp,dns,S0,Malicious,Mirai
0.0021688219446083686,1087.0349770399519,52.96575545140762,26,2,51988,443,tcp,ssh,RSTO,Malicious,DDoS
0.017016777335054287,159.26369590535168,0.0,2,0,37308,22,tcp,dhcp,S0,Malicious,Mirai
0.0024196027699254995,1285.064766778225,48.43257924217724,53,2,37070,80,icmp,http,RSTR,Malicious,DDoS
15.910048502604043,700.052298640189,17.006900212977836,9,3,13250,8080,icmp,dns,S0,Malicious,PartOfAHorizontalPortScan
1.2439416542047597,2692.651987830348,432.8965478646808,14,21,25055,2323,udp,-,RSTO,Benign,None
0.00459415424719779,1153.9923745866502,49.336123824100284,72,4,21908,53,udp,-,RSTO,Malicious,DDoS
0.00560339680604068,1206.7990907581166,35.68777244033126,38,4,29925,443,udp,dns,SH,Malicious,DDoS
0.3481220362865055,474.09076344778833,65.93984459405864,4,3,38252,53,tcp,dhcp,RSTR,Malicious,C&C
0.27870959114791277,1054.3636750950038,2436.3464105949747,11,51,15358,23,icmp,-,RSTR,Benign,None
12.420732792197821,52.892704605942576,451.85462678512886,3,1,25017,53,udp,dhcp,SH,Malicious,C&C
0.049526992279368756,153.87138798507155,0.0,3,0,11946,443,tcp,-,S0,Malicious,Mirai
10.140351193447696,81.23239754771419,33.55091136642983,2,5,6020,53,tcp,ssl,REJ,Malicious,C&C
6.27808801792394,573.1433805570509,82.07586843691023,3,7,47670,8080,udp,http,S0,Malicious,PartOfAHorizontalPortScan
3.469331657590699,89.50131301555541,451.66760864626474,5,1,11090,80,icmp,-,RSTO,Malicious,C&C
0.006072851152877793,1286.7632083906135,59.52598394648906,23,1,45459,443,tcp,ssl,SH,Malicious,DDoS
3.033677309006522,238.3387871074068,267.63110186126625,4,3,37900,22,icmp,ssh,RSTO,Malicious,C&C
0.008181526121947736,152.68945684125825,0.0,3,0,25543,23,udp,dns,S0,Malicious,Mirai
12.365220381489673,37.03321785796278,280.45395169913365,5,6,18383,22,tcp,dns,SH,Malicious,PartOfAHorizontalPortScan
0.05891763984102353,1228.8653930807484,50.74776267921968,17,4,4829,8080,icmp,-,SF,Malicious,DDoS
5.5328484624038055,107.25054360042158,286.104592105853,6,3,18502,23,tcp,ssl,SF,Malicious,C&C
0.6254860967991647,199.8939016265092,1488.8755810926434,5,35,26503,22,icmp,ssl,S0,Benign,None
0.8729727199505648,2568.4791030599954,28306.791960598835,7,4,35081,8080,udp,ssl,SF,Benign,None
0.006154161715059916,1291.5390275560162,44.504597254044654,62,1,50952,8080,udp,http,SF,Malicious,DDoS
0.015008045438400286,1158.5878832054455,58.05890228547826,72,4,44880,80,udp,ssh,RSTO,Malicious,DDoS
3.182580670876638,313.22552839205264,1049.8664590314413,5,5,32504,53,icmp,-,S0,Malicious,PartOfAHorizontalPortScan
0.014373643485470058,1175.661602062498,47.00161803725119,90,0,2276,8080,icmp,ssl,REJ,Malicious,DDoS
0.02611397580185179,108.06648602860409,0.0,4,0,53434,8080,udp,dhcp,S0,Malicious,Mirai
0.49361724733901113,2601.3656199687575,5784.7418210074975,5,18,7879,2323,tcp,dhcp,REJ,Benign,None
0.2795160929156949,146.183173627133,0.0,4,0,50874,23,udp,dhcp,S0,Malicious,Mirai
22.33646226002932,1771.1590091597448,1432.5053668846672,6,3,16940,2323,tcp,-,SH,Malicious,C&C
0.030838845979475695,122.36009354813619,0.0,4,0,4153,443,tcp,http,S0,Malicious,Mirai
7.704520792556158,190.54753845248132,311.7347931486345,5,5,57854,80,udp,ssh,S0,Malicious,C&C
0.17576656392285078,162.14490907366812,0.0,1,0,30890,22,udp,-,S0,Malicious,Mirai
0.009548474309407133,1202.1280437104062,58.86732359554542,62,3,57245,80,icmp,http,REJ,Malicious,DDoS
0.002528874391132039,118.93735893262341,0.0,3,0,64651,80,udp,http,S0,Malicious,Mirai
0.11894936429826759,143.97005272958253,0.0,3,0,37095,443,tcp,ssh,S0,Malicious,Mirai
1.1835599973862445,458.38617614537526,177.43254657477615,2,1,26092,53,icmp,ssh,SF,Malicious,C&C
0.042324790726652274,160.10808546861995,0.0,4,0,11258,80,tcp,ssh,S0,Malicious,Mirai
0.00966573818127815,1219.5845247010686,51.609789471789995,95,1,56496,53,udp,ssl,S0,Malicious,DDoS
0.04260035498869449,200.67032330693053,0.0,4,0,51693,53,udp,http,S0,Malicious,Mirai
1.5126151245955821,402.04760844697853,93.08421497542537,4,2,45547,53,udp,ssh,RSTO,Malicious,C&C
1.1837623701721773,210.81196281434856,3025.467532572413,59,9,10521,23,icmp,dhcp,RSTR,Benign,None
0.6096909978163909,448.9224619027806,132.41498642621175,5,1,33750,2323,icmp,ssh,RSTR,Malicious,PartOfAHorizontalPortScan
0.005799221551065083,1214.7540911865328,50.769884197248935,30,0,30547,80,icmp,ssl,SF,Malicious,DDoS
0.012434348589342973,156.3880246719116,0.0,2,0,55219,2323,udp,-,S0,Malicious,Mirai
0.04387090880633046,152.58635196300253,0.0,3,0,41071,23,tcp,dns,S0,Malicious,Mirai
0.017202634301559865,1390.9418652293493,58.09889321661117,76,1,11401,80,icmp,dns,RSTR,Malicious,DDoS
0.01514074674539855,1126.8457430380342,47.51641973587876,78,0,31290,443,icmp,ssh,RSTR,Malicious,DDoS
0.007599108441883163,1025.5669280721743,55.82244477563761,70,4,63925,23,icmp,dhcp,REJ,Malicious,DDoS
0.027452992962283734,150.46659017294354,0.0,2,0,22055,22,icmp,dns,S0,Malicious,Mirai
0.22802715668182666,140.64801319010007,0.0,3,0,10448,8080,tcp,dns,S0,Malicious,Mirai
0.08148868277478213,155.65577392967353,0.0,4,0,1613,22,udp,http,S0,Malicious,Mirai
7.174978495283768,110.97325836388019,72.63780146027233,5,2,1430,80,udp,-,SH,Malicious,PartOfAHorizontalPortScan
1.436891675899882,185.99097254136763,486.7346836369162,6,3,59853,22,tcp,dns,RSTO,Malicious,C&C
0.09007920935364258,887.7806927348328,14013.857967032698,29,26,56441,23,icmp,ssh,REJ,Benign,None
0.3277073070702632,128.16777610743583,0.0,3,0,38687,23,tcp,http,S0,Malicious,Mirai
1.003113227188961,203.86403188304004,106.3929798223409,3,2,26907,22,udp,-,SH,Malicious,PartOfAHorizontalPortScan
1.8774699039103948,15.546999977292858,76.46296849145142,2,1,20253,443,udp,ssh,SF,Malicious,C&C
2.5393815028098192,382.9805175445706,129.6567706066767,4,2,19461,443,tcp,-,RSTR,Malicious,PartOfAHorizontalPortScan
0.023185417793393896,1233.7933720634662,47.496013526299144,72,2,53353,53,udp,http,RSTR,Malicious,DDoS
0.013033175780816855,1330.8011915661777,38.21183359775203,79,2,41493,80,icmp,ssl,SF,Malicious,DDoS
0.04638965239229588,1207.3434519241118,46.63621336889596,96,0,64017,80,icmp,ssh,RSTR,Malicious,DDoS
0.2181423922764327,147.90573482749323,0.0,3,0,13341,80,icmp,dns,S0,Malicious,Mirai
4.564871852436246,73.44375463711462,2227.413447017484,4,35,41697,443,tcp,http,S0,Benign,None
5.92272112605701,5741.105766961761,591.2236612422225,4,5,48248,443,icmp,-,RSTR,Benign,None
2.4952685018443055,56.61562075161669,159.60157036218138,3,2,17483,23,icmp,http,REJ,Malicious,C&C
1.6095679171834023,142.9406279694878,53.54346733716421,5,2,13229,2323,udp,dns,S0,Malicious,C&C
3.2761769497430455,2392.442997127088,1031.2852901005715,4,11,27484,2323,tcp,dhcp,REJ,Benign,None
5.435340018576824,60.54323710532417,213.40297896179212,4,2,16814,8080,icmp,dhcp,S0,Malicious,PartOfAHorizontalPortScan
0.14277871213455,185.3565811681036,0.0,4,0,25884,23,udp,-,S0,Malicious,Mirai
0.2917508476068961,134.74395258211595,97.90847092079106,2,3,42813,8080,udp,dhcp,S0,Malicious,C&C
0.7476768099354351,2597.8342849052083,4967.947913275665,5,18,18719,23,udp,ssl,RSTO,Benign,None
1.5320910527594784,1402.3389875394007,35.53035313407529,26,7,11092,22,tcp,ssl,SH,Benign,None
2.6482626810245047,23.663363601460173,67.72865513471213,5,3,24877,2323,tcp,dns,REJ,Malicious,C&C
7.559666651918516,288.14036190930693,71.93431909907488,4,2,59499,53,tcp,ssh,RSTR,Malicious,C&C
3.7531610677507516,3581.3448557724496,509.24981861970315,40,56,30351,443,udp,ssh,REJ,Benign,None
0.0927863403630786,294.0272415610026,140.4080235690038,5,1,59765,443,udp,ssl,SF,Malicious,PartOfAHorizontalPortScan
0.2602342581842191,568.4140811410729,4981.701451248121,2,67,57416,23,udp,-,SH,Benign,None
3.6905187486572606,5061.240085029934,2583.943448176761,25,31,64501,53,udp,http,S0,Benign,None
0.16397883674180597,126.64999281305947,0.0,3,0,17687,22,udp,dns,S0,Malicious,Mirai
0.2727524251870566,1512.5473769949942,5242.1272860250165,11,14,60076,23,udp,-,S0,Benign,None
1.8400257450201274,130.02892762274695,215.67409052866418,5,1,9068,53,tcp,ssl,SF,Malicious,C&C
2.008668554180705,1820.9879993175025,2085.6468908896954,8,5,8172,2323,tcp,ssl,RSTR,Benign,None
8.904641684810152,479.50621001783776,187.06308679964383,4,2,50791,53,udp,ssl,SF,Malicious,C&C
2.4905415317052366,458.077740845021,425.70028402396224,4,13,1959,22,icmp,http,RSTR,Benign,None
0.44446419545465066,109.89717228439581,17.246624710769744,5,1,16984,2323,tcp,http,RSTR,Malicious,C&C
0.005871732555080489,1350.3419828428998,60.68959535275138,29,2,19648,2323,icmp,ssh,SH,Malicious,DDoS
5.581447001277347,162.58294037130136,46.835875951157206,5,3,64162,22,tcp,http,S0,Malicious,C&C
0.016301288492917412,1106.20744234636,51.17884506103355,22,3,53688,8080,tcp,ssl,SF,Malicious,DDoS
1.3233532662280014,125.04191576291413,196.3915284934993,2,1,45974,53,tcp,-,SH,Malicious,C&C
3.5725552450089864,1333.429068401505,2875.650090924852,12,18,20065,53,tcp,ssl,REJ,Benign,None
0.7356766328764053,916.3455231371374,10451.41943221948,10,18,54133,2323,udp,dhcp,RSTO,Benign,None
1.0532109527205673,537.2712666827699,245.37420849478792,7,3,62509,22,icmp,-,RSTO,Malicious,C&C
0.12110224417773462,145.14637446375934,0.0,1,0,44147,8080,tcp,http,S0,Malicious,Mirai
0.0053150417188266175,1221.8025092132566,40.21185753918861,66,1,18328,8080,tcp,dhcp,S0,Malicious,DDoS
0.10732434698001364,126.9333519358851,0.0,3,0,63085,80,udp,dhcp,S0,Malicious,Mirai
5.223937935496715,27.457947511718388,176.35989814037546,4,9,46460,443,icmp,-,SH,Malicious,PartOfAHorizontalPortScan
0.0049715688566068115,1145.7717662237335,55.05965553455865,52,1,51459,80,tcp,http,RSTO,Malicious,DDoS
1.7206792628377676,529.3912691015206,15659.77554669025,5,6,39194,8080,udp,http,RSTR,Benign,None
1.1339860611906358,1185.7645826944972,958.6392807162628,9,41,8861,8080,tcp,ssh,REJ,Benign,None
0.003666852837797014,1231.7146984710475,55.95787801599359,67,1,36438,443,udp,ssl,S0,Malicious,DDoS
1.2679410119749779,396.46786007511867,5421.039010594293,5,3,18677,22,udp,ssl,SH,Benign,None
0.2835411294480137,3473.592193783452,59120.31911199951,4,8,19714,2323,tcp,http,REJ,Benign,None
0.005844315223719653,1185.297457656915,53.25840852147925,97,1,20651,2323,udp,-,S0,Malicious,DDoS
0.05346762491288786,174.16695635147127,0.0,4,0,23390,8080,icmp,http,S0,Malicious,Mirai
0.04249039231846354,1692.805042178603,5657.29189565342,4,31,12730,443,icmp,http,SF,Benign,None
0.8918474329972349,88.48357275472392,85.78409737458107,3,2,52846,8080,icmp,-,REJ,Malicious,PartOfAHorizontalPortScan
3.2164060109141612,426.47109929213957,2323.2515893355926,3,2,7494,2323,icmp,dns,RSTO,Malicious,C&C
5.186252842440848,91.10445303372735,337.29802420384544,2,2,3960,2323,tcp,dhcp,SF,Malicious,PartOfAHorizontalPortScan
0.7690002775422554,394.5774911181499,18.07180625101768,5,5,30874,2323,tcp,ssh,SF,Malicious,C&C
0.04468891437304095,1252.901629989211,50.56954440254898,54,4,41668,80,tcp,ssl,SH,Malicious,DDoS
1.7719936147904578,791.1963056116373,963.164110719277,6,52,61550,80,udp,dns,S0,Benign,None
10.369577557225977,90.3731931489997,269.2510074097046,2,1,44918,8080,icmp,-,S0,Malicious,C&C
3.3263970986866926,2802.636095557917,748.5457564370123,11,2,46771,22,udp,ssh,S0,Benign,None
0.30161642322359905,3942.296378772257,107.20809308349111,13,2,23861,8080,tcp,dns,REJ,Benign,None
0.2854552087000837,4307.437599257632,516.4035106477651,1,8,34973,22,icmp,ssl,RSTR,Benign,None
3.1908319232787976,1206.9399903107662,731.0211495975232,4,1,30375,53,icmp,http,RSTR,Malicious,C&C
5.9364490355723625,587.8644828659014,202.98501123057258,4,5,14924,80,icmp,dhcp,REJ,Malicious,PartOfAHorizontalPortScan
0.12572778788833228,433.3858025146797,6985.805723874005,4,3,45386,80,tcp,dhcp,RSTR,Benign,None
1.7581238645753365,449.7903115778845,2716.8811736053253,18,102,8060,22,udp,-,REJ,Benign,None
0.045645971860001654,1378.9459586176376,14935.21339912405,10,31,48018,2323,tcp,ssl,SF,Benign,None
0.008489194230948065,1142.7805929706556,42.09987197918924,64,1,16929,80,udp,ssh,SF,Malicious,DDoS
4.778027384912371,159.37401729649304,40.71075771301156,2,1,60147,22,tcp,dns,SH,Malicious,PartOfAHorizontalPortScan
8.013696500504556,1485.6961839272237,33.80321028619508,6,4,36364,23,icmp,http,RSTR,Malicious,C&C
0.2523677026024477,207.71043347838824,118.21721531936383,2,1,12796,443,tcp,http,REJ,Malicious,PartOfAHorizontalPortScan
0.0027320915761273597,1279.1796412803471,57.85812009296809,11,3,18198,2323,tcp,ssl,RSTR,Malicious,DDoS
2.3416023086688256,95.11680412333716,60.13782687386379,3,3,1755,443,tcp,-,SH,Malicious,C&C
1.1570192203331486,417.74193303210035,35.86652404884134,5,2,21887,80,udp,ssh,S0,Malicious,C&C
0.020188779960316126,147.52534639800487,0.0,3,0,27952,80,icmp,ssh,S0,Malicious,Mirai
4.581051903775289,234.58209453486134,2753.8427141805173,2,1,62981,443,icmp,dns,RSTO,Malicious,PartOfAHorizontalPortScan
0.11067159878450211,167.6529615402624,0.0,3,0,49689,2323,udp,http,S0,Malicious,Mirai
0.3899071578748647,1081.0040167836335,2452.3844017473507,10,7,52070,8080,udp,ssl,REJ,Benign,None
21.548758378380622,69.39584149421376,177.3130486838836,6,5,62850,8080,udp,ssh,SF,Malicious,C&C
1.2276648776681263,254.4601183838773,394.7963008244141,2,6,36004,80,icmp,http,REJ,Malicious,C&C
0.12357690627371098,174.36389423508513,0.0,3,0,49246,80,icmp,-,S0,Malicious,Mirai
0.0036571712565049487,1305.7368305378225,44.8591694728614,36,1,57123,2323,icmp,dns,S0,Malicious,DDoS
0.7084201234713695,890.391136978568,1357.1598905001763,29,19,47549,2323,icmp,dhcp,RSTR,Benign,None
0.058100649247137204,150.7889409648148,0.0,1,0,17398,2323,tcp,dns,S0,Malicious,Mirai
8.118673990418646,914.6586456009361,2541.461266096959,20,67,38227,22,tcp,dhcp,SH,Benign,None
5.231244208494754,44.714707378688686,14.641443992418335,5,1,50772,2323,icmp,-,S0,Malicious,PartOfAHorizontalPortScan
1.5028456666959844,66.89075321324351,2096.7503771822235,4,11,25301,8080,tcp,http,RSTR,Malicious,PartOfAHorizontalPortScan
0.20890271634654548,131.5242712761408,0.0,1,0,1239,23,udp,ssh,S0,Malicious,Mirai
4.8554590693818245,319.7297387434944,82.60517473451573,4,5,53196,80,icmp,ssh,REJ,Malicious,PartOfAHorizontalPortScan
9.882464357690331,94.80056637849721,120.00951965447774,6,2,14953,2323,tcp,dns,SF,Malicious,C&C
24.227070263269304,199.60979568566506,55.95982221113574,6,3,20607,23,udp,http,RSTO,Malicious,PartOfAHorizontalPortScan
0.7368240883327365,85.37720652333977,38.89393261156829,3,1,9019,53,tcp,dhcp,SF,Malicious,PartOfAHorizontalPortScan
0.1649560389611073,147.7802605645653,0.0,3,0,7592,443,udp,ssh,S0,Malicious,Mirai
0.7066476378093409,386.6122703201576,513.7051022847415,12,8,2325,53,icmp,dhcp,S0,Benign,None
12.00813383357463,241.04925531853874,92.96079240037905,2,2,17586,80,tcp,ssl,S0,Malicious,C&C
3.847515031146406,1105.3089688581908,1829.1074996827153,7,16,20806,23,tcp,ssl,REJ,Benign,None
2.809217426658187,9288.392165401068,447.8406866576347,3,23,51280,22,udp,-,RSTO,Benign,None
0.8466708593202987,63.02312752461362,163.64024279074334,2,1,6422,2323,tcp,ssl,SF,Malicious,PartOfAHorizontalPortScan
0.868738846786406,1914.6771432162486,2437.631708333507,12,8,41568,2323,icmp,ssl,REJ,Benign,None
0.014608885107820211,1343.4540208717003,63.83980491172017,50,0,62102,2323,udp,-,S0,Malicious,DDoS
0.0007153567694042991,1075.0604796940472,38.920169579570924,15,1,36422,443,icmp,dns,REJ,Malicious,DDoS
0.001418731918579913,1138.5676855903705,42.90211007766465,51,2,15295,23,tcp,dhcp,RSTO,Malicious,DDoS
0.12471086507746783,147.4093718455513,0.0,2,0,58497,2323,icmp,dhcp,S0,Malicious,Mirai
2.303204305416183,274.44281375718117,1722.8601979959421,7,4,53413,80,icmp,-,SF,Benign,None
0.5268871578217953,1980.9845384738994,1848.368975171346,22,26,20291,80,udp,http,SF,Benign,None
2.7062307129804157,609.6351527659533,13427.68831596962,9,58,36113,443,udp,dhcp,S0,Benign,None
0.44944907115913907,12261.472548123758,2984.134942590575,7,65,33387,80,tcp,-,S0,Benign,None
10.303133696331638,862.3810206645162,144.50423062990114,2,1,16816,443,icmp,ssl,RSTR,Malicious,C&C
4.032234897239235,357.40955391229744,81.2335318254619,2,4,24624,2323,udp,http,S0,Malicious,C&C
0.013533521142439284,1106.385071072909,54.29340822801734,71,0,40496,80,tcp,dhcp,SH,Malicious,DDoS
0.009654923135560732,1237.9639648385964,71.02436676981839,87,2,20121,443,udp,-,RSTO,Malicious,DDoS
0.04788133378126487,144.87580855720032,0.0,3,0,6579,23,udp,http,S0,Malicious,Mirai
3.2227407989216728,157.55393394184676,383.5703009012238,2,4,44641,23,udp,dhcp,RSTO,Malicious,C&C
0.8862130649317315,376.4515459864671,277.14068414551224,12,7,2323,53,udp,dns,SF,Benign,None
4.2614564678911675,517.7564203626807,39.14303896919382,3,1,46202,8080,udp,ssl,SH,Malicious,C&C
1.1596199416599886,586.8674085865982,49.561492065397886,5,2,65092,2323,icmp,ssh,SH,Malicious,C&C
0.03375360350966372,183.34124872284352,0.0,1,0,28938,8080,icmp,ssh,S0,Malicious,Mirai
0.003079953768217624,1212.1507296840743,40.521852448715535,43,0,7689,443,tcp,ssh,SH,Malicious,DDoS
1.316618268713003,2009.1327028618484,14039.253082292747,21,15,33810,443,icmp,dhcp,REJ,Benign,None
0.42644428615548546,2668.2329705899565,15904.694334188873,34,10,3591,443,udp,dns,SH,Benign,None
0.02977040937481969,200.03290070270225,0.0,4,0,24028,443,udp,-,S0,Malicious,Mirai
8.176775687759053,116.08639797945038,351.29792863604484,5,1,22821,8080,udp,dns,RSTR,Malicious,PartOfAHorizontalPortScan
0.2546851653845244,81.63349594167148,175.73895087811655,5,1,9108,8080,udp,dhcp,S0,Malicious,PartOfAHorizontalPortScan
7.63929495779192,112.15652898589511,751.9257166614877,4,2,15273,443,icmp,http,REJ,Malicious,PartOfAHorizontalPortScan
0.2709292223847981,137.1304493927067,83.16910047837015,3,3,24480,22,icmp,dns,SF,Malicious,C&C
0.8498980456389948,303.94750073854703,21502.49409198989,19,16,17716,443,icmp,ssh,S0,Benign,None
0.08315816775419849,113.46679965981554,0.0,1,0,17219,443,icmp,dns,S0,Malicious,Mirai
0.14178946745737334,152.82014959398074,0.0,2,0,23247,80,udp,ssh,S0,Malicious,Mirai
1.329641569647941,1345.820148994127,9403.313622961072,2,17,60188,53,udp,-,SF,Benign,None
11.834739184447434,185.92286599455454,789.1778562584727,4,4,32382,22,udp,dns,RSTO,Malicious,C&C
8.098407756131614,169.8765301373501,43.47841718908497,4,1,22696,22,icmp,dhcp,RSTO,Malicious,PartOfAHorizontalPortScan
1.7902817713168635,262.9611436009347,73.35213156731052,2,2,62489,22,udp,ssl,REJ,Malicious,C&C
0.3202396994422136,820.5399181839862,1732.8993587024577,5,54,7503,2323,tcp,-,RSTR,Benign,None
0.9629638149579899,85.08766964376333,3685.497378710019,29,55,17506,22,tcp,ssl,RSTO,Benign,None
5.644593109592982,259.4725495718245,124.69233586985956,2,1,12855,80,tcp,dns,RSTR,Malicious,PartOfAHorizontalPortScan
0.01599477854990731,1186.783064435563,50.72278965384289,92,2,52745,23,icmp,dns,REJ,Malicious,DDoS
2.597217873285023,284.6740986225569,39.68352596663244,5,3,40874,53,udp,ssl,SF,Malicious,C&C
0.08990801619584043,127.74738877523723,0.0,2,0,63694,23,icmp,dns,S0,Malicious,Mirai
0.9220215888220946,1061.3635018464915,909.5257145831104,11,74,57433,80,tcp,dns,S0,Benign,None
1.658614502443905,329.30427873179474,31.975859815128373,4,2,45422,53,udp,ssl,SF,Malicious,C&C
4.362208191713996,626.773405515429,217.3066766455911,4,1,16363,8080,tcp,ssl,S0,Malicious,C&C
9.93739838116295,10.689584574724428,69.00576279937574,3,0,13150,23,tcp,dhcp,S0,Malicious,PartOfAHorizontalPortScan
0.12844800312954996,4103.664615918092,1317.451710980173,19,14,27684,22,icmp,dhcp,RSTR,Benign,None
0.0719881153314074,99.01153888830605,0.0,4,0,16179,53,udp,dhcp,S0,Malicious,Mirai
2.0227986642481524,124.5393268204026,242.6222354876899,3,3,46028,2323,tcp,ssl,RSTR,Malicious,C&C
20.586505250561608,56.13994559270899,396.3586498276218,3,1,4540,8080,udp,dhcp,REJ,Malicious,PartOfAHorizontalPortScan
7.175110418121385,126.4799727136306,378.60904030179495,2,10,12553,2323,udp,http,RSTR,Malicious,C&C
0.09546931403682533,89.84735320612485,0.0,2,0,62488,23,icmp,dns,S0,Malicious,Mirai
6.07911408864342,1941.4286648682346,6842.675373528333,18,42,41186,80,tcp,dns,SH,Benign,None
0.006603397695936578,156.7398582178881,0.0,4,0,22963,23,icmp,-,S0,Malicious,Mirai
0.5987292905797603,3421.402462312941,1228.415295078879,14,15,9719,2323,tcp,dhcp,REJ,Benign,None
7.76058618064987,153.07460513106827,96.43344842697907,5,4,32580,2323,udp,ssh,RSTO,Malicious,PartOfAHorizontalPortScan
0.5100460351670186,137.4981364237782,128.05763491900237,3,2,60329,80,icmp,http,RSTO,Malicious,PartOfAHorizontalPortScan
0.9344348818922593,31.09247080051799,45.628856551756364,6,2,51095,23,tcp,dhcp,REJ,Malicious,PartOfAHorizontalPortScan
8.30309668864543,69.44210185849636,72.15491776214348,2,2,35642,8080,icmp,ssh,RSTR,Malicious,PartOfAHorizontalPortScan
0.16590487381592509,2898.9121321627536,21060.4080748471,6,21,27207,8080,udp,dns,SH,Benign,None
0.7044340754543663,253.9558673828501,30.848000754236622,2,3,14514,53,icmp,ssl,S0,Malicious,PartOfAHorizontalPortScan
1.950343835781192,86.17732364311851,69.26257486316719,3,2,53558,23,udp,ssl,RSTO,Malicious,PartOfAHorizontalPortScan
0.2966568258238612,151.7024411459563,0.0,2,0,46665,2323,tcp,http,S0,Malicious,Mirai
0.013559117461225826,731.3948404958934,104.15156667300418,5,2,49649,8080,tcp,ssl,SH,Malicious,PartOfAHorizontalPortScan
5.810796451117448,148.1151993497577,106.41485501040196,6,3,25429,443,udp,dns,RSTO,Malicious,C&C
0.8548765618147648,923.8439527062085,10113.610277514843,66,9,55824,23,tcp,ssl,RSTR,Benign,None
0.4904024157113892,555.297527852901,419.4504183433851,2,7,59559,8080,tcp,dns,SF,Benign,None
0.013727986577583498,1273.1955502509845,44.43071192315038,90,0,36609,80,tcp,-,RSTO,Malicious,DDoS
2.936589405285726,76.70508805565976,464.1990350045295,10,0,54133,22,icmp,ssh,S0,Malicious,PartOfAHorizontalPortScan
2.5618236018603464,435.1558648227527,3929.2315819878313,3,8,52766,53,tcp,dns,REJ,Benign,None
0.013308964527019946,184.94752719419813,0.0,4,0,44472,443,udp,dhcp,S0,Malicious,Mirai
1.2142165494423658,662.907794093992,814.9255735904945,2,31,37887,8080,tcp,ssl,SF,Benign,None
7.2360902834302525,332.93808746281854,80.04137570474427,4,2,10613,22,tcp,-,RSTR,Malicious,C&C
2.828262250499536,179.73667294326816,60.73216841169331,13,1,19340,80,icmp,dns,S0,Malicious,C&C
0.2764245363091593,2371.1201306986623,21129.81050155633,20,3,58265,2323,tcp,ssl,RSTR,Benign,None
0.9777905559768904,1741.9191021648999,30.910834495753747,16,14,29877,22,tcp,ssh,SH,Benign,None
0.6118318860122791,1511.5282607268894,2328.9167995487064,16,21,57054,8080,icmp,ssl,SH,Benign,None
5.211284556163474,211.09123727564014,62.06792264700781,3,2,18482,443,icmp,dns,REJ,Malicious,C&C
0.01954257917389161,1347.9986413180657,48.10607557489297,40,1,36977,23,tcp,dns,RSTR,Malicious,DDoS
0.3965680263064023,170.77873522872866,0.0,1,0,4076,443,tcp,dhcp,S0,Malicious,Mirai
0.010994205708518804,1253.0502574167933,54.29132861522295,22,2,17556,443,udp,-,SH,Malicious,DDoS
2.7348629693785442,72.4785873313285,202.52395802740438,2,2,14584,22,udp,dns,SH,Malicious,PartOfAHorizontalPortScan
4.366576211608102,482.4843086109606,90.47146703670862,3,4,51023,8080,udp,dns,S0,Malicious,C&C
0.7912440924576999,1475.2414326477399,15398.223961418526,2,26,28891,2323,udp,dhcp,RSTR,Benign,None
1.668964746885889,600.9976381292706,49.58055078171863,5,3,16982,443,icmp,dns,RSTO,Malicious,PartOfAHorizontalPortScan
0.09219474569614466,177.17803029479074,0.0,2,0,61765,22,udp,-,S0,Malicious,Mirai
5.5864026538952105,283.44280715413834,147.82347871110025,3,2,14060,8080,udp,dns,RSTO,Malicious,PartOfAHorizontalPortScan
0.4911078458353089,666.7343118074588,3641.7624831527296,6,13,6601,53,icmp,dhcp,REJ,Benign,None
0.0026511092308046224,1247.1862338031008,41.17034601553224,20,0,25422,443,icmp,http,REJ,Malicious,DDoS
20.703868727959165,52.946769973070516,52.26806589626728,5,1,15674,2323,tcp,ssh,RSTR,Malicious,C&C
0.5461458554704888,296.03351850969074,193.5657006673952,4,2,6171,22,tcp,dns,SF,Malicious,C&C
0.004089949315756838,1253.3703200968637,76.92378587646971,92,0,61764,53,icmp,dhcp,SH,Malicious,DDoS
3.6653983403596118,466.57070113073627,3427.356109556617,4,8,51663,80,icmp,-,RSTO,Benign,None
4.9541826635734845,392.5318351939592,132.88238358126347,5,3,7117,80,tcp,ssl,RSTO,Malicious,PartOfAHorizontalPortScan
2.3145076577482615,684.902568100574,1763.5449672691032,6,22,45352,53,udp,dhcp,REJ,Benign,None
1.858006731766436,214.9083998085827,266.2176391226402,3,2,31752,8080,tcp,dhcp,RSTO,Malicious,PartOfAHorizontalPortScan
0.029726430388876835,178.99707039546698,0.0,1,0,37808,23,udp,dhcp,S0,Malicious,Mirai
10.145751315574357,35.6545807623661,336.56920048304767,3,6,51251,22,udp,ssh,REJ,Malicious,C&C
0.2917768038548184,475.824758346851,1394.2275141587634,4,10,32386,443,udp,ssl,RSTR,Benign,None
19.918490454528396,90.12835426268086,45.74295941131695,7,2,2492,8080,tcp,dns,S0,Malicious,PartOfAHorizontalPortScan
0.5586560283554074,2518.9987652565146,2316.699411331529,2,15,4919,53,icmp,ssl,S0,Benign,None
4.364210336002726,79.49916984697131,389.32520838034463,4,1,61225,23,tcp,dhcp,SH,Malicious,PartOfAHorizontalPortScan
0.8386373967168377,29.777772696221493,109.77116342082425,3,1,3037,443,icmp,dns,S0,Malicious,PartOfAHorizontalPortScan
0.31962400158635895,167.26437958034847,0.0,3,0,16659,80,udp,dns,S0,Malicious,Mirai
0.1008754394030048,46.00655225275526,1442.2231247007603,3,2,13478,23,icmp,ssh,REJ,Malicious,C&C
1.3264660167008058,211.92931276247893,524.0144459435078,2,1,40667,22,tcp,ssh,SF,Malicious,C&C
0.14801896156524041,77.22351600737828,157.63112905950263,3,2,37007,22,tcp,dhcp,RSTR,Malicious,PartOfAHorizontalPortScan
1.7194944573482558,328.4079804086829,643.4371906241676,4,2,16629,8080,tcp,http,SH,Malicious,PartOfAHorizontalPortScan
0.02289350078986937,1083.0106974374712,48.54862380811689,98,4,46804,80,icmp,dhcp,SH,Malicious,DDoS
0.3596079972396669,2249.3969194526767,2352.842675268695,4,65,63205,53,icmp,ssh,SF,Benign,None
2.50981960914047,186.5693154873493,1138.013533018253,7,2,21632,53,icmp,dhcp,SF,Benign,None
0.16378003294096558,338.9748339167489,913.2339612768154,19,38,63661,22,tcp,dns,RSTO,Benign,None
5.182256577466965,492.75244368740346,1987.5490420295828,3,36,53911,2323,udp,ssl,S0,Benign,None
0.8697813143735782,247.19004875188674,529.8373978306677,3,2,16217,443,icmp,dns,RSTR,Malicious,C&C
2.557100892725221,131.2295932010036,267.266274963956,3,5,45484,80,tcp,http,SF,Malicious,C&C
0.01746030222148782,1139.1649235320663,55.925303073177616,95,4,50568,22,udp,ssl,REJ,Malicious,DDoS
3.856420855224157,965.9426120429597,394.6786412407132,3,2,3810,443,icmp,http,S0,Malicious,C&C
0.07809194982199996,148.38165324674623,0.0,2,0,18067,443,udp,-,S0,Malicious,Mirai
0.7814767270843939,46.04293193290295,3739.7328772751584,28,9,25135,80,tcp,dns,SH,Benign,None
0.151384349018732,1719.1895170065088,384.70134533741395,15,21,20276,23,icmp,ssl,SH,Benign,None
0.011064402347802873,1249.580502102757,44.145250087759315,86,4,9193,2323,udp,http,S0,Malicious,DDoS
0.0010746467671009727,1277.0641225646377,50.30804697490436,69,2,24543,443,udp,ssl,SF,Malicious,DDoS
0.03857459061819179,147.43302648526245,0.0,2,0,24855,443,icmp,-,S0,Malicious,Mirai
0.09105995120838797,726.348647950183,205.44282637517907,7,5,48884,8080,icmp,ssl,S0,Benign,None
0.06434894883419193,122.49874230162578,0.0,1,0,44819,8080,tcp,-,S0,Malicious,Mirai
9.379565637224465,38.54407909283905,105.7279968930393,5,2,15376,53,tcp,dns,SH,Malicious,C&C
0.8130680036029615,135.29624670478614,2001.3818772339048,5,11,24793,22,icmp,-,S0,Benign,None
1.7150006829317719,193.3048104137345,117.05860375649411,3,1,24559,80,tcp,ssh,S0,Malicious,C&C
2.6261647455157453,3660.3964210953895,4173.596180767564,5,12,13414,80,udp,ssh,RSTO,Benign,None
0.08756916785492602,117.93308180682513,0.0,1,0,16409,80,udp,-,S0,Malicious,Mirai
1.1203272388168564,600.6626038477792,823.0226051360423,9,3,45475,443,udp,dhcp,S0,Benign,None
0.9440411777412463,1193.3325635932779,9867.401492068455,19,5,52731,53,tcp,dhcp,REJ,Benign,None
0.0005342583508901313,1205.0536342792911,64.89802631571354,96,2,17803,2323,udp,dns,SH,Malicious,DDoS
1.5515876362834806,899.2090481066072,794.05685754756,9,22,31321,53,tcp,-,RSTR,Benign,None
0.0012557005590047572,1165.181742903738,52.20684945129841,23,1,10120,53,udp,ssh,RSTR,Malicious,DDoS
1.4078245061307648,390.5887286886625,7615.548475050182,7,100,9587,23,icmp,-,SH,Benign,None
0.5878396829283493,83.63614275779831,1880.606652869876,5,15,60970,2323,icmp,-,RSTR,Benign,None
0.9365521405558402,80.80136484760577,53.81327980821838,2,3,61062,8080,udp,ssh,RSTO,Malicious,PartOfAHorizontalPortScan
0.004464427878437858,1177.7890038067414,46.25346032188352,97,4,21367,8080,udp,http,SH,Malicious,DDoS
0.8471344764783593,279.3468547426275,92.37180809500336,2,6,49825,53,icmp,ssh,SH,Malicious,C&C
3.305247564945663,418.10663490955204,76.61886419915815,4,3,40244,23,tcp,dns,RSTO,Malicious,C&C
0.016654216762942927,122.46771403354634,0.0,1,0,41252,443,tcp,http,S0,Malicious,Mirai
0.00048376370113494834,1054.9450226751296,47.99919434193319,34,3,35012,53,icmp,dhcp,RSTO,Malicious,DDoS
0.8667639870907291,82.06389131050275,53.873138326845364,2,6,56774,8080,udp,dns,RSTO,Malicious,C&C
2.828785664175357,380.8470302941998,540.7259140086436,11,24,65304,53,icmp,dns,SF,Benign,None
3.9911711253632975,358.5663688074888,688.4771309061831,5,2,59785,53,icmp,dns,RSTO,Malicious,C&C
9.242862882599038,255.54303448106074,219.02148066252033,3,2,45276,53,tcp,http,S0,Malicious,C&C
0.07972015097862858,138.11768739024032,0.0,2,0,17643,2323,icmp,dns,S0,Malicious,Mirai
3.8957455081589414,154.66121552963426,608.0350422292998,3,2,58877,22,tcp,dhcp,RSTO,Malicious,PartOfAHorizontalPortScan
0.7217824051570205,373.5397608538032,14098.546590007,25,35,33761,8080,tcp,dns,S0,Benign,None
3.0093398052832545,400.03468964199453,130.47128750027397,2,4,29535,2323,icmp,ssh,REJ,Benign,None
0.13035076823786523,127.78887502065982,0.0,1,0,37852,22,tcp,dhcp,S0,Malicious,Mirai
0.09626042500641285,124.16730567731217,0.0,1,0,31372,80,tcp,dns,S0,Malicious,Mirai
2.2092861843097467,3424.179196962953,530.337795743544,6,21,31960,53,icmp,dhcp,S0,Benign,None
0.0009915478432846673,1177.0946443367884,39.980431433041716,13,4,42781,23,icmp,-,S0,Malicious,DDoS
3.480427009247818,526.2448917330781,2410.779803328767,37,26,14330,2323,tcp,ssl,SH,Benign,None
0.03455203737297697,989.5250494280986,70.42177910534731,86,3,9560,23,icmp,dns,SH,Malicious,DDoS
1.7452406493822368,390.7366158113466,1540.1131910992053,27,13,47243,22,tcp,-,S0,Benign,None
0.0004021549631119339,1273.100062678548,55.384349572164524,63,4,49804,23,udp,ssh,SF,Malicious,DDoS
24.037528949870925,311.747941056717,88.14631118911223,7,1,18483,53,icmp,dhcp,REJ,Malicious,C&C
0.06895323203947223,136.71591312107537,0.0,2,0,24956,80,udp,ssl,S0,Malicious,Mirai
16.121712748938712,22.059154327886944,199.89772924164348,8,2,36700,80,tcp,dns,RSTO,Malicious,PartOfAHorizontalPortScan
1.8626208649982976,104.25564022096722,194.2259688793035,4,4,38405,443,icmp,http,SF,Malicious,C&C
0.008836979904882,1265.2750082287944,52.93480952873967,25,0,31839,8080,icmp,dns,SH,Malicious,DDoS
10.669925791670325,89.44213605772995,694.8512271477515,3,6,48776,443,icmp,ssh,S0,Malicious,PartOfAHorizontalPortScan
0.04252266239454534,8556.858809899191,12511.987992889068,76,12,13086,53,udp,dhcp,SH,Benign,None
0.16704300946177203,245.9236417292219,1867.5591693719189,3,2,12282,8080,udp,dns,SF,Malicious,PartOfAHorizontalPortScan
0.03120392307307135,144.99579454471717,0.0,4,0,38399,443,udp,http,S0,Malicious,Mirai
14.649589031878724,60.89051454305169,304.67662951160435,6,2,21992,8080,icmp,dhcp,REJ,Malicious,C&C
0.013847526876604448,1279.6905441376937,63.96341493160928,62,2,20799,53,tcp,http,SH,Malicious,DDoS
0.005522937055209992,1274.901395507413,65.49340926771059,19,0,13360,23,udp,ssl,REJ,Malicious,DDoS
0.015162715670931852,1172.627074783324,49.857296470506114,21,2,38334,23,icmp,http,S0,Malicious,DDoS
0.2566143322758842,157.06845047611114,0.0,2,0,43462,53,tcp,ssh,S0,Malicious,Mirai
0.0023498547952271256,1172.286453075978,66.92398002388111,77,2,17436,443,udp,-,S0,Malicious,DDoS
6.5424186192913325,193.36222870710694,105.7549953910361,3,4,61736,8080,tcp,-,SF,Malicious,C&C
0.15681447288968473,754.9103336097115,9868.368402795233,3,11,39698,23,udp,-,S0,Benign,None
0.8201325246125648,2951.146565130105,5492.768346278038,8,36,21253,443,tcp,http,RSTR,Benign,None
3.3054703941889523,499.19627957359785,53.06274144815078,2,3,24208,8080,tcp,http,RSTR,Malicious,C&C
1.0531901505323533,103.81691380786775,136.5107780582283,3,1,1689,2323,icmp,dhcp,RSTR,Malicious,PartOfAHorizontalPortScan
0.008107881576375629,175.20945924706118,0.0,4,0,49901,23,udp,ssl,S0,Malicious,Mirai
0.02845685786020836,1163.1060560968538,52.13808793941063,91,0,57434,22,icmp,http,REJ,Malicious,DDoS
0.8808893265638424,1899.464999165308,762.7105706873748,6,132,26594,2323,udp,-,REJ,Benign,None
1.1824616644336123,2127.856534316816,3338.908493397066,9,3,22241,443,tcp,ssh,SF,Benign,None
0.7373565984471913,1572.4550372752055,6351.407876053389,10,8,37463,80,udp,ssl,RSTO,Benign,None
5.275869148915676,299.09642325484856,308.9131334554069,3,2,36849,2323,icmp,dhcp,RSTR,Malicious,PartOfAHorizontalPortScan
0.007437508321439221,1060.2194521575702,62.025765052252275,40,4,62440,443,icmp,http,RSTR,Malicious,DDoS
3.4119962627634064,109.91124255220774,247.21942712009246,5,2,6281,8080,icmp,ssh,REJ,Malicious,PartOfAHorizontalPortScan
1.932872619382958,85.88540576082536,75.5588952004495,2,2,48037,8080,udp,dns,S0,Malicious,PartOfAHorizontalPortScan
0.8894540406275327,704.1184537994047,18595.488625434424,4,33,32139,8080,icmp,http,S0,Benign,None
0.10394902882770357,155.27378974138986,0.0,4,0,41751,22,udp,dhcp,S0,Malicious,Mirai
2.130950733450333,3722.786434302656,6451.108990888912,6,38,49849,8080,udp,dns,SH,Benign,None
0.0007551724662858019,1090.6892439399878,43.58918733461645,56,1,21341,443,tcp,ssh,REJ,Malicious,DDoS
2.4102552287410455,286.87722704755816,441.9289367356175,3,1,14290,23,tcp,-,S0,Malicious,C&C
0.5281357319977935,2519.529916782715,10795.106816925092,13,10,65234,8080,tcp,ssl,SF,Benign,None
0.15706305322214473,3236.061597246804,1981.055326924906,26,6,11837,22,tcp,http,REJ,Benign,None
1.2654535496152683,179.19520834159096,122.27769176330773,4,3,12888,22,udp,ssl,RSTO,Malicious,PartOfAHorizontalPortScan
2.88998027230564,330.8310675147786,7063.136848957265,25,20,16425,22,icmp,dns,SF,Benign,None
6.453670108851629,288.7568380363577,155.74050036171158,2,1,5355,80,icmp,ssh,SF,Malicious,C&C
0.6761175969023342,1517.7081820829608,936.7240902570949,5,8,38056,8080,udp,dns,SF,Benign,None
0.5986527170030216,66.58453942924271,207.79216675382133,5,2,48231,8080,tcp,dns,RSTO,Malicious,PartOfAHorizontalPortScan
0.005630052785130967,125.9212373840446,0.0,2,0,24320,2323,icmp,dns,S0,Malicious,Mirai
7.533035623226821,20.12090621965311,621.3684193790117,2,2,62796,80,tcp,ssl,S0,Malicious,C&C
0.5159506860086345,74.44674383972485,154.74423501996748,3,2,44130,22,tcp,ssl,RSTR,Malicious,C&C
8.693975458192519,41.34150089914582,192.23337591697666,5,3,8321,22,tcp,http,S0,Malicious,C&C
1.8206828827623447,1874.7929298747122,6831.065355055127,4,27,17757,443,udp,dns,SF,Benign,None
0.000932230677243988,1284.2297327013903,50.23195978557375,55,4,20593,53,tcp,-,S0,Malicious,DDoS
17.21356246380777,39.22423786761449,16.810980394256493,2,2,56921,2323,icmp,-,REJ,Malicious,C&C
0.0019591920027095307,171.8420592203867,0.0,2,0,41112,53,icmp,-,S0,Malicious,Mirai
8.425260032618702,33.90411381090988,73.39915067789113,2,1,10945,80,udp,http,REJ,Malicious,PartOfAHorizontalPortScan
2.0496861739848695,464.59738129760433,44.28792906016144,2,1,20405,443,tcp,-,RSTR,Malicious,C&C
0.15618885228240284,1001.6344951199746,16948.176910352027,9,102,8872,53,tcp,http,SF,Benign,None
0.006604907276425911,1177.179942049779,51.37325575855229,34,4,9234,23,icmp,dhcp,S0,Malicious,DDoS
1.313187027267884,607.2384577381837,225.55699715147657,4,0,41636,53,icmp,ssl,SH,Malicious,C&C
0.14067436899324515,139.49083171586213,0.0,4,0,29338,23,icmp,dhcp,S0,Malicious,Mirai
1.1803599346176699,1095.7997010977838,464.0420227980656,3,2,63563,80,udp,ssl,REJ,Malicious,C&C
0.0009818644825913088,1096.369075262623,47.96538858919695,92,0,53324,22,udp,dhcp,S0,Malicious,DDoS
0.037111299276958915,155.8707505993728,0.0,1,0,55663,23,udp,dns,S0,Malicious,Mirai
0.3180265275316208,1407.2851300999698,1095.23853858449,16,34,41423,53,tcp,http,SH,Benign,None
3.7893881017541124,136.7068858089371,251.83514284146062,3,1,63997,2323,udp,ssh,SF,Malicious,C&C
0.007864324819467852,169.34545950123373,0.0,4,0,61669,8080,tcp,dhcp,S0,Malicious,Mirai
8.799122932707446,175.10812850714822,37.262312655925385,3,4,20534,22,icmp,-,SH,Malicious,PartOfAHorizontalPortScan
0.016205140714150683,1332.850400884438,39.636637110642724,63,3,43729,2323,udp,-,RSTO,Malicious,DDoS
0.19786103919171966,230.8177985478192,97.74812647915327,2,5,44380,2323,udp,http,SF,Malicious,C&C
0.023348661764573158,165.0683892700486,0.0,3,0,12185,443,icmp,ssl,S0,Malicious,Mirai
0.4089591643018043,80.27523892551336,540.2653103290181,2,5,55486,53,tcp,http,RSTR,Malicious,C&C
0.013193843437193074,1221.0496298921503,57.58178308351264,84,3,64189,443,icmp,-,REJ,Malicious,DDoS
0.015323465580557295,1066.0008930425115,66.4039728093304,59,0,8546,23,tcp,ssl,SF,Malicious,DDoS
2.9671423042992613,45.53479861351078,87.53171095384127,5,1,21085,443,tcp,http,SF,Malicious,PartOfAHorizontalPortScan
2.5873740979644033,115.8103686722255,106.67393797776089,3,2,35036,2323,udp,dhcp,SF,Malicious,PartOfAHorizontalPortScan
12.91773450373579,26.756116929197713,107.41181756383213,3,3,9539,2323,udp,dns,REJ,Malicious,C&C
0.0566985268967653,138.2567280042937,0.0,4,0,45249,23,udp,http,S0,Malicious,Mirai
0.6653606492318654,5593.188979939306,2509.9804160710983,5,12,64318,22,tcp,ssh,REJ,Benign,None
17.169629004010286,128.11158574735364,20.61945303691601,4,7,21756,2323,icmp,dhcp,SF,Malicious,PartOfAHorizontalPortScan
0.1166039107193599,158.66380675712676,0.0,4,0,32579,2323,icmp,ssh,S0,Malicious,Mirai
0.24042892275085556,655.6911734197076,2780.7713463383484,35,19,23769,8080,udp,-,RSTO,Benign,None
0.9458198488738402,594.0760367250294,204.21365546325288,3,5,7062,8080,tcp,http,SH,Malicious,PartOfAHorizontalPortScan
0.013499929527759379,201.950342516889,0.0,3,0,61218,80,tcp,http,S0,Malicious,Mirai
4.918809103768601,150.55378534248464,399.5810997930488,3,2,22610,80,udp,http,REJ,Malicious,C&C
0.630376760232196,1181.8795701271786,21545.599805620972,2,9,24420,23,tcp,dhcp,S0,Benign,None
6.008425800823276,124.44795122470677,161.25507351059517,3,4,46939,443,udp,ssl,RSTR,Malicious,PartOfAHorizontalPortScan
0.8501096032490315,648.0476452627738,16169.060261559753,5,96,32099,443,tcp,ssh,RSTO,Benign,None
0.014750154837956147,1026.9737269515656,63.33885745500573,58,1,26311,53,tcp,-,REJ,Malicious,DDoS
0.38816953071190546,1312.4124305144956,22420.28549927417,11,8,43527,8080,udp,dhcp,SF,Benign,None
0.0008636246411049186,1175.5220142094536,54.91668832009691,14,2,5406,23,icmp,dns,S0,Malicious,DDoS
0.0071154210491753914,1233.1647667125762,39.528424313097354,84,4,48952,80,udp,http,RSTR,Malicious,DDoS
2.8873625221041377,244.15888386471454,154.98947521016848,4,2,17129,23,icmp,http,SH,Malicious,C&C
0.00584102194254841,1205.8370290817895,43.961410687630455,40,3,3131,80,udp,ssh,SF,Malicious,DDoS
2.8462377228696467,161.90609074541956,52.66001442655862,5,3,51264,23,udp,dns,SF,Malicious,C&C
0.2342918302717068,161.11882903291684,0.0,4,0,14903,2323,icmp,dns,S0,Malicious,Mirai
0.039419813512010154,111.90111091978723,0.0,1,0,5749,8080,tcp,http,S0,Malicious,Mirai
0.4251235103191076,796.2391047975121,80.83383882012214,2,5,14115,443,icmp,dhcp,RSTR,Benign,None
2.1568539799589885,4958.905173674249,1656.65094790214,8,35,35624,8080,udp,dns,S0,Benign,None
0.01281478621303555,1075.5233125830816,49.73516371711171,12,0,19090,23,tcp,http,RSTO,Malicious,DDoS
2.8133710460778256,262.5446527713102,106.54512759843387,3,4,63427,80,udp,http,SF,Malicious,PartOfAHorizontalPortScan
0.7227462866144149,610.0073503856893,2255.6012495071723,4,88,12375,80,udp,dns,SF,Benign,None
1.0305751544961315,1948.584510038365,1334.3236904607004,17,42,37406,53,tcp,dhcp,SF,Benign,None
5.701029765069134,123.40939769687908,4493.077494325984,18,4,8862,53,icmp,http,REJ,Benign,None
0.0071862134112402,1167.0496199363874,33.01430289377067,31,4,35370,53,udp,dhcp,SF,Malicious,DDoS
0.8847046546172908,56.775810550799726,252.23698465842574,5,4,31806,23,tcp,ssh,RSTO,Malicious,PartOfAHorizontalPortScan
0.006541860003869984,1187.5477575561135,26.6182754630673,86,2,26812,53,icmp,-,S0,Malicious,DDoS
0.003543031069513786,1127.8273221903326,44.91572885116569,39,3,46732,53,icmp,dhcp,S0,Malicious,DDoS
21.752673142104623,929.0866769957132,269.99353320539643,2,2,45135,53,tcp,dhcp,SH,Malicious,C&C
1.7797150157267536,5608.521967847796,5512.074175022432,6,16,41433,8080,icmp,-,SH,Benign,None
0.08495851682072132,115.63725019247929,0.0,4,0,8250,23,udp,http,S0,Malicious,Mirai
0.0009378356215478111,1079.7196805354668,30.52884623265381,10,4,58322,22,icmp,http,SF,Malicious,DDoS
0.4491333439608453,60.69483241193202,60.92374143828024,4,1,15284,23,icmp,-,SF,Malicious,C&C
0.00370530215017796,1357.2306256185777,62.43405797187162,27,0,19746,22,icmp,http,RSTO,Malicious,DDoS
1.1830862329469547,506.75629604098765,70.1160544280639,2,3,38275,80,tcp,ssh,REJ,Malicious,C&C
2.957604751472941,447.6466290963015,6028.071694216554,14,18,43742,22,icmp,http,SH,Benign,None
10.252661055974094,104.80436208198431,36.93301508372249,3,2,60749,80,icmp,dhcp,REJ,Malicious,PartOfAHorizontalPortScan
9.058388953333058,27.409441820616856,488.0178724016623,6,4,15045,2323,tcp,-,SH,Malicious,PartOfAHorizontalPortScan
0.19232312256757972,139.33136506765018,0.0,4,0,40009,80,udp,http,S0,Malicious,Mirai
0.7439246391498682,124.44532918488207,8.170140617201083,7,1,58336,22,icmp,dns,RSTO,Malicious,C&C
0.0410750603934765,171.77229402638704,0.0,4,0,40244,2323,icmp,dhcp,S0,Malicious,Mirai
0.1789124513099422,154.18923939460393,0.0,1,0,40056,22,tcp,ssl,S0,Malicious,Mirai
1.4625728350944731,173.95916273872646,399.9450619661973,3,1,60076,2323,udp,http,RSTO,Malicious,PartOfAHorizontalPortScan
2.0603278004389582,748.6158444599752,204.59143862837135,2,4,59609,80,icmp,dns,SH,Malicious,PartOfAHorizontalPortScan
0.00948515271575828,1324.4565160355255,72.31498911027748,22,1,18118,2323,udp,dhcp,RSTR,Malicious,DDoS
0.06090978782382137,138.97820855681553,0.0,4,0,36307,443,icmp,dhcp,S0,Malicious,Mirai
0.147745808128282,149.8182166643315,0.0,4,0,20969,80,tcp,http,S0,Malicious,Mirai
0.5447389655857457,1264.335347558299,7398.501398899421,9,5,5559,23,udp,http,RSTO,Benign,None
0.11259137978561645,119.023523240786,0.0,4,0,49113,8080,icmp,-,S0,Malicious,Mirai
0.02245255645894845,1224.7014605366294,56.85857818608419,23,0,28681,8080,icmp,http,RSTR,Malicious,DDoS
2.4449298146241505,127.26473268427925,666.6990339930072,38,90,59399,443,tcp,ssh,REJ,Benign,None
0.28823304964648894,157.85827021096432,0.0,1,0,58810,443,tcp,ssl,S0,Malicious,Mirai
0.04688938347456464,165.2879202655406,0.0,3,0,22183,53,icmp,dhcp,S0,Malicious,Mirai
3.673086663424948,457.3624607649683,5730.731616535596,13,15,13133,53,tcp,http,S0,Benign,None
0.5628150770826598,1392.381285434426,170.47391427513185,5,37,27396,23,tcp,dhcp,SH,Benign,None
2.2854425572026416,908.0399725460786,662.6358514650877,6,5,41818,23,icmp,http,SF,Benign,None
3.6387539327199447,876.2215649784621,12303.14133451969,9,4,65109,80,udp,dhcp,REJ,Benign,None
0.008960174008256985,1140.2963459573994,58.20232398305984,13,4,56268,2323,tcp,http,RSTO,Malicious,DDoS
3.4693207914792286,336.0655410999249,38.66696106152232,2,5,49039,22,udp,-,RSTR,Malicious,C&C
0.429241802781688,170.4007301380418,0.0,4,0,50329,443,tcp,dhcp,S0,Malicious,Mirai
0.0054915216573867874,150.98656331589686,0.0,3,0,59406,53,tcp,-,S0,Malicious,Mirai
0.37120546705893853,2258.479289935251,26535.30176718399,17,61,49118,53,icmp,dns,REJ,Benign,None
3.0987885142181177,237.11749293194197,366.5673416359954,2,6,45542,23,icmp,http,SF,Malicious,C&C
0.16998984934238973,260.02280768021376,40.57556965392672,2,1,64676,2323,udp,ssh,SF,Malicious,PartOfAHorizontalPortScan
2.0420540046628117,997.8288193118383,2470.216867913155,5,26,35365,2323,udp,dns,RSTR,Benign,None
3.748126980107637,166.79626540147675,300.73545004058553,4,3,39693,23,icmp,ssh,RSTO,Malicious,C&C
1.8297361987297638,364.6605475393327,6642.952475462251,4,35,16632,23,udp,ssh,S0,Benign,None
0.028396375894074802,124.6948318182957,0.0,1,0,27821,8080,icmp,ssl,S0,Malicious,Mirai
0.07320395249569277,171.5480904111914,67.58423482460636,3,3,56213,2323,udp,dns,RSTO,Malicious,PartOfAHorizontalPortScan
0.12336269488324905,133.95601183929642,0.0,2,0,39586,2323,icmp,dhcp,S0,Malicious,Mirai
0.057509319927059155,127.05680977976577,0.0,2,0,50753,8080,icmp,dhcp,S0,Malicious,Mirai
0.6760309457756477,506.6765254803352,275.73134912702,8,40,30228,80,tcp,ssl,RSTO,Benign,None
0.10563117248883727,134.53940580794594,0.0,4,0,21502,22,tcp,ssl,S0,Malicious,Mirai
0.011315891223484491,132.58544456712517,0.0,4,0,55643,8080,icmp,ssl,S0,Malicious,Mirai
2.6825444728263568,100.55944814342325,1605.9092525940111,1,1,30778,23,icmp,dns,SF,Malicious,C&C
4.985256281683312,156.8454029790214,273.44140350900204,4,6,19426,8080,tcp,ssh,REJ,Malicious,C&C
2.4910452502917106,55.43006580998625,115.66685768399098,8,3,48002,22,tcp,ssl,SF,Malicious,C&C
0.005295819835691769,1278.6490159968391,40.991615732969635,52,1,5047,2323,tcp,dhcp,SH,Malicious,DDoS
0.0012608683520011503,1298.1383992275034,56.694161911868854,49,2,12522,22,icmp,dhcp,S0,Malicious,DDoS
0.021362513695734057,1037.631525460525,42.99809816926585,65,3,32440,8080,icmp,-,SF,Malicious,DDoS
0.04163177319744509,1278.9176058450453,33.9919242902895,73,2,53894,80,udp,dns,S0,Malicious,DDoS
0.10606748686491814,181.5965943744724,0.0,4,0,20357,8080,udp,dhcp,S0,Malicious,Mirai
0.5527622629333492,44.165473808033184,89.67219525144473,4,1,38767,8080,tcp,ssl,REJ,Malicious,PartOfAHorizontalPortScan
1.1651231165213618,433.9589342478047,18014.80789267063,8,12,23438,22,tcp,ssh,REJ,Benign,None
1.5675282647530253,972.5043509051086,94.01954644256416,6,4,36901,53,tcp,ssh,REJ,Malicious,PartOfAHorizontalPortScan
0.028077249598577277,149.57309395655173,0.0,1,0,34329,2323,icmp,http,S0,Malicious,Mirai
0.3573796781506886,148.99741268153934,0.0,1,0,3107,53,udp,http,S0,Malicious,Mirai
8.624284764176501,130.844094993605,245.9703558719889,6,1,9654,53,tcp,http,RSTO,Malicious,C&C
0.10436194149210187,133.19879928916387,0.0,1,0,45488,80,tcp,dhcp,S0,Malicious,Mirai
0.01305158747459008,1184.216249015974,53.08292063638821,45,2,65414,443,tcp,dhcp,RSTO,Malicious,DDoS
0.00754616405226837,1296.717812243895,54.939773822056445,52,1,9405,2323,udp,ssh,SH,Malicious,DDoS
0.0013755739289178872,1264.407707445845,51.53891111481426,46,2,30429,53,icmp,ssl,RSTR,Malicious,DDoS
1.452365069606867,2466.5554960263644,11511.036831206273,3,24,36060,53,icmp,ssh,S0,Benign,None
0.006037851514830622,1250.5557853215007,54.36235704801055,50,4,42699,53,udp,-,RSTR,Malicious,DDoS
0.02351139418092652,167.6183033806649,0.0,4,0,38552,8080,udp,dns,S0,Malicious,Mirai
0.5376618598243866,134.78128701869846,77.576395197755,3,2,15949,23,tcp,http,S0,Malicious,C&C
0.005133984941022481,1216.0514868332252,59.45450778266494,19,3,12308,443,icmp,ssl,SH,Malicious,DDoS
1.3073724992009117,79.67898373158643,490.7704300175316,3,2,24389,53,udp,-,SF,Malicious,C&C
0.5786226593451504,31.581701033140686,132.34876171991857,3,3,14857,53,icmp,dns,SF,Malicious,PartOfAHorizontalPortScan
0.2188001389619213,141.1038632365902,0.0,3,0,56827,80,tcp,dns,S0,Malicious,Mirai
4.083469956118172,2902.610990568696,7599.546964890591,2,5,10435,22,icmp,ssh,SF,Benign,None
0.005682141224259928,1263.144641268983,48.51134773304579,65,0,22081,53,icmp,ssl,RSTO,Malicious,DDoS
0.5511857212209804,1629.5059986328667,1074.354465783732,7,8,55848,8080,tcp,ssl,S0,Benign,None
0.0066564396902076,1117.9121077590314,45.73195805064742,18,1,62755,80,icmp,dns,S0,Malicious,DDoS
0.0005344913101444708,1409.8732354050426,36.14590608181871,15,1,7498,22,icmp,http,SH,Malicious,DDoS
0.6021575271407998,310.86105324903684,80.86207691525418,3,5,24298,23,tcp,ssl,SH,Malicious,PartOfAHorizontalPortScan
1.0999525349705368,650.7592212096583,408.8048437140923,4,2,39977,80,icmp,http,S0,Malicious,PartOfAHorizontalPortScan
0.0027731393528623977,1211.6830174172185,37.144089992439724,27,4,22100,53,icmp,dns,SF,Malicious,DDoS
0.0030422472592436297,1468.4656339055985,58.071695157932226,14,4,63667,8080,tcp,dhcp,RSTR,Malicious,DDoS
1.5486314995060804,571.4589327377411,1726.4812694518143,20,48,30341,8080,tcp,http,RSTR,Benign,None
1.9351953623353222,186.37616080674923,28.531940017037023,4,1,43939,8080,udp,ssh,REJ,Malicious,PartOfAHorizontalPortScan
0.0013542561163620603,1137.132975296914,23.81866801307721,56,2,50018,22,icmp,-,REJ,Malicious,DDoS
0.7089280971052238,274.96923619537694,11528.679111784342,17,5,50516,80,udp,dns,REJ,Benign,None
0.002533683610871941,1055.7517074407053,51.15001527852457,70,1,3963,443,tcp,ssh,REJ,Malicious,DDoS
0.8159622511275055,652.1177934243213,460.56238144926846,24,4,7068,53,udp,http,S0,Benign,None
0.5878415922196569,607.3944368433731,91.15595104646451,4,2,60632,443,icmp,http,S0,Malicious,C&C
0.008160159093633332,1212.936800670382,26.192608944765027,92,1,5870,23,icmp,-,RSTR,Malicious,DDoS
0.01780682251868802,134.57717286885563,0.0,2,0,9954,80,udp,-,S0,Malicious,Mirai
3.723685244812737,43.68452109767279,118.15463978930336,2,3,38653,22,icmp,dhcp,REJ,Malicious,C&C
0.016565108197099516,176.4199157908142,0.0,1,0,25585,443,udp,ssl,S0,Malicious,Mirai
5.7652681984560274,599.7749429382802,46.25387443348374,3,2,9174,23,tcp,dhcp,SH,Malicious,PartOfAHorizontalPortScan
1.4198124529440315,118.08407896679718,121.83706981392118,2,1,32381,2323,udp,dns,RSTO,Malicious,PartOfAHorizontalPortScan
0.00014047220535551224,1077.677976993807,64.24627732077244,57,0,8518,23,icmp,ssl,REJ,Malicious,DDoS
10.844727248540085,53.951455946966796,232.483302622773,2,3,40919,80,icmp,-,S0,Malicious,PartOfAHorizontalPortScan
3.1876033636043553,2196.5250944200993,4682.342425711148,1,3,26275,23,icmp,dhcp,S0,Benign,None
3.6832413890060955,5117.601953085048,19594.901237509923,4,28,55935,8080,tcp,-,RSTO,Benign,None
0.3935604672200644,444.1169083365581,200.81400230144283,1,41,62033,443,tcp,ssl,SH,Benign,None
5.3144813116707885,543.3450400754073,2216.1518604426415,13,2,53156,8080,udp,ssh,S0,Benign,None
3.9935948745509413,5782.290023938684,2076.7493250500083,25,20,52076,443,tcp,ssl,RSTR,Benign,None
4.6819487385577565,45.177418711491995,194.02195908648403,4,2,8307,80,icmp,http,S0,Malicious,C&C
0.2227040952131264,193.4633132828604,0.0,1,0,43711,80,udp,ssh,S0,Malicious,Mirai
0.01217103388124875,969.2468481667516,52.48288251550854,90,2,23104,22,udp,-,RSTR,Malicious,DDoS
3.1632618524574903,160.77871162715738,52.62907388354724,2,1,11506,443,tcp,dns,REJ,Malicious,PartOfAHorizontalPortScan
0.002983245118965476,1200.0849052464625,54.47252155492251,73,4,63768,23,icmp,ssl,SF,Malicious,DDoS
6.983790195233495,1087.9155399152946,1010.1101629713288,13,14,43687,53,icmp,-,SH,Benign,None
0.7625236784566394,550.462859883337,3873.994612557271,9,35,41605,2323,icmp,-,RSTR,Benign,None
3.704260529405129,94.59887111983556,309.2246117975676,4,1,53160,53,icmp,ssl,SH,Malicious,PartOfAHorizontalPortScan
0.00011592953412733242,1149.9785484249123,46.06617702255343,60,2,15364,22,udp,ssl,S0,Malicious,DDoS
0.004736228280175826,134.7516409879417,0.0,1,0,32679,23,tcp,dhcp,S0,Malicious,Mirai
2.212827840292788,1218.5553288334104,2267.0198251495467,8,7,31977,22,icmp,ssl,REJ,Benign,None
0.02770199628603344,160.8271086196306,0.0,1,0,51582,53,udp,dhcp,S0,Malicious,Mirai
0.048123453315081194,143.95020285913512,0.0,1,0,44687,22,icmp,http,S0,Malicious,Mirai
27.135530748302656,98.88018563739284,30.304974368622535,2,2,27013,2323,tcp,dhcp,SH,Malicious,C&C
0.37531749678404847,1612.836917905861,8552.59476989836,10,7,3060,2323,udp,ssl,RSTO,Benign,None
13.140986129270885,173.77045560425364,202.14938075234048,3,2,25060,80,tcp,-,RSTO,Malicious,PartOfAHorizontalPortScan
5.579982204958164,1114.4594720274877,3695.8263835111147,5,5,37867,53,tcp,http,RSTR,Benign,None
5.869700092223638,106.60020899368311,190.09457820531293,4,2,10576,22,udp,dhcp,RSTR,Malicious,PartOfAHorizontalPortScan
0.8038812105179116,89.99202983275606,11.11681406276369,2,1,46540,53,icmp,dns,RSTR,Malicious,C&C
0.5702813348988621,1013.2868845639825,131.53904814314248,1,3,52372,80,tcp,-,SH,Malicious,C&C
0.1548102241871374,110.73421704322051,0.0,1,0,30093,23,icmp,http,S0,Malicious,Mirai
0.6824013610199741,235.29142809961965,195.97494403002872,5,4,57998,8080,tcp,ssl,RSTR,Malicious,PartOfAHorizontalPortScan
0.04423412189734755,139.23172911002138,0.0,1,0,8468,2323,icmp,-,S0,Malicious,Mirai
0.014785490719059255,1161.8595469528586,53.79949557672799,72,0,13492,80,icmp,dns,RSTO,Malicious,DDoS
3.345423465277426,54.03326885251957,79.13410243461401,3,3,47069,23,icmp,-,S0,Malicious,C&C
0.14484446294736897,422.1589483807089,6485.527439478206,5,11,30289,53,udp,ssh,S0,Benign,None
0.006354898706262965,1234.6117328797723,54.92014280566899,78,2,18130,23,icmp,http,SF,Malicious,DDoS
0.01741376999215407,316.6160123476085,232.4776200926333,8,11,6937,2323,icmp,-,REJ,Benign,None
0.0028750537507425456,1287.2153105684056,53.24036442706533,56,4,11188,80,tcp,dhcp,REJ,Malicious,DDoS
15.889591575419182,150.00014613793496,39.016986694238305,2,3,65339,443,udp,dhcp,SH,Malicious,C&C
0.500756002227649,1003.7073617622405,1508.9402704388551,18,7,44738,53,icmp,dhcp,S0,Benign,None
2.3792424533213548,533.0886364426027,15.717428757808497,3,12,6263,22,icmp,dns,REJ,Malicious,C&C
0.021934282100984324,121.51755176684124,0.0,2,0,32993,443,udp,ssl,S0,Malicious,Mirai
0.021237855886314452,1154.3596817159892,30.354639618970754,68,4,25587,53,icmp,dns,S0,Malicious,DDoS
0.976923557345859,33.74574297801656,313.96532719943315,3,1,63622,2323,icmp,dhcp,RSTR,Malicious,PartOfAHorizontalPortScan
3.8149028867121477,146.59908540054772,91.3817304855321,4,1,27675,53,icmp,ssl,SF,Malicious,PartOfAHorizontalPortScan
3.709150966156445,428.4991013719453,48.367624742235364,1,5,64613,80,icmp,-,S0,Malicious,PartOfAHorizontalPortScan
0.019917716138395703,1052.8666492680215,39.16484892990189,69,1,10489,22,tcp,-,REJ,Malicious,DDoS
5.880257062518039,287.4063796250205,146.71397043297637,5,4,18206,23,icmp,http,RSTO,Malicious,C&C
0.0024174613951607367,1119.4008268940584,36.527460824186505,22,2,5319,443,icmp,http,SF,Malicious,DDoS
1.1883979968868292,446.39320525850945,2227.5745533510612,3,6,23853,8080,tcp,dhcp,RSTO,Benign,None
1.4053426850085895,665.6991915131042,460.94112584011424,12,7,46554,8080,tcp,ssh,RSTO,Benign,None
0.006770296869196283,1146.120969542329,59.468075665118704,35,2,7829,22,udp,http,SH,Malicious,DDoS
0.018651350009748418,151.1000587206675,0.0,1,0,64990,2323,tcp,dhcp,S0,Malicious,Mirai
2.0712519233807187,106.76204610718173,83.2148822997422,2,4,2269,23,icmp,dhcp,RSTR,Malicious,PartOfAHorizontalPortScan
0.06019810523780873,148.34929221358283,0.0,2,0,62724,80,tcp,-,S0,Malicious,Mirai
0.6764951195165749,138.75393625873178,727.0576397458527,3,2,50737,8080,udp,ssl,S0,Malicious,PartOfAHorizontalPortScan
0.007380084973034839,1030.403799162274,54.49829917755132,80,2,27213,8080,udp,dhcp,RSTR,Malicious,DDoS
0.027025209747916126,131.38962336043264,0.0,4,0,27349,8080,tcp,ssl,S0,Malicious,Mirai
0.7185986575174549,289.32529753367726,17270.436555169992,2,7,49023,53,icmp,dhcp,SH,Benign,None
14.373347967475354,149.0022312885969,82.150766954114,4,2,43824,80,udp,dhcp,S0,Malicious,C&C
0.4314238668946777,122.03374383450087,117.61817257464641,4,2,45087,22,udp,-,SF,Malicious,PartOfAHorizontalPortScan
0.05885091559667259,909.5649162120898,55941.780550203366,6,9,31250,2323,tcp,dhcp,RSTR,Benign,None
0.18052386986676783,161.60187470399495,0.0,3,0,38413,22,udp,ssh,S0,Malicious,Mirai
12.450510926500653,246.66989824426253,219.49678398186254,2,1,25228,8080,tcp,-,S0,Malicious,C&C
1.9257546925904336,33.536690666801974,267.2211720313832,5,4,61838,23,tcp,http,SF,Malicious,PartOfAHorizontalPortScan
7.871688768070962,3208.702548464543,1960.5299275503444,8,9,12109,80,udp,dns,REJ,Benign,None
0.3442511925366511,473.5740739839107,6380.645146199792,1,18,44171,80,icmp,ssl,SF,Benign,None
3.269664063255625,2354.182036855216,27972.851366984753,15,20,6648,8080,udp,dns,SH,Benign,None
9.39987681810845,399.79795824987673,66.67250994085435,3,6,7045,2323,icmp,dhcp,SH,Malicious,PartOfAHorizontalPortScan
0.18424379608616087,624.5694530085192,2070.1635977815204,18,9,25275,80,udp,dhcp,RSTO,Benign,None
7.605375630181049,21.61840554767889,29.086287254704615,4,1,27203,443,icmp,-,REJ,Malicious,PartOfAHorizontalPortScan
0.030733678284640572,165.39130287562014,0.0,3,0,24954,80,udp,dns,S0,Malicious,Mirai
0.1627780856070851,122.93032780897695,0.0,2,0,36714,2323,tcp,http,S0,Malicious,Mirai
0.16599190800687852,1257.088033500061,33137.7948670844,1,41,10886,23,tcp,http,SH,Benign,None
1.6123079348896752,429.75048165446873,6891.787438621262,7,18,5020,53,tcp,http,S0,Benign,None
0.03031681080993771,1324.3469128345964,44.627948986474856,61,1,31199,22,icmp,ssl,RSTO,Malicious,DDoS
3.823083599586651,3785.7948143781045,22622.44847844507,90,4,30788,2323,tcp,http,SF,Benign,None
0.010771805735141873,1167.1663881190311,55.76690146784124,32,1,23602,53,udp,http,SF,Malicious,DDoS
2.405994467420732,564.1309078594577,55.740097414852116,3,5,34549,53,icmp,dns,REJ,Malicious,C&C
0.0011367634814963916,1105.1251304732,54.74042311512206,19,0,31455,8080,udp,-,S0,Malicious,DDoS
5.450221376393158,297.6937927384822,3277.4767457303224,2,2,44295,443,udp,dns,RSTO,Malicious,PartOfAHorizontalPortScan
29.337837071429714,144.98151662552505,58.10787015464349,2,2,63533,2323,udp,dhcp,SH,Malicious,C&C
1.4611158887992608,193.0218676687566,89.88495516026293,3,2,64341,53,tcp,ssl,SH,Malicious,C&C
1.1439494263208336,686.5248798568365,100.93802948627165,1,4,34617,22,udp,ssl,SF,Malicious,C&C
3.243626497382531,505.2003266156564,2500.4185651276744,5,33,55764,80,tcp,dhcp,RSTR,Benign,None
0.1476531762296566,155.29181249162832,0.0,2,0,48027,2323,icmp,dhcp,S0,Malicious,Mirai
13.334248663590465,109.34422655954042,579.6385600375733,2,2,32177,22,icmp,dhcp,S0,Malicious,PartOfAHorizontalPortScan
3.228027366704496,173.83279667660236,153.46054036792992,3,4,18800,2323,icmp,http,REJ,Malicious,C&C
0.05374880311638045,181.49897398615278,0.0,4,0,61136,80,udp,-,S0,Malicious,Mirai
0.0029072531117804823,1275.880093397577,63.34313099519821,64,1,39215,22,icmp,dhcp,RSTO,Malicious,DDoS
0.03260752863129132,1239.1084397911573,67.3966525197045,12,0,59620,22,udp,dns,S0,Malicious,DDoS
5.030111169678129,161.6258455662238,241.53988993384138,5,4,54830,22,tcp,dns,RSTO,Malicious,C&C
0.0011454326699021397,1069.8187406547963,48.044654863754346,26,3,59234,22,tcp,dns,SF,Malicious,DDoS
0.2832810764325515,1824.223028635704,1556.4998433131773,2,48,61860,443,icmp,ssh,SF,Benign,None
0.0021256644901588456,1364.80027900567,46.04553461209726,65,1,46728,8080,tcp,ssh,SF,Malicious,DDoS
0.41503256779248937,141.7464095810285,0.0,4,0,23598,23,tcp,http,S0,Malicious,Mirai
3.6307008361376685,1400.7321268793405,1595.0686896791815,9,16,21472,443,udp,ssl,SF,Benign,None
2.5906312931721076,244.88073451451143,63.88354440266664,3,3,34741,22,udp,dhcp,REJ,Malicious,C&C
0.002373856510262382,158.6693130011128,0.0,3,0,65349,8080,tcp,ssh,S0,Malicious,Mirai
0.996892459329917,147.58788473853775,10857.235033184636,5,14,3082,8080,udp,dns,REJ,Benign,None
0.5186828812948064,7.0148425788825275,68.38383824640638,4,3,22367,23,tcp,http,S0,Malicious,C&C
2.398870160319554,386.9078813450613,2686.333279426964,50,12,39021,22,udp,-,SH,Benign,None
2.007706122763254,2598.9847679768286,865.3049475743707,3,6,37075,8080,tcp,ssh,RSTO,Benign,None
1.2093708326990757,3366.0634062730214,58042.43199973781,8,39,55423,53,tcp,dhcp,RSTO,Benign,None
0.6826671785408337,1795.735262850082,4170.9133138522975,2,4,14180,80,tcp,-,S0,Benign,None
0.022374214822695356,1353.9197200174908,63.08778438764335,71,0,20489,80,tcp,ssl,SH,Malicious,DDoS
3.587439013895766,156.62129985599364,882.9519747522912,9,3,38328,22,udp,ssl,S0,Malicious,PartOfAHorizontalPortScan
0.13368955622035233,162.35494620938437,75.6178825325428,5,2,48829,443,icmp,ssl,RSTO,Malicious,PartOfAHorizontalPortScan
1.5385141708199983,123.05643445004817,558.0690084773713,2,4,9908,53,tcp,ssh,RSTO,Malicious,PartOfAHorizontalPortScan
0.028751703295885084,108.7397637699837,0.0,3,0,4949,443,icmp,-,S0,Malicious,Mirai
18.942186583896397,106.07692096404045,212.43341085234522,3,3,27950,80,icmp,dhcp,SF,Malicious,C&C
0.12804847528836047,156.67833780786603,0.0,2,0,7789,53,tcp,-,S0,Malicious,Mirai
0.1434404123986763,125.88519139974764,0.0,2,0,61103,53,icmp,http,S0,Malicious,Mirai
0.005045710983811219,1333.7315181365007,29.466156164590785,64,0,39769,23,tcp,http,RSTR,Malicious,DDoS
0.19265212146506,154.23129666388496,0.0,3,0,13336,8080,icmp,ssl,S0,Malicious,Mirai
0.016377387624018372,1396.754074619586,53.81352834580285,57,1,2926,22,icmp,dns,S0,Malicious,DDoS
5.305590710730009,581.4508598414608,89.59551924055346,3,2,23020,443,udp,ssl,REJ,Malicious,C&C
0.1271875454109303,154.04780914618266,0.0,1,0,24154,8080,tcp,dhcp,S0,Malicious,Mirai
1.234469702564491,714.5705566661901,2934.529187922033,3,35,11163,2323,udp,ssh,SH,Benign,None
1.3216077646755227,36.40543631284214,174.5800167292765,2,2,63507,80,tcp,dhcp,SH,Malicious,PartOfAHorizontalPortScan
2.051057782453598,648.8690048669864,5394.903213363492,13,4,10783,80,icmp,-,RSTR,Benign,None
0.09771768189075117,136.384458431654,0.0,1,0,52945,23,tcp,ssl,S0,Malicious,Mirai
15.18725961390038,1200.7866160574151,6413.547249934521,2,6,27573,8080,tcp,http,REJ,Benign,None
0.07189939166020609,246.48788640245965,522.9998851425728,8,3,53461,8080,udp,dhcp,RSTO,Malicious,C&C
0.004783503632757327,1220.5609312142965,53.68185036412008,40,1,62185,443,tcp,ssl,S0,Malicious,DDoS
1.2236712924988131,2534.801014473872,11141.189021406752,3,5,43244,2323,tcp,ssl,RSTO,Benign,None
0.25033944014833537,169.69466547639354,0.0,4,0,16772,2323,udp,http,S0,Malicious,Mirai
0.011905505031465067,166.53886920930393,0.0,1,0,27439,53,udp,-,S0,Malicious,Mirai
0.4123682981286256,241.77165055344173,2005.134159948833,4,7,56900,22,icmp,http,SH,Benign,None
1.7536104122469596,1098.5902446907362,91046.45095121459,4,13,49005,8080,icmp,dhcp,RSTR,Benign,None
0.6799502407773268,1595.8581958176405,3788.6342076281026,3,6,17278,80,udp,dns,SF,Benign,None
3.769113761622597,157.7617798179712,29.290159157542842,2,3,31834,8080,udp,-,S0,Malicious,C&C
0.1984530139869037,1278.6998969841527,13682.950330328431,5,3,50504,8080,tcp,ssl,RSTO,Benign,None
1.181058813791273,19.115996819373276,381.53731094555457,2,1,44505,443,icmp,-,REJ,Malicious,C&C
2.0620375373005255,24.60971980848622,229.5205970720591,3,3,51667,8080,icmp,http,REJ,Malicious,C&C
0.3750818947509226,40.940379297160014,208.95230906832785,8,1,59168,443,tcp,dns,RSTO,Malicious,PartOfAHorizontalPortScan
0.020541463479436157,1084.5836615220458,45.89084724209603,53,1,48273,2323,tcp,ssh,S0,Malicious,DDoS
1.6028300218313318,91.68006401951406,47.342325702175664,3,2,55285,23,icmp,dns,SH,Malicious,PartOfAHorizontalPortScan
0.001367935499569162,1248.8613096416457,43.59845543165388,96,1,56980,8080,tcp,dns,S0,Malicious,DDoS
0.038718189272459604,4835.519801638808,1192.3701556572187,13,14,45444,2323,icmp,-,RSTO,Benign,None
3.151273658159984,102.50757676394872,46.803599889396395,1,1,51993,80,udp,dns,SF,Malicious,C&C
0.004937348766482501,1302.243593192816,43.260786223369585,44,2,16269,8080,tcp,dhcp,REJ,Malicious,DDoS
2.3319022822218756,4600.105371948521,6377.9842671817505,6,29,64421,22,tcp,ssh,RSTR,Benign,None
0.011023928467689662,1135.9434907404934,50.17557549929825,75,4,58742,53,udp,ssh,SF,Malicious,DDoS
1.6936863319209783,59.78498494532569,90.53118696709788,2,2,25305,2323,tcp,-,RSTR,Malicious,C&C
0.016996869011324956,1046.1202622841001,33.93743211598042,12,0,13015,8080,icmp,dns,REJ,Malicious,DDoS
0.49511656645261537,1627.7565080933728,12682.647514830862,15,78,55628,53,udp,-,RSTO,Benign,None
5.915073473463114,722.1385279723203,3040.4791324203993,4,14,17744,23,tcp,ssl,S0,Benign,None
0.006205579056362301,993.236944591165,34.71945749208066,10,1,43927,80,tcp,ssh,S0,Malicious,DDoS
2.91497354310005,634.0304361397328,3695.952696098374,7,5,52992,2323,icmp,-,S0,Benign,None
0.0697480577705013,151.2098199042315,0.0,4,0,33837,23,icmp,ssh,S0,Malicious,Mirai
1.2288919226825854,55.68587387936389,943.9255816599737,3,1,22533,22,tcp,dhcp,S0,Malicious,PartOfAHorizontalPortScan
7.350315687037998,895.8149302475844,108.1657156461394,2,3,30073,23,tcp,ssh,RSTO,Malicious,C&C
0.06116941097758302,164.46717694545893,0.0,4,0,25533,22,udp,dhcp,S0,Malicious,Mirai
4.863811051451365,90.91563618898607,592.4731965255385,3,1,39646,80,icmp,ssh,RSTR,Malicious,PartOfAHorizontalPortScan
1.8321423703721766,14.787425564919388,69.28577577232217,3,5,58563,8080,udp,dhcp,SH,Malicious,C&C
0.14490873659502942,1045.447967540308,6728.4275454460585,9,43,56650,53,udp,dhcp,SF,Benign,None
0.003107077283638523,1285.1899438184316,63.16478810590568,43,0,50804,53,udp,-,RSTO,Malicious,DDoS
26.653593530993867,135.02896404668576,762.9646078591031,2,1,34617,23,icmp,dns,SH,Malicious,C&C
0.0009343914597895949,1038.4153529033167,50.1093301324319,26,0,7816,23,udp,ssl,SF,Malicious,DDoS
6.224483691293408,33.7355784343039,64.10790004560324,3,3,13463,23,tcp,http,SH,Malicious,PartOfAHorizontalPortScan
0.13424882159118157,135.6452659190479,0.0,2,0,4236,23,tcp,dns,S0,Malicious,Mirai
0.06517592543029051,863.8557472546117,1448.085704144555,11,20,4760,53,tcp,ssl,SH,Benign,None
9.933858846308368,181.09592147904502,146.95177978224643,2,5,28608,443,icmp,-,S0,Malicious,PartOfAHorizontalPortScan
12.409886073930284,82.84720192694091,488.7219495314445,3,5,60009,22,tcp,-,S0,Malicious,C&C
0.0008853473666608908,1371.3925800426994,52.002618715365074,55,4,24461,443,tcp,-,SF,Malicious,DDoS
0.18907040330833377,165.05399142151273,0.0,4,0,36313,8080,icmp,dhcp,S0,Malicious,Mirai
0.03398531257881756,150.75046523186387,0.0,3,0,16219,443,udp,-,S0,Malicious,Mirai
1.516515955054409,10.084075387417407,131.3974728417824,4,4,21661,80,udp,dhcp,S0,Malicious,C&C
1.224544148841992,62.611311311173125,614.6084226182619,2,2,57903,2323,icmp,dhcp,RSTR,Malicious,PartOfAHorizontalPortScan
2.5381390129580517,669.0173385671299,4563.14268736275,20,40,23067,80,udp,dns,REJ,Benign,None
1.0595154150185337,894.4575799170416,6904.48956767856,24,79,12255,2323,tcp,dhcp,REJ,Benign,None
0.8116425863011967,312.7400367739833,116.40512386921931,4,1,27303,80,icmp,dhcp,SF,Malicious,PartOfAHorizontalPortScan
5.2088130497986995,425.70601630920527,302.61974022910005,4,1,51046,443,icmp,ssh,RSTO,Malicious,PartOfAHorizontalPortScan
1.9346310286303607,390.56810175216117,7412.384216213048,3,10,17441,23,icmp,dns,SH,Benign,None
0.07555827957168404,173.0224523007567,0.0,4,0,9939,53,icmp,dhcp,S0,Malicious,Mirai
0.026660989230298804,138.65679642504566,0.0,1,0,1361,80,icmp,-,S0,Malicious,Mirai
4.167294580070368,82.06688164363791,205.8344849830753,3,3,35914,443,udp,dhcp,RSTO,Malicious,PartOfAHorizontalPortScan
9.255967687059822,14.21783946376905,78.54434269402698,6,1,65042,23,icmp,http,RSTR,Malicious,PartOfAHorizontalPortScan
4.685188247200033,132.62630326444568,32.618078370307586,2,4,26726,80,udp,http,REJ,Malicious,C&C
0.013309058431766297,147.3604471593642,0.0,4,0,13606,2323,udp,-,S0,Malicious,Mirai
3.237277253240918,263.7779949082269,520.6642585116158,4,3,63619,80,tcp,dhcp,REJ,Malicious,PartOfAHorizontalPortScan
2.6964222699887634,200.29118557790184,20.583958169581777,7,2,63450,2323,udp,ssh,REJ,Malicious,C&C
0.0016504905335106197,1241.8427930486646,63.10605912813463,36,1,45676,80,icmp,dns,REJ,Malicious,DDoS
7.348212053516927,478.71334407825765,157.30015254741267,5,4,26154,53,icmp,-,SF,Malicious,C&C
2.058616789128979,249.72378412482334,1840.386324211318,49,4,59769,22,tcp,ssh,RSTO,Benign,None
0.7616926707079176,1138.466054181643,341.7610058208417,12,19,48853,23,udp,dns,REJ,Benign,None
8.234944536320706,57.893020368379815,36.034468297043574,5,2,7810,2323,icmp,ssh,RSTR,Malicious,PartOfAHorizontalPortScan
2.6902865189971186,36.97418094665381,153.68613969487674,3,1,34079,23,tcp,ssl,SH,Malicious,PartOfAHorizontalPortScan
2.691506563817031,432.925781708551,60.282269618080555,2,3,11798,443,udp,ssl,SF,Malicious,C&C
3.293782792520503,26.346120654728967,253.2523203902409,1,4,50733,80,tcp,dhcp,SH,Malicious,C&C
0.494921470743911,627.3659243006629,66.78379661273975,4,3,44855,53,icmp,ssh,SF,Malicious,PartOfAHorizontalPortScan
3.7518004781940975,816.8229463984624,34837.190630771256,19,7,35299,23,tcp,dhcp,S0,Benign,None
1.6747885367599795,9995.154112233673,1441.989885594098,8,28,39083,22,udp,ssl,SH,Benign,None
9.324284979416062,140.07422934347466,39.694884818202716,3,1,11991,23,udp,ssh,SF,Malicious,PartOfAHorizontalPortScan
0.0014055164505222839,859.1033262549366,63.51813324120028,91,3,16978,8080,udp,ssh,SF,Malicious,DDoS
2.9482411304123843,122.19905682919142,133.1285335037451,5,0,15282,22,tcp,ssl,SF,Malicious,C&C
6.5022963389905355,64.55251813192194,107.05965680618262,8,1,16615,2323,udp,ssh,SH,Malicious,C&C
0.7322648839032536,36.46822634713695,35.09608703903998,5,4,65298,2323,icmp,ssl,SF,Malicious,C&C
0.4760050232708582,2414.0840080399535,2100.0116779507366,23,46,38140,22,icmp,ssh,REJ,Benign,None
0.23682358174206863,166.78169684854973,0.0,3,0,18588,8080,udp,dns,S0,Malicious,Mirai
0.003447149178368566,1104.4001934923504,42.07137893063353,54,4,19457,80,tcp,-,S0,Malicious,DDoS
2.3872030154261106,565.991830140179,25.52960736489317,2,7,11707,22,tcp,http,RSTO,Malicious,PartOfAHorizontalPortScan
0.03413229043026287,277.42485620343297,871.013282144727,1,14,5778,8080,tcp,dns,SF,Benign,None
0.41455300403092954,163.20841871882624,0.0,2,0,12022,8080,udp,-,S0,Malicious,Mirai
5.7210726689920435,128.07805275759924,468.4405942129149,6,2,17512,443,icmp,ssh,SF,Malicious,C&C
2.8311094250635827,82.74014970048003,142.8330069499558,5,4,20992,8080,udp,ssl,REJ,Malicious,PartOfAHorizontalPortScan
8.828409067401651,224.70410820247898,61.01625487061161,3,1,17674,2323,udp,http,S0,Malicious,PartOfAHorizontalPortScan
1.3234479638121772,1539.1350683041185,1575.9228487704886,7,10,25029,443,tcp,ssl,SH,Benign,None
0.09531880200632223,1305.7480949488004,238.3846672883818,4,23,57111,443,udp,http,S0,Benign,None
0.08048428230134475,146.9717857817801,0.0,1,0,58829,8080,icmp,http,S0,Malicious,Mirai
2.6727561986751076,141.0077924366965,30.528014610828446,4,3,26489,22,udp,ssl,S0,Malicious,PartOfAHorizontalPortScan
3.086994992212809,662.2064178017882,304.95395578492787,19,9,15269,443,udp,ssh,RSTO,Benign,None
11.77350561786431,89.21270584131916,9.069461892237628,3,4,17473,23,tcp,dns,RSTO,Malicious,PartOfAHorizontalPortScan
1.1436476029217644,488.73056302005745,2052.324683321422,18,17,54391,53,icmp,dhcp,SF,Benign,None
0.004784248547007125,1152.924490087522,61.21188142569905,47,3,38804,23,tcp,http,SH,Malicious,DDoS
4.476433497170471,89.47453796688728,172.530929292535,4,1,14081,80,tcp,ssl,REJ,Malicious,PartOfAHorizontalPortScan
11.195397965708832,108.44805221940675,114.4739849732368,8,3,59975,23,udp,http,REJ,Malicious,PartOfAHorizontalPortScan
1.0215250001297926,7242.239616693995,533.4760816798365,2,62,24816,443,udp,ssh,SF,Benign,None
0.21438355860624825,188.24348459197654,120.23616620656128,4,2,18624,23,icmp,ssl,SH,Malicious,PartOfAHorizontalPortScan
0.17162394914385995,4843.909246570456,138.21966864291335,6,4,55523,443,tcp,dns,RSTO,Benign,None
0.0390984661810397,144.89483686675607,0.0,1,0,25935,80,udp,dhcp,S0,Malicious,Mirai
0.13222319733451646,154.9651959298096,0.0,3,0,11686,443,udp,dhcp,S0,Malicious,Mirai
4.883364628518072,57.038734096689794,96.33719386977502,2,1,11736,8080,tcp,dns,SH,Malicious,C&C
0.30468424359601637,146.52252359370829,0.0,1,0,5941,22,udp,dns,S0,Malicious,Mirai
0.07449679083960414,176.77184276591214,0.0,1,0,32583,2323,tcp,-,S0,Malicious,Mirai
3.712082831298036,455.6336750117233,186.62380108510453,3,3,7986,8080,icmp,http,REJ,Malicious,C&C
0.06679660245857455,124.27832900080102,0.0,3,0,64006,22,udp,ssl,S0,Malicious,Mirai
0.01095137557009276,135.0357937007505,0.0,4,0,40617,23,udp,http,S0,Malicious,Mirai
0.04523230187155732,87.16964040735525,100.62812382785066,2,3,19711,443,udp,dns,REJ,Malicious,PartOfAHorizontalPortScan
0.00037965537055248655,1302.704585217776,43.691790060925584,97,4,45800,8080,icmp,ssh,SH,Malicious,DDoS
0.0018288061381351783,1300.0340272233823,57.084438707354856,74,4,39863,80,icmp,http,S0,Malicious,DDoS
0.007639772210559306,1278.270393860185,53.748480783328205,84,4,56127,8080,tcp,dns,RSTO,Malicious,DDoS
11.133308862142684,168.75552454248344,82.16220154783743,2,1,8690,443,udp,ssl,REJ,Malicious,C&C
0.006871835956815279,139.54453440637408,0.0,2,0,5890,2323,udp,ssl,S0,Malicious,Mirai
0.8675011211342637,59.68130868062642,19.881374634328974,2,6,10662,23,tcp,dhcp,REJ,Malicious,C&C
1.8536127789560095,766.1888100799198,326.337216277216,4,3,56079,443,udp,dns,SF,Malicious,C&C
11.819745647766464,132.3126357551682,105.82040405083696,5,2,14224,23,udp,dns,RSTO,Malicious,C&C
1.274138960963553,192.5145798492656,141.08688425255582,5,7,63161,80,tcp,-,SH,Malicious,PartOfAHorizontalPortScan
0.02031855938287013,177.2523124276461,0.0,4,0,8449,443,icmp,dhcp,S0,Malicious,Mirai
0.10826522177413556,146.25597261783048,0.0,2,0,21546,22,udp,dns,S0,Malicious,Mirai
11.075480024815967,330.27554784922955,177.86796424657192,3,5,25784,23,icmp,dhcp,RSTR,Malicious,PartOfAHorizontalPortScan
0.0044260724036694395,1240.5185229295023,58.271023817633406,89,3,49422,2323,udp,http,REJ,Malicious,DDoS
0.0023360678408988387,1049.1985627367171,76.5372487536635,88,4,4111,22,udp,dhcp,SH,Malicious,DDoS
0.014068806820001197,1318.9418284463477,41.626192103175335,74,1,3292,80,tcp,http,SH,Malicious,DDoS
0.0007705287958910315,1289.5796218235928,52.33865101009247,61,3,16179,2323,udp,ssl,SH,Malicious,DDoS
3.1791585302008896,475.7968048686403,1235.511566558395,2,4,54294,2323,tcp,dns,SH,Malicious,PartOfAHorizontalPortScan
1.2599553710654832,53.66645553079584,99.401876595734,7,3,60711,2323,tcp,http,RSTO,Malicious,C&C
0.2585394756236594,184.80422909470056,0.0,4,0,48469,443,icmp,-,S0,Malicious,Mirai
0.12924839351769957,154.28857860824894,0.0,1,0,42807,23,tcp,dns,S0,Malicious,Mirai
0.9263282466840448,923.3547494475547,2090.5739509697505,2,15,62310,8080,icmp,ssl,SH,Benign,None
0.2816349418869372,132.9763903510503,0.0,2,0,45912,443,udp,ssh,S0,Malicious,Mirai
0.43487618349014345,364.5681528210101,8939.427598301396,21,13,8826,443,udp,dhcp,SF,Benign,None
2.010248084695928,2947.193950696034,1682.93312025371,14,50,24408,80,icmp,http,SF,Benign,None
1.3548555075046647,5284.162886569786,315.06687166599335,10,7,41157,23,icmp,ssl,REJ,Benign,None
0.0030312456802182412,1106.2920750183425,61.67866543274067,38,0,6032,8080,tcp,-,SF,Malicious,DDoS
0.8282679889102526,992.1562431309497,3196.2003856412853,38,6,13228,80,tcp,dhcp,REJ,Benign,None
2.181288254201613,1817.921156175912,94.47723545492619,8,2,50980,2323,tcp,http,RSTR,Malicious,C&C
2.7639485361763843,601.6412521383817,7261.263644867641,8,22,8834,80,udp,dhcp,RSTR,Benign,None
0.024844998359003747,172.98056125996587,0.0,1,0,42559,22,udp,dns,S0,Malicious,Mirai
0.11130906906193108,137.5288188940172,0.0,2,0,39526,23,tcp,dns,S0,Malicious,Mirai
0.18154785528716225,132.36078471465652,0.0,2,0,51010,443,udp,dns,S0,Malicious,Mirai
1.4795853368458611,35.06786604999745,53.404884535936944,4,4,52841,443,udp,http,REJ,Malicious,C&C
0.27525614123234693,2877.2749249842113,3265.5322940255637,51,14,64269,2323,icmp,ssl,RSTO,Benign,None
1.5923618831255166,3564.729466612246,151.65830694489898,28,45,33008,53,icmp,-,RSTR,Benign,None
13.889188931912024,97.04806383243593,148.63042488220074,2,5,52967,22,icmp,dns,S0,Malicious,PartOfAHorizontalPortScan
2.883631771948541,261.1731216178132,226244.4217130223,13,5,21707,80,icmp,-,SF,Benign,None
0.19726548369867355,14.342693441266851,174.48512126367433,7,2,22735,2323,icmp,http,S0,Malicious,PartOfAHorizontalPortScan
0.0036256368766703112,1181.9223245196513,68.64048530411759,79,3,30188,53,udp,dns,RSTR,Malicious,DDoS
5.929714521836729,17.43655944833813,134.82792533553788,3,2,49071,23,udp,ssl,REJ,Malicious,C&C
0.2735964582204207,3127.8988346211386,3739.610041076017,2,48,23155,23,tcp,dns,S0,Benign,None
0.18462116216302404,158.2843516990167,0.0,3,0,44470,53,tcp,ssl,S0,Malicious,Mirai
0.009674953235191573,1129.5014852361935,50.57091984775741,59,3,26765,2323,tcp,dhcp,S0,Malicious,DDoS
3.27943790528779,59.72334176773488,121.75200131715593,2,1,22995,2323,udp,dns,RSTO,Malicious,PartOfAHorizontalPortScan
4.6956951621320595,1151.9344490963288,2231.811832697406,3,37,16753,53,icmp,-,S0,Benign,None
13.233577582470232,246.97702686088235,80.15231681797472,7,1,58221,443,icmp,dns,REJ,Malicious,C&C
3.3215584536419263,328.3061422102423,110.3539335040795,3,2,23549,8080,tcp,ssh,RSTR,Malicious,PartOfAHorizontalPortScan
2.6513654163413274,104.95710077686314,306.8951211800388,2,4,65533,80,udp,http,SH,Malicious,PartOfAHorizontalPortScan
0.011708241176390704,1043.012909109984,54.549147510800225,79,4,5746,53,tcp,dns,SH,Malicious,DDoS
5.997530310133183,226.67286937606556,29.8234498029463,2,2,46569,53,tcp,http,REJ,Malicious,C&C
10.18920298146952,121.82441935331723,108.7959646758599,3,4,42470,443,icmp,dns,REJ,Malicious,C&C
15.289759537928926,143.3710120377811,367.13058437298355,9,1,5312,2323,tcp,dns,RSTR,Malicious,PartOfAHorizontalPortScan
1.5935743032794767,346.64395236786294,283.7951446775929,3,3,15871,23,icmp,ssh,RSTO,Malicious,PartOfAHorizontalPortScan
5.947723882182526,182.144053596715,223.4395533749608,6,1,44907,22,udp,ssh,S0,Malicious,C&C
0.7157805910591685,449.31360496789347,261.5439003527068,4,2,17412,443,tcp,dns,RSTR,Malicious,C&C
9.87538547626183,167.00369937339576,18.181932067084393,2,3,28099,23,icmp,http,RSTO,Malicious,C&C
0.06678677220891009,767.7959508076098,204.99277650464094,3,1,37559,80,udp,dhcp,RSTO,Malicious,PartOfAHorizontalPortScan
0.5560093721023811,312.4060601721754,428.91154703627024,5,4,47245,8080,tcp,ssh,S0,Malicious,PartOfAHorizontalPortScan
1.7760173400618593,959.8482964579526,1608.0466043691545,44,4,13723,443,icmp,ssh,RSTO,Benign,None
0.0003086899742840357,1385.747720929573,32.26280875410757,22,3,5944,22,icmp,dns,SF,Malicious,DDoS
0.010391719471021446,1335.6909628185401,63.384103162161814,85,1,3661,8080,tcp,ssl,REJ,Malicious,DDoS
5.679674447178354,44.52658163881396,185.90888386319378,4,2,14135,443,icmp,ssh,S0,Malicious,PartOfAHorizontalPortScan
1.1436417202618907,183.27106521540597,71.47561447246514,3,2,31218,8080,icmp,ssl,SF,Malicious,PartOfAHorizontalPortScan
0.045860045221904566,173.83862472430147,0.0,3,0,9668,53,tcp,ssl,S0,Malicious,Mirai
0.37294565173601835,109.64491840761964,355.75696346426287,3,2,4709,8080,tcp,ssl,SF,Malicious,PartOfAHorizontalPortScan
0.1853628627595033,143.79134842976535,0.0,4,0,59574,2323,tcp,ssh,S0,Malicious,Mirai
2.3285826223232817,56.09554147353098,57.648739411216795,3,1,35230,80,udp,dns,RSTO,Malicious,PartOfAHorizontalPortScan
0.4751925703453735,43.4233423855443,383.34992823772757,6,6,63083,2323,udp,dns,REJ,Malicious,C&C
0.6162617973335115,674.0630665733125,12275.94167280894,15,12,30035,23,tcp,http,RSTO,Benign,None
11.596285850248192,155.36978239323216,158.9829364186751,2,2,64275,443,tcp,dhcp,S0,Malicious,PartOfAHorizontalPortScan
0.005858452725393256,147.99605477559876,0.0,2,0,16606,53,icmp,-,S0,Malicious,Mirai
1.360749367646388,591.2199321353584,591.2553513254966,19,28,13925,22,udp,dns,S0,Benign,None
0.010717576215703541,1151.14058419005,52.1370629433824,60,4,21470,53,udp,ssh,SF,Malicious,DDoS
0.006971805524791081,1322.4836058702908,32.38166010468525,86,4,21541,53,icmp,dhcp,REJ,Malicious,DDoS
4.527751039587392,400.70044471473375,173.62259299559335,5,4,28551,22,udp,dhcp,SH,Malicious,C&C
0.8254131433343415,705.9050358910183,6900.636596496192,2,7,43620,8080,tcp,ssh,RSTO,Benign,None
7.199754413136299,51.443987995336194,45.15606392773092,4,2,26914,2323,icmp,-,S0,Malicious,C&C
0.608936225279535,3197.619208543451,985.7148655319432,2,25,31956,443,icmp,dhcp,S0,Benign,None
8.987214920884144,769.8771462625947,67.39727072569023,2,1,5987,443,udp,-,SF,Malicious,C&C
15.423740091406268,107.4183716465714,229.84943996442217,2,0,51305,53,udp,ssl,SF,Malicious,C&C
3.0344833742332566,328.24429831952114,238.9920210669518,3,5,58172,22,icmp,http,RSTO,Malicious,PartOfAHorizontalPortScan
1.1689049429835305,6917.540797636635,966.7873065728237,13,2,45882,443,udp,dns,REJ,Benign,None
2.414963524828209,280.6341432235698,106.2974604341996,5,2,14645,22,udp,dns,RSTO,Malicious,C&C
0.16057744608745714,143.9911012453767,0.0,4,0,29774,53,icmp,ssh,S0,Malicious,Mirai
2.800555214202536,76.78245575295419,560.397532610068,5,1,43168,8080,udp,dns,S0,Malicious,C&C
0.08621886710737742,147.85740730318136,0.0,4,0,60043,23,tcp,dns,S0,Malicious,Mirai
1.292563369008037,73.09726872002021,106.36171257442057,2,3,1618,443,icmp,-,RSTO,Malicious,PartOfAHorizontalPortScan
3.402365486849047,4558.362924738978,2895.81694987626,9,40,33941,2323,tcp,ssl,SF,Benign,None
0.6272584348045047,5369.26966918651,13470.672807969764,7,12,42152,8080,icmp,dns,REJ,Benign,None
0.4260812986129986,1690.4058033644394,4013.6007120192753,109,5,28483,8080,icmp,-,S0,Benign,None
0.18393746537420827,852.4826820757158,9471.995388528308,43,3,11522,2323,tcp,http,SF,Benign,None
0.11867519336906462,164.54038614708165,0.0,1,0,42614,80,udp,ssh,S0,Malicious,Mirai
1.0709308353225946,176.28339098255464,155.35654967020207,6,2,10485,2323,tcp,-,SH,Malicious,C&C
0.0012455152573593593,1284.2393690190347,70.6843534052108,12,4,41158,80,udp,-,REJ,Malicious,DDoS
1.5550611289132845,177.61763301037462,24.8968560407759,8,1,11455,23,tcp,dns,RSTR,Malicious,C&C
0.5428269474695523,1355.5438620638263,1045.9381555540692,26,4,1040,22,udp,-,SF,Benign,None
3.89805747427371,447.38273529990084,7045.689145312806,33,26,36453,22,icmp,dns,SH,Benign,None
4.299089436033837,106.0821783308981,46.77578531725951,2,1,10412,23,icmp,dhcp,RSTR,Malicious,C&C
0.16038202768572352,142.4511901942844,0.0,2,0,46972,53,tcp,http,S0,Malicious,Mirai
30.05470836665883,60.33055950527845,174.6304405167741,1,2,38073,8080,udp,-,SF,Malicious,PartOfAHorizontalPortScan
0.0177144617053666,347.63945695924747,122.41487562121948,4,1,36674,2323,tcp,ssh,REJ,Malicious,PartOfAHorizontalPortScan
0.05162226158308012,142.56090650187343,0.0,3,0,45868,2323,icmp,-,S0,Malicious,Mirai
0.8209769107953282,1770.1833824488751,291.82804379491625,4,40,7858,8080,tcp,dns,S0,Benign,None
0.006015321347524444,1012.9314415881906,46.44116100140099,34,4,55634,23,udp,ssl,S0,Malicious,DDoS
0.06233121040007015,153.01307853478212,0.0,1,0,62641,2323,icmp,http,S0,Malicious,Mirai
0.00411572970051364,1359.970899376018,60.34319416401822,64,4,10925,443,icmp,-,SF,Malicious,DDoS
0.23468802738464445,115.5579675065314,0.0,2,0,17336,22,icmp,ssl,S0,Malicious,Mirai
0.0011537901060850808,1244.398582156053,47.194914153755306,78,2,59633,2323,udp,dhcp,REJ,Malicious,DDoS
1.4911966906740877,1917.2264878718213,3138.445822076832,6,2,31300,23,udp,-,RSTO,Benign,None
6.031620769370388,196.2058121419354,126.46169821255063,3,1,36218,443,udp,dns,SF,Malicious,C&C
0.02776645186762213,1219.71183351227,51.87637854364254,51,4,64189,80,icmp,http,RSTR,Malicious,DDoS
2.5408763799130663,50.856936255464454,417.49138587063663,4,5,47661,22,icmp,dhcp,SH,Malicious,PartOfAHorizontalPortScan
2.7095944921750705,275.3570155176752,209.87812777265398,2,1,16843,80,tcp,ssl,RSTO,Malicious,PartOfAHorizontalPortScan
0.42816610085592705,144.8391513955587,0.0,3,0,23277,443,udp,http,S0,Malicious,Mirai
2.268645300886398,3922.3064673129657,679.6125971913347,4,13,21967,443,icmp,dns,RSTO,Benign,None
0.6684639241099964,102.04003448275267,0.0,1,0,59624,2323,udp,-,S0,Malicious,Mirai
12.255208540656763,442.9066532796554,50.06957265047363,2,1,42229,2323,tcp,ssl,REJ,Malicious,C&C
0.16745126653301923,926.2696044305745,4125.341900637221,4,33,35834,80,icmp,dns,SF,Benign,None
2.1196810375009556,1875.047401429909,243.05293346483762,4,4,11806,53,tcp,http,SH,Benign,None
0.7074136084194655,55.74276727774775,146.76327058818447,2,2,36449,22,icmp,dhcp,RSTR,Malicious,C&C
1.0958307923190123,152.3327143053004,105.42790360062943,1,4,22220,80,icmp,http,S0,Malicious,PartOfAHorizontalPortScan
7.306684312663775,244.97746738003443,76.37774024401642,4,2,30170,443,udp,-,RSTR,Malicious,PartOfAHorizontalPortScan
1.0463187846555395,1958.0286671823467,4572.838550136837,4,29,51315,22,icmp,dns,RSTO,Benign,None
0.05762494217931907,141.50803667955714,0.0,2,0,44046,443,udp,ssh,S0,Malicious,Mirai
0.07474757077040552,1632.1239816327839,30010.90160698011,5,25,61263,443,icmp,http,RSTO,Benign,None
3.6416626186956087,168.92107686556702,209.65388050465964,5,7,15633,23,udp,dns,SF,Malicious,C&C
0.016019387690629473,1136.1098690013803,46.28709698569631,32,4,6024,80,tcp,ssh,RSTR,Malicious,DDoS
0.020410323757735296,1091.0964224465602,33.43395081515608,82,4,38640,80,tcp,-,RSTO,Malicious,DDoS
2.985428225576963,957.4470008074087,72.55554713256932,5,4,47196,23,icmp,ssh,REJ,Malicious,C&C
0.12568707375978228,125.5197619678005,0.0,3,0,11635,8080,icmp,ssh,S0,Malicious,Mirai
1.375705774372202,2259.995243518831,272.42601855616414,4,1,58467,22,udp,ssl,RSTO,Malicious,C&C
8.198273591282815,102.52931816553885,87.35710182156758,4,2,54998,443,icmp,ssl,RSTR,Malicious,PartOfAHorizontalPortScan
9.134596950794917,268.4336523043599,217.71002639884483,5,3,14732,80,udp,dns,SH,Malicious,PartOfAHorizontalPortScan
1.1117882274520718,120.49864367899644,5648.774603902262,6,14,53381,8080,udp,http,SH,Benign,None
0.023263252377087533,1157.1870658703426,63.40933507741839,23,3,21450,8080,icmp,-,S0,Malicious,DDoS
0.029882457492289752,738.7452565828329,4738.9470683595555,31,51,25747,53,tcp,-,SF,Benign,None
8.125910170650672,1001.5429607852775,52.57786312196514,3,4,51883,23,tcp,ssl,REJ,Malicious,PartOfAHorizontalPortScan
3.7897567002669827,8139.345610542482,891.171162974017,2,38,14818,80,icmp,dhcp,REJ,Benign,None
0.006938017401909824,156.25153150671127,0.0,2,0,8650,53,tcp,ssl,S0,Malicious,Mirai
0.12097596517287142,162.89682579108452,0.0,3,0,16658,23,tcp,ssl,S0,Malicious,Mirai
13.05623625801848,40.977348389179646,232.26822789591955,4,3,60502,22,tcp,dhcp,SH,Malicious,C&C
4.0942087853236675,224.26130907420946,2184.2457555901187,14,75,8183,2323,udp,dhcp,RSTR,Benign,None
2.6898728487242227,143.3169340030287,59.899816437110495,4,2,27699,23,tcp,ssl,S0,Malicious,C&C
0.007966332114741832,1288.298620546179,55.16557044799835,77,4,6793,23,icmp,-,SH,Malicious,DDoS
0.8588490022843929,192.01891074167682,52.00588686907289,3,2,32171,2323,udp,ssl,REJ,Malicious,C&C
0.002824943819189132,1278.3128572894648,53.759863999874305,34,3,5298,53,tcp,-,S0,Malicious,DDoS
5.9417917571718135,261.05576895601575,429.1272974471479,2,5,24124,23,udp,http,RSTR,Malicious,PartOfAHorizontalPortScan
14.66765480922075,101.3286206169233,311.1035030684569,3,3,41589,23,tcp,http,RSTO,Malicious,C&C
1.5044608599377922,969.017653374458,9087.892115414394,7,36,2034,22,tcp,http,S0,Benign,None
10.364603574549944,65.01678272385648,76.50789061043997,4,2,16513,8080,udp,dns,S0,Malicious,PartOfAHorizontalPortScan
1.7585045331496758,1193.9030506539648,168.3542178976524,3,2,49493,53,udp,-,RSTR,Malicious,C&C
6.3443274265877365,2844.531396878136,1057.4216281568717,4,24,55942,443,tcp,dhcp,SF,Benign,None
6.481196336666384,120.14611681766813,65.24044948384328,3,1,54033,53,icmp,ssh,SH,Malicious,C&C
8.325295895990209,53.160000429568534,124.99102723927429,4,2,42436,53,tcp,dhcp,SH,Malicious,PartOfAHorizontalPortScan
0.055921575821916064,141.92593132004185,0.0,2,0,58156,2323,icmp,ssh,S0,Malicious,Mirai
12.658249490274473,340.0691689676229,365.8489142457162,6,7,50357,443,icmp,http,REJ,Malicious,C&C
0.022503800143232843,136.90269682687946,0.0,3,0,19964,23,icmp,dhcp,S0,Malicious,Mirai
0.07968452374859258,131.55297341876164,0.0,1,0,11497,2323,tcp,dns,S0,Malicious,Mirai
0.04153576096936544,133.6122633900242,0.0,1,0,40995,443,icmp,-,S0,Malicious,Mirai
0.38849314731733725,137.13371345680358,0.0,4,0,28065,23,udp,ssl,S0,Malicious,Mirai
15.412518699571478,389.4261478216571,269.34276874796,4,1,2631,53,tcp,dns,SF,Malicious,C&C
1.7814428409638825,44.2219037373028,105.51370153908003,4,3,15347,8080,icmp,ssl,SH,Malicious,PartOfAHorizontalPortScan
4.993533728841925,18.476743159380494,49.930518671700675,2,3,27528,22,tcp,dhcp,S0,Malicious,C&C
0.002345645763334636,1322.4277459355733,38.019783536650465,73,0,26183,80,udp,dns,RSTR,Malicious,DDoS
4.533410981494748,126.05859529800759,123.49114087382763,2,2,38688,2323,tcp,-,SH,Malicious,PartOfAHorizontalPortScan
0.009519987377803265,1095.3584763806289,54.07689736837177,98,1,1061,2323,udp,-,RSTO,Malicious,DDoS
5.714979639613979,265.3366879069365,164.53411351837838,3,1,59779,22,tcp,dns,REJ,Malicious,PartOfAHorizontalPortScan
0.3772944911299591,142.94164794217141,403.1402999662631,5,3,33430,22,tcp,dns,RSTR,Malicious,C&C
4.44331130203449,1666.3505591582662,90.0848843703627,2,2,19071,22,udp,http,SH,Malicious,PartOfAHorizontalPortScan
0.010747664021459625,1240.6847635139784,52.24961151682737,40,1,24066,53,tcp,-,RSTR,Malicious,DDoS
0.06755842539034955,156.4154785339682,0.0,3,0,7129,80,udp,-,S0,Malicious,Mirai
1.0897804094867116,662.9879307283135,137.3444479187309,1,2,6640,80,udp,http,SH,Malicious,PartOfAHorizontalPortScan
0.01180116734542568,147.24517801884843,0.0,4,0,40259,8080,tcp,http,S0,Malicious,Mirai
0.010851305309078022,120.52482197313205,0.0,4,0,13327,8080,tcp,dns,S0,Malicious,Mirai
0.011038150267920214,172.46854574191525,0.0,3,0,45332,22,tcp,dhcp,S0,Malicious,Mirai
1.6953441321715366,2158.122904959732,2810.6868034904696,9,9,23027,23,tcp,dhcp,SH,Benign,None
0.15668466637304126,119.09509782980875,0.0,1,0,12743,8080,tcp,dns,S0,Malicious,Mirai
0.20873240806451177,230.44305334670966,481.68942649513514,3,3,54145,2323,tcp,-,RSTO,Malicious,PartOfAHorizontalPortScan
0.01448644389964665,1122.01933242624,59.91926309886955,83,1,33276,22,udp,ssl,RSTO,Malicious,DDoS
3.4271024834798225,263.4943368924318,136.00979743535873,2,1,34205,2323,icmp,dns,SF,Malicious,PartOfAHorizontalPortScan
4.392611799791096,488.84243387719107,199.6521227865024,9,14,32557,8080,udp,ssl,S0,Benign,None
0.0050981837794767,1289.2790245214394,49.1318727603935,91,0,9991,2323,icmp,-,REJ,Malicious,DDoS
4.3173960528459805,406.2184181696885,548.0150700795833,4,1,50176,2323,icmp,ssl,SH,Malicious,PartOfAHorizontalPortScan
5.3901018097645705,46.76363934290514,41.137824822988726,3,7,28151,80,icmp,ssh,RSTR,Malicious,PartOfAHorizontalPortScan
0.4314767752999106,2760.162481885449,5481.538168685691,4,4,49862,2323,tcp,http,RSTO,Benign,None
0.31399010369489583,5028.796270846918,2206.9087506061255,25,3,51326,80,icmp,dhcp,S0,Benign,None
2.7287296274816257,44.24590735784565,189.74265119291218,4,4,34580,2323,udp,http,SF,Malicious,C&C
4.009124798523789,106.94336641980667,143.64355754363368,3,2,15791,80,tcp,ssl,SH,Malicious,PartOfAHorizontalPortScan
10.250303392552047,93.90869749564942,433.3197595842481,2,3,15742,8080,tcp,http,S0,Malicious,C&C
2.030159303172143,1615.000681768523,179.45759785861418,5,8,46633,22,tcp,http,REJ,Benign,None
4.16552666270993,73.84504446814486,33.400127305459385,2,2,11247,53,tcp,ssl,RSTO,Malicious,C&C
0.07907713393992216,157.37505072655424,0.0,4,0,40156,53,tcp,dns,S0,Malicious,Mirai
3.6450167657584105,175.93141098574182,219.0561541460824,5,2,62435,2323,tcp,ssl,SF,Malicious,PartOfAHorizontalPortScan
0.0030819434520166855,1195.6720412111865,50.32469990707976,22,0,33182,80,udp,dhcp,SH,Malicious,DDoS
2.3746592722639166,367.556941761255,8913.966814068095,6,7,1043,23,tcp,ssl,RSTR,Benign,None
4.098028759933823,2725.0762314030426,6901.8764047392415,24,9,17689,8080,icmp,dhcp,S0,Benign,None
5.700506448777537,624.5465698077082,54.66256635632008,2,1,32040,53,icmp,http,SH,Malicious,C&C
0.004838287615652951,1333.4506133337838,49.7088811887064,76,1,12002,443,icmp,dns,SH,Malicious,DDoS
1.4522955567787663,784.9619653579304,1273.331851804061,10,26,53656,23,tcp,dns,REJ,Benign,None
8.217941476485217,183.13591673757236,44.590297986125634,6,2,8861,22,icmp,ssl,REJ,Malicious,PartOfAHorizontalPortScan
3.0553266350002755,2494.994999384605,10338.168247074345,10,8,9978,22,tcp,ssh,SH,Benign,None
0.025477242587043973,138.30086430841052,1380.5309197415925,5,8,23759,8080,tcp,dns,RSTO,Benign,None
1.5404000680669834,1282.1148776527252,4818.383356002568,16,56,23301,8080,tcp,-,RSTR,Benign,None
0.0634916404432224,178.1181510328055,0.0,3,0,3091,2323,tcp,-,S0,Malicious,Mirai
0.47932155470328763,169.37615628126733,0.0,1,0,4072,22,tcp,ssh,S0,Malicious,Mirai
1.42979882215695,35.9572451750767,285.5417160148056,4,5,52921,8080,icmp,dns,SH,Malicious,PartOfAHorizontalPortScan
2.154858400059175,639.8380913947441,1782.7285300833835,155,13,65180,80,icmp,dhcp,SH,Benign,None
0.010655733419477117,110.56758274287674,0.0,1,0,10991,80,icmp,ssh,S0,Malicious,Mirai
0.0030594509879128266,1265.6898706319648,42.776525953849706,33,4,43178,22,udp,ssh,REJ,Malicious,DDoS
4.911570971257068,24.843773977684716,142.87358541808072,6,2,30071,23,icmp,-,S0,Malicious,PartOfAHorizontalPortScan
2.458606570692879,121.74471712497515,544.9125924940192,5,3,32909,8080,icmp,dhcp,RSTO,Malicious,C&C
1.633551616939095,191.35449203219275,297.9873329848525,4,1,7147,8080,icmp,dhcp,SH,Malicious,C&C
0.001015639325927313,1197.3862130722039,44.26791161921393,78,0,30500,8080,icmp,ssl,S0,Malicious,DDoS
0.6527971702296582,1542.6360890062685,1831.6761308589985,20,5,58696,443,udp,ssh,RSTR,Benign,None
0.0027570035712423334,1143.0504019945556,52.52753969061446,54,1,55455,23,tcp,dhcp,SF,Malicious,DDoS
0.6868133710884342,2376.018609683261,804.8407944664931,8,10,20787,443,tcp,http,RSTO,Benign,None
1.1806384212966008,2985.1429383662726,1501.1164294604353,4,38,31568,2323,udp,-,REJ,Benign,None
0.10608897119113778,3630.691959200017,937.7062787313937,21,6,61844,22,icmp,dhcp,SF,Benign,None
0.5819015366039337,3097.9852696474145,1688.7127798655486,30,24,47374,23,tcp,ssh,RSTR,Benign,None
8.409612253861615,319.0786086011161,650.4863379193299,4,2,34361,23,udp,dhcp,RSTO,Malicious,PartOfAHorizontalPortScan
2.8091065497030403,544.0686141374385,5703.692112282838,7,15,12007,53,tcp,ssh,S0,Benign,None
2.8689563543866177,63.53192133053958,156.18526961829676,4,4,42052,23,udp,dhcp,S0,Malicious,PartOfAHorizontalPortScan
2.651328023970717,819.1668570948142,1643.7588509027544,3,7,42519,53,tcp,http,REJ,Benign,None
13.356928401748778,750.5782004258305,241.15407311227904,6,3,41904,80,udp,http,REJ,Malicious,C&C
2.325247601994583,398.5614072750547,234.91040393604538,5,2,58759,443,udp,dhcp,RSTO,Malicious,PartOfAHorizontalPortScan
0.0782857756699763,116.51603436635303,0.0,3,0,26123,23,icmp,-,S0,Malicious,Mirai
0.1264796852080303,140.01011339328477,0.0,3,0,10242,22,icmp,dns,S0,Malicious,Mirai
1.1057612014154363,303.1369725739492,636.4087785656596,3,2,24821,2323,icmp,-,S0,Malicious,PartOfAHorizontalPortScan
8.022509855111386,18.12694142447414,75.67594573113917,2,2,39540,8080,tcp,-,SF,Malicious,C&C
0.17361220322857873,190.73744343591633,0.0,3,0,13113,80,tcp,ssh,S0,Malicious,Mirai
0.1448461613281325,145.56429597843217,0.0,2,0,48342,53,tcp,dhcp,S0,Malicious,Mirai
1.2807832807797987,2060.923204512181,24960.61933507011,6,6,30396,22,udp,ssh,SH,Benign,None
2.784052874845853,45.71900274186531,154.82432607511953,2,2,36563,23,tcp,dhcp,RSTO,Malicious,C&C
0.00023783009793237227,1114.4517304074418,47.26372389606732,32,3,61036,53,udp,dns,SH,Malicious,DDoS
5.825529987711077,141.04469451648765,260.6295179729244,2,2,31186,80,icmp,ssl,REJ,Malicious,C&C
0.8352934778119812,2242.057650610902,31.406981038253054,6,2,35334,23,tcp,-,SF,Malicious,C&C
3.222127060134394,614.5795642532713,88149.05349978564,4,4,20599,22,icmp,dhcp,SH,Benign,None
6.545024532408451,535.3868630831306,167.68393648526296,2,2,18528,80,icmp,ssl,RSTR,Malicious,C&C
4.756034004497006,250.55497191763084,12070.804910176454,8,2,3437,80,icmp,-,SF,Benign,None
0.031242031366771852,153.04134870938225,0.0,2,0,33810,80,udp,http,S0,Malicious,Mirai
3.3375471878792413,115.09416143826064,25.477704180178936,2,2,34739,443,udp,ssl,SH,Malicious,PartOfAHorizontalPortScan
9.412479544706157,394.46377798409543,194.90611678224678,5,5,39231,8080,icmp,dhcp,S0,Malicious,C&C
0.014467348596123553,1230.700306000536,56.445551141916944,28,2,50725,8080,tcp,dns,S0,Malicious,DDoS
2.7790268632189625,91.18649847198228,133.0497991422718,4,1,57171,2323,tcp,dhcp,RSTR,Malicious,C&C
0.017009006461562007,999.6660142990559,29.38594575977095,73,3,43349,53,tcp,http,SH,Malicious,DDoS
0.0033215740723282145,1243.03626415065,41.82798930497986,60,4,38945,23,udp,-,SH,Malicious,DDoS
0.00031822801934673254,1289.0418585490208,46.433113467122745,16,1,27214,80,icmp,-,RSTO,Malicious,DDoS
0.0002801863738724186,1127.7253393707715,45.21445733282282,55,1,49270,2323,udp,http,RSTR,Malicious,DDoS
3.4985478108155372,248.55412535347642,108.00412901140086,3,1,53267,2323,udp,-,SF,Malicious,C&C
0.8786706609194616,1965.2450644725313,14185.463724797806,4,43,34829,53,udp,http,SH,Benign,None
0.20220701395080687,153.2622542273082,0.0,1,0,56121,80,udp,ssh,S0,Malicious,Mirai
2.299691664405942,102.81974281161742,100.4430412978293,8,4,33283,8080,icmp,ssl,RSTO,Malicious,PartOfAHorizontalPortScan
2.8840474580387285,1623.1616698872513,286.08777163392824,14,26,31590,8080,tcp,http,SF,Benign,None
1.4743097746211666,47.22450706348389,350.23016265225004,2,2,14472,2323,udp,ssh,RSTO,Malicious,C&C
2.591862013148522,8918.990687655429,160.25216408124965,12,13,53789,22,icmp,-,RSTO,Benign,None
0.016277177965806588,131.27166602272047,0.0,1,0,7678,53,icmp,http,S0,Malicious,Mirai
6.104239198790817,227.0840898050705,36.87461154265674,2,1,19225,2323,udp,ssh,RSTO,Malicious,PartOfAHorizontalPortScan
1.8394743854223696,5842.379710504455,16307.649659201543,58,16,4048,80,tcp,dns,RSTR,Benign,None
4.909450809621965,270.17886031650687,248.6790285397772,5,1,54619,8080,udp,ssl,RSTR,Malicious,PartOfAHorizontalPortScan
0.00419972507134387,1146.7393243326503,37.40628725034037,87,3,40140,53,tcp,ssh,SH,Malicious,DDoS
0.3585271294726051,731.9972152309808,2361.6033285316157,5,3,12993,23,tcp,-,S0,Benign,None
2.015450201379362,910.9331354124965,9621.572621150663,6,15,13954,8080,icmp,http,RSTR,Benign,None
0.004018345810712279,1047.5015059855941,55.69339172925298,64,1,62818,443,udp,-,RSTO,Malicious,DDoS
0.9407706520379346,156.43994679913058,860.9783515474039,4,3,51417,8080,tcp,dhcp,RSTO,Malicious,C&C
2.265854411960294,374.7741224782464,15867.545547600805,5,10,51340,80,tcp,http,SH,Benign,None
0.012973336245410342,1043.2578735766474,51.43405961071304,96,0,42583,2323,udp,ssh,RSTO,Malicious,DDoS
0.0027636532006528485,1257.5356724520125,51.1845954873922,65,2,51001,80,tcp,http,SH,Malicious,DDoS
0.02089928110694104,127.36227242934804,0.0,4,0,49257,22,icmp,dns,S0,Malicious,Mirai
6.47045563872889,75.39264055536293,376.52027078327694,6,1,43702,22,icmp,-,REJ,Malicious,C&C
4.251991029132368,88.29629574710006,121.91294569214584,2,1,28301,2323,udp,dhcp,SH,Malicious,PartOfAHorizontalPortScan
8.616964670749281,116.8145721669612,85.91253617452553,2,5,59772,80,tcp,dhcp,RSTO,Malicious,C&C
0.5271517075481911,246.98693826267493,4163.343512620481,16,16,39251,443,icmp,http,S0,Benign,None
0.16395848356738843,251.67559386986545,2686.968838879438,17,35,29780,443,tcp,http,RSTO,Benign,None
1.6259679228071924,31.183511984362042,230.45914353141185,5,2,39220,443,tcp,ssl,REJ,Malicious,PartOfAHorizontalPortScan
2.2498521191156224,3149.1643551672523,12284.127025360001,3,43,33903,80,udp,http,REJ,Benign,None
0.6948035102156016,551.9157832998129,838.3754513898691,6,6,42935,2323,icmp,ssl,REJ,Benign,None
2.2066689431530975,2028.6358596428718,35063.184751500085,7,15,33495,80,udp,ssh,REJ,Benign,None
0.7627368661936466,7336.733840538136,5377.30558595932,23,10,20474,22,icmp,dns,REJ,Benign,None
3.122875319667742,2069.401442166389,11050.515078832279,8,9,46784,8080,udp,ssl,RSTR,Benign,None
1.9566989397506942,62.81378333270381,544.3478527274847,3,1,35127,8080,icmp,dns,SH,Malicious,C&C
0.12175343251634803,147.10947808874624,0.0,2,0,55267,22,icmp,dhcp,S0,Malicious,Mirai
0.002583945696768251,1069.4250022758447,48.51043439165053,18,0,3116,443,tcp,-,RSTO,Malicious,DDoS
0.08472577782937148,132.05485329848267,0.0,1,0,24505,23,udp,http,S0,Malicious,Mirai
5.271717767858614,127.23498079688511,521.9060848363034,5,5,22928,80,icmp,ssh,SF,Malicious,PartOfAHorizontalPortScan
2.494075066728075,420.64704916102045,94.73089465067449,3,2,48135,23,tcp,-,SF,Malicious,PartOfAHorizontalPortScan
1.1006441621728675,159.0287800945257,8.929600735172968,3,3,1594,22,tcp,ssh,S0,Malicious,C&C
0.1809961753501109,52.490300180922915,62.28491540843108,2,1,35841,23,icmp,http,SH,Malicious,C&C
0.16734564836027693,173.4999072450316,0.0,4,0,38401,2323,tcp,dhcp,S0,Malicious,Mirai
0.019761320779742835,148.4332421724777,0.0,2,0,35164,53,udp,http,S0,Malicious,Mirai
0.0008280749752743573,974.2607017789021,49.04155629294815,22,3,5563,443,udp,dns,S0,Malicious,DDoS
0.08067744897213136,152.31583825968647,0.0,1,0,59209,80,udp,dns,S0,Malicious,Mirai
22.142632741035975,186.12699530937095,44.244815871884285,6,1,43512,443,tcp,dns,RSTO,Malicious,C&C
9.174217143607637,119.32260811344472,112.24115800276313,3,2,60660,53,udp,ssl,REJ,Malicious,C&C
13.5507213567551,342.1788095470149,260.1984114270078,3,3,26996,443,tcp,ssh,RSTR,Malicious,PartOfAHorizontalPortScan
4.107529816259921,219.8028350893448,150.63103773130223,3,2,10349,80,udp,dhcp,SF,Malicious,PartOfAHorizontalPortScan
0.014657431623755244,1037.2653526516624,64.9916134167259,14,2,27128,8080,udp,dhcp,SH,Malicious,DDoS
1.7171260713858825,548.4901283890918,1584.9444649298232,12,20,3494,53,icmp,-,S0,Benign,None
0.038838076803405765,4241.8680567211795,1439.1931835440148,3,27,29712,443,icmp,dns,SH,Benign,None
0.007489219158892171,1322.0429909588865,34.725612530889805,74,4,47220,80,tcp,dns,RSTO,Malicious,DDoS
7.885860280387808,32.99733664287386,186.77940692573188,5,2,5182,8080,udp,dns,REJ,Malicious,PartOfAHorizontalPortScan
0.3664590123015073,803.985609059485,1666.74626918177,2,6,57547,8080,icmp,http,SH,Benign,None
0.5624829052989302,4696.33859089361,1372.8717441060528,8,26,52289,443,tcp,ssh,S0,Benign,None
0.006831020694559762,1402.1097770387184,33.8582366503516,28,0,11801,23,udp,ssl,SH,Malicious,DDoS
0.2766489629946446,12443.264333205387,3921.3943422661587,23,15,61842,23,icmp,ssh,S0,Benign,None
0.7029597214575904,182.75414201222893,200.65201441021148,3,1,10982,443,tcp,http,RSTO,Malicious,PartOfAHorizontalPortScan
5.163858613993269,259.1397277911522,9536.320400592233,11,7,63360,53,udp,dns,S0,Benign,None
8.337688803817496,221.51016203552373,278.81380924940873,3,1,62316,53,tcp,http,RSTO,Malicious,PartOfAHorizontalPortScan
0.8814112137609648,734.8469760797915,17363.7972579054,62,3,38353,2323,udp,ssl,SF,Benign,None
0.0015692620863530403,1007.6783713790248,75.18714099294463,85,2,25383,53,udp,ssh,RSTO,Malicious,DDoS
7.43444363812112,880.6189001644742,138.2943230408932,4,4,24303,53,tcp,dhcp,S0,Malicious,PartOfAHorizontalPortScan
1.0963809897183907,902.8354119906209,95.87648894901562,3,3,21001,53,udp,ssl,REJ,Benign,None
0.02218315494551627,156.73424590841222,0.0,1,0,24718,22,tcp,dhcp,S0,Malicious,Mirai
2.749690248008052,392.26214104222635,171.30214669490277,2,2,62939,22,udp,dns,REJ,Malicious,C&C
0.0029090002460425,1227.365988514734,60.90518753648817,35,1,58967,23,tcp,-,RSTO,Malicious,DDoS
0.7749570358141289,520.4765516297961,518.805404249259,4,3,57545,53,tcp,ssh,SH,Malicious,PartOfAHorizontalPortScan
0.06455977561739472,165.8951704494387,0.0,2,0,49211,23,icmp,-,S0,Malicious,Mirai
0.011450651420236537,1400.6408637712937,34.2776945592187,83,0,54124,80,icmp,dns,SF,Malicious,DDoS
0.004807625890415578,1169.2539099984858,58.57072112742525,16,0,40629,22,tcp,ssl,RSTR,Malicious,DDoS
4.1806347478740875,706.6778287072746,218.51973120167156,5,10,2219,8080,udp,dns,S0,Benign,None
10.827137532936561,90.28284939145348,1007.492284442522,3,2,40204,22,tcp,dhcp,SF,Malicious,PartOfAHorizontalPortScan
3.9774608001748715,570.402334408768,132.19278114885174,4,13,12769,53,udp,-,S0,Benign,None
0.6913496033480335,153.66104034139056,163.3686441912378,4,2,50838,2323,tcp,-,RSTR,Malicious,PartOfAHorizontalPortScan
1.3635219459293617,6035.188433634784,1853.6144261293537,15,5,54975,53,icmp,dhcp,SF,Benign,None
0.7707609008631251,71.36429788735393,111.354162452885,5,2,50655,2323,icmp,dns,S0,Malicious,PartOfAHorizontalPortScan
0.4764674772737281,303.59429926325083,437.260106528527,3,6,44739,53,udp,dhcp,SH,Benign,None
7.691217835863792,268.1565678848628,1006.0143456917549,4,2,31909,23,udp,ssh,S0,Malicious,PartOfAHorizontalPortScan
0.032421009060514726,161.0579121502477,0.0,3,0,45285,80,icmp,dns,S0,Malicious,Mirai
0.397338874360603,146.71052004742575,59.017185584194536,4,3,4916,80,icmp,dns,SH,Malicious,PartOfAHorizontalPortScan
3.9446948383614515,686.4792874437247,2929.8499395739645,4,57,16368,23,tcp,dns,SH,Benign,None
13.877533048436936,613.428929655079,21.123999840076124,4,4,28130,8080,tcp,ssh,REJ,Malicious,C&C
2.9266799698446975,3901.219536883048,1936.154981185458,3,20,55547,23,udp,dns,S0,Benign,None
9.505120306831254,28.013717398652332,634.3831303001364,3,3,59759,53,udp,dns,REJ,Malicious,PartOfAHorizontalPortScan
0.0019165765470510038,1048.558593760188,55.487004763949,37,3,48777,53,icmp,dns,REJ,Malicious,DDoS
5.086863854139455,157.45467768818114,73.99258775173026,3,2,60827,2323,udp,ssl,SF,Malicious,C&C
1.6387563442481372,523.5629211818476,47987.21188444483,4,25,45058,23,icmp,http,RSTO,Benign,None
6.496266997039877,184.71788554323382,115.86567819673978,3,1,54070,53,tcp,dns,REJ,Malicious,C&C
1.485876821431502,205.9872947514834,889.8204090541489,3,5,30839,53,tcp,ssh,S0,Benign,None
0.029721357053988675,134.89078397214237,0.0,2,0,29799,2323,tcp,-,S0,Malicious,Mirai
0.3447255454636501,1384.5298702467626,17.22586248002445,4,3,55227,53,udp,ssh,RSTR,Malicious,PartOfAHorizontalPortScan
0.025130509161422527,1213.3499419061372,56.352455366039564,35,4,3440,8080,icmp,-,S0,Malicious,DDoS
1.8163418874189947,392.9795695724054,1751.3007057160914,5,20,62876,22,udp,http,REJ,Benign,None
0.00036925758792101103,1318.2516917670314,45.93970845587285,71,2,26549,22,icmp,dns,SF,Malicious,DDoS
0.013726545035760283,1253.7179814541737,56.248178230538755,94,4,48751,2323,tcp,ssh,SF,Malicious,DDoS
2.7402288855771637,2452.694692567635,482.9356180335019,46,13,14360,2323,icmp,dns,SF,Benign,None
0.04108503373481133,148.413424817159,0.0,4,0,63576,23,icmp,dns,S0,Malicious,Mirai
1.634454507849806,140.34497985147874,137.1958139189068,4,2,58950,443,tcp,ssh,RSTR,Malicious,PartOfAHorizontalPortScan
0.353327807514072,140.85972360295605,0.0,1,0,54568,22,icmp,ssh,S0,Malicious,Mirai
0.015300194831432277,1222.5410142629992,50.66740322929872,41,0,48585,23,icmp,ssh,SF,Malicious,DDoS
0.13677908769885438,215.91056675295164,111.01227192861019,4,4,51570,443,icmp,-,RSTR,Malicious,PartOfAHorizontalPortScan
7.175234265940658,329.1460070766826,119.3864718069934,2,6,47238,53,tcp,-,REJ,Malicious,C&C
0.008559815819399949,1249.1057333854465,47.09859097182772,76,3,50052,443,udp,http,RSTR,Malicious,DDoS
1.5668043860192957,126.7519237296528,40.66196954432758,4,2,9980,8080,udp,dns,REJ,Malicious,PartOfAHorizontalPortScan
0.09746590116042729,184.4488384577495,83.76970727762651,5,1,17307,443,tcp,dhcp,REJ,Malicious,C&C
0.3327019965431417,79.62961728093053,124.16670779566779,2,2,61113,80,udp,http,SH,Malicious,C&C
2.6297617629302295,152.3997769052717,48.660798029625894,3,1,62717,53,tcp,ssl,RSTR,Malicious,PartOfAHorizontalPortScan
0.242215484995121,153.89935411981517,0.0,2,0,30574,80,udp,ssl,S0,Malicious,Mirai
0.18786874956263488,176.46681844979875,0.0,1,0,12087,443,tcp,http,S0,Malicious,Mirai
2.9848339211167167,143.58568982773522,379.55170945535514,3,1,52022,80,udp,ssl,RSTR,Malicious,PartOfAHorizontalPortScan
1.8695438857654576,620.9255323553737,478.12457234006683,3,56,59421,80,tcp,ssl,S0,Benign,None
1.0345794545311118,37.76072483926485,757.1706197688802,3,3,48215,80,icmp,dhcp,S0,Malicious,C&C
0.00827140406375441,1205.2961089914613,53.14987535420501,11,3,27595,443,udp,ssh,REJ,Malicious,DDoS
1.434094298347145,277.02013225967994,213.26661382892954,5,2,56336,8080,icmp,-,S0,Malicious,PartOfAHorizontalPortScan
21.329824295962837,38.736821569073676,157.56734613477,3,5,6638,23,udp,-,REJ,Malicious,PartOfAHorizontalPortScan
0.0012099541886670293,1071.5198749877381,37.22628866449382,90,0,19661,8080,icmp,dns,SF,Malicious,DDoS
0.738778889566925,2726.862704973395,1629.0460177590523,7,24,61573,23,udp,dns,RSTR,Benign,None
3.5802834915725708,902.9515325042147,612.1479329673824,5,1,12648,2323,tcp,ssh,SF,Malicious,PartOfAHorizontalPortScan
2.9360171336779053,711.5347400824913,11562.748382896518,5,20,45374,53,icmp,dns,SF,Benign,None
0.0007212109880294916,1296.9403716457061,16.244208998224,52,0,58249,22,tcp,dns,REJ,Malicious,DDoS
5.011075585500042,699.48881651953,1480.399414147871,6,45,59654,80,tcp,ssl,RSTO,Benign,None
0.004264336795548007,1208.1051847649899,30.871486466521706,44,3,52076,23,icmp,dhcp,SF,Malicious,DDoS
3.3601665922677784,877.6911514527053,324.66920232907853,5,1,22032,23,icmp,http,S0,Malicious,C&C
5.146137636338024,1804.7910783007394,447.8586654959818,3,3,6061,2323,icmp,dns,SH,Malicious,C&C
1.9811244496548468,747.6276641481065,3792.495957889055,23,39,44086,53,udp,ssh,REJ,Benign,None
5.852496582893213,109.4010029047449,458.49152565782543,5,3,18718,53,tcp,ssh,REJ,Malicious,C&C
4.370035118297341,24.757219757815367,186.07838031956155,3,2,63747,2323,icmp,http,REJ,Malicious,PartOfAHorizontalPortScan
0.20538498212765166,411.78122455029575,94.45353597474686,6,2,8567,23,tcp,ssh,RSTO,Malicious,PartOfAHorizontalPortScan
0.0016448198486327132,1316.2877693747155,48.685081880107745,96,2,45177,23,udp,ssl,S0,Malicious,DDoS
9.007663224519636,66.43317480983687,76.0806076072479,1,2,28044,22,icmp,ssh,REJ,Malicious,C&C
0.020709408088961323,143.3599665533147,0.0,4,0,8490,443,tcp,ssl,S0,Malicious,Mirai
0.011014379663186174,1387.0138692821306,45.0079800172407,88,0,43148,2323,icmp,http,SF,Malicious,DDoS
1.0081420912751766,986.2938411266573,205.49982621697993,2,2,10769,443,icmp,dhcp,S0,Malicious,C&C
0.21663713766867354,169.54669523743,0.0,1,0,50735,443,icmp,dhcp,S0,Malicious,Mirai
0.0013527796161606066,1254.703110905239,50.53040784270447,45,2,43229,8080,icmp,ssh,SH,Malicious,DDoS
0.2971941249006563,900.0947622147938,913.8598740624782,3,14,6048,23,tcp,dhcp,S0,Benign,None
20.25426261627509,246.02165464600466,273.5738353924046,5,4,56753,443,icmp,dhcp,RSTO,Malicious,PartOfAHorizontalPortScan
0.00965880462077208,184.6130060336396,0.0,3,0,58279,80,icmp,dns,S0,Malicious,Mirai
4.181883226976598,2036.2900288917624,16114.594959733511,10,12,34786,2323,udp,ssl,RSTO,Benign,None
7.146051156702339,332.22990374602773,155.09315828343614,4,3,22282,53,udp,-,REJ,Malicious,C&C
0.08821800450153783,134.0643753466165,0.0,4,0,6319,80,udp,http,S0,Malicious,Mirai
0.13303715151503212,140.83203273574412,0.0,4,0,43314,23,tcp,dhcp,S0,Malicious,Mirai
0.5635900780628688,191.46520462308945,58.91612345224455,2,4,60989,80,icmp,ssl,SF,Malicious,C&C
0.005664805749926849,1112.8860050917253,66.89651317203713,21,0,9715,22,udp,ssh,RSTR,Malicious,DDoS
0.17286877724515562,1703.1775179818433,15368.291058797322,3,15,52750,22,tcp,ssh,SF,Benign,None
6.136395066697942,157.04235632678927,84.96348025889849,6,1,47646,53,tcp,-,RSTO,Malicious,PartOfAHorizontalPortScan
0.028590869048692985,146.96683676768592,0.0,2,0,14180,53,udp,ssh,S0,Malicious,Mirai
0.0015530112761110934,1323.7958821208167,72.64193283830899,36,3,28244,23,icmp,ssh,SH,Malicious,DDoS
0.08745091302873459,1158.82912484419,5142.836728125446,21,26,40407,443,tcp,ssl,SH,Benign,None
0.0008070195417203537,1313.8430116561638,46.367187717215394,69,4,49087,80,udp,ssh,S0,Malicious,DDoS
21.542678521061656,201.85540219718513,190.4055824548866,4,2,23124,8080,icmp,ssl,REJ,Malicious,PartOfAHorizontalPortScan
6.288165134982314,100.12213607554412,587.3094854618377,3,1,13967,2323,udp,ssh,REJ,Malicious,PartOfAHorizontalPortScan
0.033136962833596406,135.84081258736003,0.0,1,0,46087,80,icmp,http,S0,Malicious,Mirai
1.9467081024506607,105.02291631138581,215.07193605503045,3,2,36035,443,icmp,http,REJ,Malicious,C&C
5.572148979506669,414.81464995586924,323.5862142253975,1,5,22131,22,icmp,ssh,RSTR,Benign,None
0.012679840434953632,1088.1180715990836,48.133695039368604,23,0,10570,22,udp,ssh,REJ,Malicious,DDoS
0.03961580515374003,169.22186914464166,0.0,2,0,49405,2323,tcp,-,S0,Malicious,Mirai
0.009153914964799358,1032.691598749426,69.17287968605754,13,0,28961,22,icmp,-,RSTO,Malicious,DDoS
0.005844811876221739,1282.9098440018336,40.004294877132885,97,0,3223,22,udp,dns,S0,Malicious,DDoS
2.133013977806911,169.72579127717358,87.65408987459423,2,1,30296,8080,icmp,dns,SF,Malicious,C&C
0.005677082797057393,1287.122619809711,47.80535902655236,22,2,40337,443,tcp,dhcp,RSTO,Malicious,DDoS
23.230760227992736,117.23403508741947,439.3766967583427,3,3,7542,23,udp,ssh,S0,Malicious,PartOfAHorizontalPortScan
2.684080939305634,172.21136536158792,322.3958149172518,3,3,57622,8080,udp,ssh,RSTR,Malicious,C&C
5.65345827626473,9.850787531425143,208.77025139233368,7,2,59531,22,udp,dhcp,REJ,Malicious,C&C
2.126293473411878,244.01269153870126,345.1404378792227,3,5,1213,80,tcp,-,REJ,Malicious,PartOfAHorizontalPortScan
4.228441017302021,59.819952282663536,1151.7641179373852,14,29,46207,22,tcp,http,SF,Benign,None
0.5624804768497095,5453.9654151694085,956.5329418407864,2,12,51724,8080,udp,dhcp,REJ,Benign,None
0.004252498946801576,1382.8146799309825,52.91852601834514,87,2,20947,2323,icmp,http,SH,Malicious,DDoS
8.630788586263794,1848.2213944099485,2654.6329787960753,2,4,55200,23,udp,http,SF,Benign,None
10.423411760822123,105.63579950001069,178.53214164518454,3,3,23459,80,udp,dns,S0,Malicious,C&C
6.3064845642023295,75.48588109863377,182.16281188383635,3,2,45883,23,icmp,dns,S0,Malicious,PartOfAHorizontalPortScan
1.0584980774936643,53.93857837426773,258.63010132137344,5,2,49340,23,icmp,ssh,SH,Malicious,PartOfAHorizontalPortScan
0.06040927827031051,57.813641489994986,1529.989907948581,6,2,2109,23,udp,dns,RSTO,Malicious,PartOfAHorizontalPortScan
5.052323455848105,353.3271834647111,176.5930269434042,6,1,27594,443,icmp,dhcp,SH,Malicious,PartOfAHorizontalPortScan
0.046540652574952615,147.95586458097165,0.0,1,0,20964,22,icmp,-,S0,Malicious,Mirai
0.2694558371223968,159.5517763910601,0.0,3,0,46726,8080,udp,dns,S0,Malicious,Mirai
0.0010853106104225826,1108.2738357822714,31.23320933100381,25,4,9065,23,icmp,dhcp,S0,Malicious,DDoS
1.6012162181518648,493.2160572436112,984.2617935694727,4,150,7054,23,icmp,-,SH,Benign,None
3.442244583993989,904.0266898679096,373.7829245623591,2,2,13589,22,tcp,dns,SF,Malicious,PartOfAHorizontalPortScan
3.3134631323490913,88.20260433309134,182.2810011677929,2,2,63259,8080,tcp,dhcp,RSTR,Malicious,C&C
0.2756451597120706,162.27406494744108,0.0,1,0,28625,53,udp,http,S0,Malicious,Mirai
0.14909877506185287,155.3395156625512,0.0,2,0,21290,22,tcp,ssh,S0,Malicious,Mirai
0.11203609694696347,183.57147928697515,0.0,3,0,51702,23,tcp,ssl,S0,Malicious,Mirai
0.419489942315704,4049.677422394132,6767.956828724247,2,18,30176,443,tcp,dns,SF,Benign,None
0.0010316674659968678,1172.2430092996308,55.45681638190336,59,2,50175,23,tcp,dhcp,RSTO,Malicious,DDoS
0.04999650690474562,150.4616511140481,0.0,2,0,64661,80,tcp,dhcp,S0,Malicious,Mirai
0.16628489258116233,127.88133550840088,0.0,3,0,20451,22,udp,dns,S0,Malicious,Mirai
0.9608711698022355,46.766967556577185,75.50502018579269,2,1,61807,22,icmp,dns,REJ,Malicious,PartOfAHorizontalPortScan
1.213451896535633,75.10272086095188,171.99377762817068,5,4,4564,80,tcp,-,RSTR,Malicious,PartOfAHorizontalPortScan
1.175944543253777,429.09979867452637,116.49535484616759,3,1,31468,22,udp,-,SF,Malicious,C&C
6.756157641122387,441.79457894657355,69.28487622736827,3,2,61721,80,icmp,ssl,S0,Malicious,PartOfAHorizontalPortScan
3.456342594704324,873.9742652753413,2805.058183057776,14,57,43544,80,icmp,http,REJ,Benign,None
1.1502351650499794,1386.2529833024919,6644.633691930862,4,12,31712,53,tcp,dns,S0,Benign,None
1.7648451338932951,910.4389258983986,9041.562799571722,7,7,29696,53,udp,dns,S0,Benign,None
0.007063414754600212,1229.9794874163165,33.443606398299174,80,1,32540,2323,udp,dns,SF,Malicious,DDoS
2.261101876769615,163.20839567145163,835.7498790386732,4,3,39716,2323,tcp,-,SF,Malicious,C&C
1.4427072421543392,70.16806571662022,65.95615356710275,10,4,7097,8080,tcp,-,SH,Malicious,PartOfAHorizontalPortScan
12.189756319007225,246.46622911560544,365.6630266870958,2,1,43318,2323,tcp,ssh,SH,Malicious,PartOfAHorizontalPortScan
0.06359042255955127,1192.0150846512204,43.883948537954154,67,4,14827,23,icmp,dhcp,RSTO,Malicious,DDoS
4.1178614970819325,472.5603345758849,1676.3787021453259,14,34,58801,23,icmp,-,RSTR,Benign,None
0.009347910394045752,1200.7763016787421,37.656558704080076,76,4,14496,53,icmp,ssh,RSTO,Malicious,DDoS
0.013053182631158849,1279.2667840213774,46.86213263276251,99,4,10987,22,tcp,http,RSTR,Malicious,DDoS
0.042174658091690215,144.31624235690444,0.0,4,0,49354,22,icmp,dhcp,S0,Malicious,Mirai
0.006502075155462685,1356.7791509795663,36.16006867284765,10,4,20698,8080,tcp,http,SF,Malicious,DDoS
0.5782436141565243,1372.6496538502495,37091.7024551846,8,6,13226,2323,udp,dhcp,S0,Benign,None
2.2239433047982016,1240.188512838334,2396.50812267342,7,19,54944,80,icmp,ssh,REJ,Benign,None
0.014834163419401025,1307.5279095835472,60.32974234914031,41,1,3818,22,tcp,http,S0,Malicious,DDoS
0.2511491178285351,123.80046891250001,0.0,3,0,16608,53,icmp,ssh,S0,Malicious,Mirai
1.071767169692885,740.9641305674576,3110.318450270708,12,5,53333,53,tcp,http,SF,Benign,None
7.261277122472994,1258.2214379473992,69.56758615937106,2,2,30370,23,udp,http,RSTO,Malicious,C&C
1.1538628235731818,902.5376246642825,1885.6658427193406,10,7,11436,80,icmp,ssh,S0,Benign,None
0.06993071843974161,154.5550165441895,0.0,2,0,46518,443,tcp,http,S0,Malicious,Mirai
0.004991349589539807,1147.1947092545602,46.400889064333285,97,3,5999,8080,udp,dns,SF,Malicious,DDoS
0.29060613655821993,8359.540271114945,229.23263193877563,21,23,7797,443,udp,ssl,RSTO,Benign,None
0.08188493877175253,125.1425682787373,0.0,4,0,50374,8080,icmp,ssh,S0,Malicious,Mirai
4.110687174071322,129.67220576538693,72.41119122589231,2,3,24997,8080,tcp,http,REJ,Malicious,C&C
12.72975877813884,426.11410288117776,116.96504876380583,3,1,2260,22,udp,dns,SH,Malicious,C&C
1.061594092292946,342.0364626881546,38.53443476270541,5,2,22727,2323,udp,dhcp,SH,Malicious,C&C
7.364244455452411,57.78661863419133,58.823695116411095,4,4,50539,2323,udp,dns,REJ,Malicious,PartOfAHorizontalPortScan
0.0035819261107219997,146.73598984503886,0.0,1,0,49733,80,icmp,http,S0,Malicious,Mirai
0.07010362329110545,138.63558326573832,0.0,3,0,30861,80,tcp,dns,S0,Malicious,Mirai
5.719205206599723,458.82681384375854,60.83414868296655,2,2,15202,22,tcp,-,SH,Malicious,C&C
7.711594426226188,64.51246601457804,430.93778086110996,3,2,19663,53,icmp,dns,SF,Malicious,C&C
0.3868245796275679,1185.459482051293,30216.366549309572,11,1,22118,80,icmp,ssl,SF,Benign,None
1.669798775390978,66.47460893357444,65.30619109554422,5,2,8063,22,tcp,dhcp,RSTO,Malicious,C&C
0.03448260163590389,267.7676469367943,1452.3441981903973,11,5,36982,22,udp,dhcp,RSTO,Benign,None
4.775282798815093,3438.6366170571596,3533.7778753527427,8,7,57151,443,tcp,http,RSTO,Benign,None
4.017466317985876,3069.8918689953534,1469.4418958053495,16,15,9074,23,udp,dns,RSTO,Benign,None
7.875481924736995,592.7084959465589,98.61566457254972,4,3,31398,2323,udp,-,SF,Malicious,C&C
0.9002867451965572,701.2424933558484,776.1163692130627,2,27,34396,22,tcp,dns,SF,Benign,None
8.051147044543962,593.6417851097486,474.83901283274366,4,4,1417,2323,icmp,ssh,S0,Malicious,PartOfAHorizontalPortScan
0.13407651374070564,141.84837144805942,0.0,4,0,54754,8080,udp,dhcp,S0,Malicious,Mirai
4.873578510962464,559.7174581175146,98.30626051472989,2,2,25761,2323,udp,http,SH,Malicious,PartOfAHorizontalPortScan
0.4563246280746324,61.831181319958034,79.93486125919814,6,3,29111,80,icmp,http,S0,Malicious,C&C
1.9714063662613652,145.64642647774093,182.9744152875133,3,3,63150,53,tcp,ssh,S0,Malicious,PartOfAHorizontalPortScan
0.020935393555660823,1072.9231211170459,51.70061722505818,67,1,4481,22,tcp,http,SF,Malicious,DDoS
1.6353410276724747,43.97977909085537,405.81241944640533,2,2,12362,80,icmp,dhcp,REJ,Malicious,C&C
0.22303706611882446,143.28712031425238,0.0,2,0,23792,8080,udp,http,S0,Malicious,Mirai
7.478767736422929,545.2819851174258,2898.471352250686,9,24,22344,8080,udp,http,RSTO,Benign,None
2.8268742730612386,38.02341431863045,43.90731177572366,3,2,7619,53,tcp,ssh,SF,Malicious,PartOfAHorizontalPortScan
1.9791028620301228,489.8495768434928,2587.446538838566,4,19,56983,8080,tcp,dns,REJ,Benign,None
0.03843329824470053,147.00243932955664,0.0,2,0,57010,80,icmp,dns,S0,Malicious,Mirai
1.3370167306576413,3335.215086228128,3522.1786164375553,6,20,9026,23,icmp,dns,SH,Benign,None
5.1136568659981885,2352.8745669242867,7909.471328288327,39,52,14800,22,tcp,http,RSTO,Benign,None
1.1154636793419541,273.4614807170728,17317.131467600015,5,87,49334,53,udp,dns,RSTO,Benign,None
2.115812417978137,1500.0319602454529,1749.241179829707,2,10,29349,53,icmp,dhcp,S0,Benign,None
4.058205421381035,200.67230640214208,102.43420963614325,3,1,19567,443,tcp,dns,RSTR,Malicious,C&C
0.009632733557258182,144.6239820508517,0.0,4,0,52449,53,udp,dhcp,S0,Malicious,Mirai
0.000418599398826749,1170.8560659052957,59.90083163993689,25,2,45851,53,udp,dhcp,SF,Malicious,DDoS
0.017154309665686967,200.4901855321499,0.0,4,0,39550,80,udp,ssl,S0,Malicious,Mirai
0.056421595486052974,215.04598580260878,2342.039120282938,3,1,16094,443,tcp,ssh,S0,Malicious,C&C
0.01760988926820258,1141.8690972882653,57.79772810403127,74,0,11023,2323,tcp,ssl,SF,Malicious,DDoS
0.10576338123121146,155.42451228398312,0.0,2,0,11701,80,udp,dns,S0,Malicious,Mirai
6.139771335854458,1640.7961698232707,489.7171113711103,13,4,38456,8080,udp,ssl,RSTO,Benign,None
0.40210241238780703,543.6656749230775,50.024947544704695,2,2,25560,23,icmp,http,RSTO,Malicious,PartOfAHorizontalPortScan
0.2990862270214405,53.330916698250924,615.0763980700825,3,3,16988,443,tcp,-,RSTR,Malicious,C&C
0.4119145559272789,2883.9535756757455,1007.6642850699056,11,21,41866,80,icmp,dhcp,REJ,Benign,None
0.6851234745328301,803.9652279749528,3717.432654764656,9,14,26420,23,udp,http,RSTO,Benign,None
9.627475378276023,35.7220922926002,120.17427306589677,3,2,15748,2323,icmp,ssl,SH,Malicious,C&C
4.545309807655434,1205.5195618229143,129.04947815366967,4,2,20501,2323,udp,dhcp,RSTR,Malicious,PartOfAHorizontalPortScan
2.9106243401454472,980.6392495795063,8205.511679958237,7,57,6160,23,udp,dhcp,RSTR,Benign,None
1.2385622922872432,81.06741831547085,278.5390781569309,2,1,59139,53,tcp,-,RSTO,Malicious,C&C
10.353687213876562,405.7994144611096,179.03383193249212,3,2,2496,23,udp,-,SH,Malicious,C&C
0.02906991666232497,146.08990297968714,0.0,2,0,41048,22,udp,ssl,S0,Malicious,Mirai
1.0102296456078712,2420.472041318243,16149.600235409946,37,33,28289,53,tcp,-,S0,Benign,None
2.7479701077449263,3907.016132396034,1235.0317763467647,3,14,35980,443,tcp,http,S0,Benign,None
1.2961478929233243,1693.6181025828644,10549.017817945667,49,2,11718,443,udp,-,SF,Benign,None
0.2614406633612616,187.90842013574394,0.0,3,0,52724,53,udp,ssl,S0,Malicious,Mirai
0.020892760877399805,1080.3484951849066,25.69877624272644,46,2,19236,22,tcp,ssh,S0,Malicious,DDoS
0.00519048790635201,1090.2658576176182,56.06050167265723,72,4,57904,2323,udp,ssh,S0,Malicious,DDoS
0.031713655827315425,140.7962801635085,0.0,1,0,23815,2323,udp,dhcp,S0,Malicious,Mirai
0.0858909996886187,994.1612661350083,1928.7373909590058,1,26,35383,443,udp,dhcp,REJ,Benign,None
0.009736322161583497,1040.1790090776506,57.29316730587195,18,0,38280,80,icmp,dhcp,S0,Malicious,DDoS
12.314658341826274,139.32014145071204,391.85265502365564,3,4,27823,22,icmp,http,SH,Malicious,C&C
0.0019508611557451678,1277.857289727785,53.29028545827467,79,1,3594,53,tcp,ssh,SH,Malicious,DDoS
3.477858099443461,1062.3560987565195,94.94602391097996,4,2,4241,53,icmp,dhcp,SF,Malicious,PartOfAHorizontalPortScan
1.7786168682794643,2225.738073971916,895.3812628886365,9,7,51873,53,udp,ssh,SH,Benign,None
3.8580585212573544,539.2507298804039,95.80032413006137,4,3,14637,23,icmp,http,SF,Malicious,PartOfAHorizontalPortScan
3.528647378394771,681.741712400909,39.18898378420137,2,1,14252,2323,udp,ssh,S0,Malicious,PartOfAHorizontalPortScan
4.735161977425825,499.20394520556357,183.2130139137104,3,1,36272,80,udp,ssl,SH,Malicious,PartOfAHorizontalPortScan
12.010762570253013,101.20078899592085,237.83664075709726,5,2,29263,2323,tcp,ssh,REJ,Malicious,C&C
0.13227978183043734,777.9050906432465,2081.444409531929,6,47,65412,23,udp,dns,SF,Benign,None
2.531089428225352,5105.207018394339,2039.5598378584787,15,10,45894,8080,udp,dns,SF,Benign,None
0.1319926028064494,143.16893335967407,0.0,3,0,62798,23,udp,dns,S0,Malicious,Mirai
10.56732540294001,25.36752380707239,221.08952301048268,3,3,54876,53,udp,ssh,SF,Malicious,C&C
1.4035928749443196,506.3584119694873,687.4690923702593,3,3,17898,443,icmp,dhcp,REJ,Malicious,PartOfAHorizontalPortScan
3.4416170993427513,820.5456932792765,5612.440492048871,34,27,32176,80,icmp,ssl,RSTO,Benign,None
1.623964129944695,85.60482234340463,44.95187540820047,5,3,61014,22,udp,http,REJ,Malicious,PartOfAHorizontalPortScan
0.0029846519394827803,1216.367176222972,46.97115122119819,83,3,53056,22,udp,ssl,RSTR,Malicious,DDoS
0.8534133717908605,5698.28291407313,2529.442120126418,75,6,37500,2323,tcp,ssh,REJ,Benign,None
2.970190125558246,911.7711308481275,525.0169848103882,13,5,12390,80,icmp,dhcp,REJ,Benign,None
0.019031804601962847,1157.5515683465837,49.62962819400866,92,0,42441,53,udp,ssh,S0,Malicious,DDoS
0.3999103575442345,104.14471101989773,343.15327718214985,3,2,12427,8080,tcp,ssl,RSTO,Malicious,PartOfAHorizontalPortScan
2.1801243357734696,352.3669030408113,198.0992630773514,3,5,14784,53,udp,ssl,S0,Malicious,PartOfAHorizontalPortScan
2.326974379110288,1301.2770428630545,113.20267160741001,24,13,32484,22,udp,http,RSTR,Benign,None
1.5107890079998927,407.0634808454167,1832.3570768224995,8,14,19847,443,udp,dns,SH,Benign,None
0.02837190958907376,140.45094545541167,0.0,4,0,29688,2323,tcp,http,S0,Malicious,Mirai
4.8268800216167564,142.76708284239052,97.91901132244632,3,1,8108,2323,udp,-,RSTR,Malicious,C&C
0.08552858353638577,211.52107096293705,2743.9317941224613,2,37,29921,53,tcp,http,S0,Benign,None
0.7663792453732027,20.198582426906423,204.14640405493998,2,3,25531,22,tcp,-,REJ,Malicious,C&C
1.6510201556127204,48.80406939974504,185.694427047796,4,1,37116,22,tcp,ssl,RSTR,Malicious,C&C
0.0037221203982763375,1168.7918148815752,35.79839564819224,25,3,1689,8080,icmp,http,RSTO,Malicious,DDoS
1.949182291659657,254.9799652568019,175.56136983622957,2,2,49046,80,udp,-,SH,Malicious,C&C
0.125788017559677,169.40929186951936,0.0,1,0,63885,53,tcp,dhcp,S0,Malicious,Mirai
1.6957802599516953,5860.081484091062,6912.881968881806,12,16,31408,53,tcp,dns,SH,Benign,None
1.5122723288583226,590.5041560351171,1250.7687762100854,18,8,37458,8080,icmp,dns,SH,Benign,None
2.6578428788510964,279.286584535098,89.78685492317864,3,2,6373,2323,tcp,dhcp,SH,Malicious,C&C
2.116331416565159,3822.677463279102,21187.998221217502,5,7,2455,8080,udp,dhcp,SF,Benign,None
0.014673568979158485,1044.6090475422634,40.79643824528962,43,2,60264,22,icmp,ssl,RSTO,Malicious,DDoS
0.07588687665750704,2623.677161168112,595.765277175202,18,5,62289,8080,udp,-,SF,Benign,None
0.1291008997795536,141.1659858853811,0.0,4,0,57577,443,udp,http,S0,Malicious,Mirai
1.9811639260567748,3437.330863698911,2733.4386388380244,9,3,62158,53,tcp,http,SF,Benign,None
0.8658562426307133,2995.305476680579,64422.64164536903,16,29,35235,80,udp,ssh,RSTO,Benign,None
9.360877254242974,914.2910493298668,7874.689023624824,13,35,57908,443,icmp,dhcp,RSTR,Benign,None
2.4956160332322987,181.54972911346977,12.674146094071311,3,4,28459,22,icmp,dhcp,SH,Malicious,PartOfAHorizontalPortScan
3.0149847815029447,998.9845713730138,1815.2088007829348,1,9,25654,53,icmp,http,SF,Benign,None
0.0047645993917897825,1088.49151929247,49.20038584892551,34,3,16440,80,tcp,ssl,RSTR,Malicious,DDoS
1.6107204978031975,1257.5691683366315,43165.22422794499,10,8,49814,53,icmp,ssl,RSTO,Benign,None
0.4605989252100391,716.66803310882,57.18213621814699,4,21,37389,53,tcp,-,S0,Benign,None
0.0012189699023107915,153.18173051687734,0.0,4,0,28453,443,tcp,ssh,S0,Malicious,Mirai
0.33912500351394886,142.74575383225,0.0,1,0,56401,23,tcp,ssh,S0,Malicious,Mirai
0.3477429678802595,99.77460310609517,68.73736245146554,2,8,24415,23,icmp,ssh,RSTR,Malicious,C&C
3.2335399699856286,380.0754131251774,143.71316952807933,4,2,19732,80,icmp,http,REJ,Malicious,PartOfAHorizontalPortScan
0.6630691019774103,1269.3738721312427,347.3869863848342,67,4,41557,53,tcp,http,RSTO,Benign,None
0.001517924615395595,1222.0129187487776,38.53394803654477,17,1,32046,80,udp,dhcp,RSTO,Malicious,DDoS
13.43553786086172,455.84774007643693,913.1916995521908,4,2,6074,53,tcp,http,SH,Malicious,C&C
26.677107057061384,87.16981650862411,406.81335526779907,2,2,11320,8080,udp,dhcp,RSTO,Malicious,C&C
0.007029769635228037,1193.4271055647566,50.92126612335903,79,0,51408,80,udp,ssl,RSTO,Malicious,DDoS
0.7761698411227005,183.0189157495542,106.15416822322062,4,4,5427,23,tcp,http,SH,Malicious,PartOfAHorizontalPortScan
4.223085059851567,403.7137924502187,3876.0486514411314,5,5,54834,22,udp,ssl,S0,Benign,None
0.5095665492148289,97.64319196921282,92.37333128224978,7,1,57941,53,icmp,dhcp,RSTR,Malicious,PartOfAHorizontalPortScan
0.17447717457956552,157.84875408152456,0.0,2,0,21815,80,icmp,-,S0,Malicious,Mirai
0.43177691003064284,412.4896616067604,157.94104808082938,8,4,4206,23,udp,dhcp,S0,Malicious,C&C
5.0118120370497055,286.1233518689658,377.69664789919415,4,2,9326,22,tcp,dhcp,S0,Malicious,C&C
0.0026951079824577106,1200.583683203404,58.99720373029534,60,1,28284,23,tcp,http,RSTO,Malicious,DDoS
1.7883838290599485,501.60880653240014,1493.9082557808938,3,2,30934,2323,tcp,ssl,RSTR,Benign,None
5.251135813248695,117.50550675136877,135.5600691996929,3,2,34555,23,icmp,http,SH,Malicious,PartOfAHorizontalPortScan
1.3363319693750422,205.83507020746424,173.2349114771914,4,1,49635,23,tcp,dns,RSTR,Malicious,C&C
0.8452422929234911,1987.269591831701,132.76475059011787,19,29,48707,2323,icmp,dhcp,RSTO,Benign,None
0.0016166374515163649,129.46579016429467,0.0,2,0,1712,8080,icmp,dns,S0,Malicious,Mirai
20.37754457213158,175.9879307835158,167.4643454382533,2,4,7110,23,tcp,ssl,SH,Malicious,C&C
5.85173520394441,712.8196130780252,12197.175596579462,6,4,56480,22,tcp,dns,SH,Benign,None
1.153801503843409,100.04294568034142,111.4503728215547,3,3,54337,22,udp,http,SH,Malicious,C&C
0.715556893350614,170.4521620683425,833.384701574423,3,1,25514,80,tcp,ssl,SH,Malicious,PartOfAHorizontalPortScan
4.796491930424717,206.6714384016404,107.73976865947559,2,0,12948,23,icmp,dns,SH,Malicious,PartOfAHorizontalPortScan
9.932451666217748e-05,1077.0642519381674,37.32206794721247,56,2,47847,22,udp,dhcp,RSTO,Malicious,DDoS
0.7782637296538688,387.5697752627815,21420.64374986484,20,18,20836,8080,tcp,dhcp,SF,Benign,None
1.4058295278026691,637.3835810942728,177.99876726574416,7,1,62170,22,tcp,dhcp,SF,Malicious,C&C
0.01256849680510954,1290.5365005803053,43.81011197152317,33,4,27642,443,tcp,http,RSTR,Malicious,DDoS
0.36776702381975057,326.60583422191957,436.1846066100795,3,1,46478,23,udp,-,RSTO,Malicious,C&C
0.0048458523846803304,1162.3948184602225,50.48389395232291,78,2,63433,80,icmp,ssh,SH,Malicious,DDoS
0.011204450807491922,1446.1319393641058,55.24792575501322,87,2,29639,22,udp,ssl,SH,Malicious,DDoS
2.5568387144949902,61.65172495538327,163.15803224748976,3,3,15794,53,icmp,dhcp,RSTO,Malicious,C&C
6.446237584303897,470.9381267779119,611.513061780549,2,2,46963,53,udp,ssl,REJ,Malicious,PartOfAHorizontalPortScan
0.7441696188043813,332.19061919627023,6938.93080406692,9,47,17991,8080,icmp,dns,SF,Benign,None
0.009468712860451874,1315.8262295580034,34.9209763663898,93,3,44426,443,udp,ssh,SH,Malicious,DDoS
4.2870314398904315,97.44175852922345,127.70267870931431,2,8,5582,2323,icmp,ssl,SF,Malicious,PartOfAHorizontalPortScan
0.0013091276632086377,1127.1160041245892,49.37396475958621,13,3,51979,53,udp,http,S0,Malicious,DDoS
0.025401716642894794,1183.8547565232188,61.554910448774365,19,0,48370,443,udp,dhcp,REJ,Malicious,DDoS
1.0004173513379324,1814.6856548554072,387.3228358643495,2,6,27003,8080,icmp,dns,REJ,Benign,None
0.007495647629961435,1085.2212392230563,52.73150587498201,48,0,9946,80,tcp,dns,SF,Malicious,DDoS
5.10475346541114,19.709648042120996,567.1740542480843,3,4,13306,2323,tcp,ssh,S0,Malicious,C&C
28.30659271579085,341.4360823100126,52.3894501776293,2,2,7905,53,udp,ssh,SH,Malicious,PartOfAHorizontalPortScan
0.07031185678979783,155.7618104397465,0.0,2,0,12463,2323,icmp,http,S0,Malicious,Mirai
0.9378869842520762,860.1761341494436,4345.143973801016,2,3,15036,23,tcp,dhcp,SF,Benign,None
0.4378562000263278,129.10974167204253,0.0,1,0,59766,2323,icmp,ssl,S0,Malicious,Mirai
0.4844749369924124,3055.3877823962425,76959.96019439056,23,2,61408,80,udp,ssh,REJ,Benign,None
0.8185074994943085,1514.0757957654678,1312.5699879648957,3,44,32114,53,icmp,dhcp,S0,Benign,None
0.006768683625594961,1232.7626217328416,54.672641750338634,92,3,6200,443,udp,dhcp,SF,Malicious,DDoS
2.5177397336989853,761.5064186963782,545.0657630591177,3,2,39790,53,udp,ssh,RSTR,Malicious,C&C
4.839361549796201,80.61765647782858,421.1990962950487,4,2,28540,80,tcp,dhcp,S0,Malicious,C&C
1.8596924274274103,660.6709973813513,548.8031695820453,12,8,10467,53,icmp,-,REJ,Benign,None
4.065835162660469,7285.257280141515,465.69732727136926,15,19,17537,443,icmp,dns,S0,Benign,None
35.348823330762976,51.940009439918825,283.74558557041644,6,6,10849,443,icmp,http,S0,Malicious,PartOfAHorizontalPortScan
1.968609744095497,321.8007205094886,767.7001648020564,4,24,45518,8080,icmp,http,RSTO,Benign,None
1.338473735894068,26.914281226690964,50.07031862684831,3,2,30588,8080,udp,ssl,S0,Malicious,PartOfAHorizontalPortScan
0.46709840214692766,2171.126561387618,28522.96297845163,16,42,57231,8080,tcp,ssh,RSTR,Benign,None
0.024787380366364548,1019.4939734864919,41.347909461477535,42,2,19093,23,icmp,ssl,S0,Malicious,DDoS
6.650670415764386,68.83722637283263,1724.7917907092747,5,4,28804,23,udp,-,RSTO,Malicious,C&C
0.07274457604284432,157.35394506449757,0.0,3,0,64396,53,udp,dns,S0,Malicious,Mirai
1.1517109705014805,1358.9464364546473,4428.064424177151,4,4,32810,443,udp,http,REJ,Benign,None
0.22962703621499864,170.88772103753158,0.0,4,0,24485,8080,icmp,-,S0,Malicious,Mirai
3.7472469931271886,4577.510077192168,326.0443685491059,2,4,50371,53,icmp,http,S0,Malicious,PartOfAHorizontalPortScan
0.5487134221483047,181.7044065849946,238.25332522283261,3,1,10896,2323,udp,ssh,SH,Malicious,PartOfAHorizontalPortScan
1.7756195236795558,320.21393086340663,20756.811436630338,2,8,56764,443,udp,ssl,SH,Benign,None
0.6772935251568601,1208.2132278443232,2129.53474828148,5,174,61264,23,udp,-,S0,Benign,None
0.005781602543623935,1220.9379952789643,52.06209208307838,70,1,32325,22,tcp,-,RSTO,Malicious,DDoS
0.04035797497856388,140.25958273930988,0.0,4,0,32427,53,tcp,http,S0,Malicious,Mirai
5.773580464528357,134.92952582575685,270.8166359947298,3,3,62431,8080,tcp,ssl,RSTO,Malicious,PartOfAHorizontalPortScan
4.488260668343247,120.35097117642762,160.4549269977067,4,3,3611,2323,tcp,http,REJ,Malicious,PartOfAHorizontalPortScan
3.777475038746471,136.39262104567422,177.80493143185504,7,2,18776,443,tcp,dhcp,SH,Malicious,C&C
6.166745788967988,70.47067751422607,111.76499293616,5,2,18589,443,tcp,ssh,SF,Malicious,C&C
1.7626225103780035,283.16941084384155,49.000245265440554,4,3,2094,2323,tcp,ssh,S0,Malicious,C&C
0.4790944689745216,33.97582165923234,103.09798401551977,3,1,8422,53,icmp,ssl,RSTO,Malicious,C&C
1.667604172300269,350.660700132844,212.06902798094134,3,2,62510,23,tcp,ssh,RSTR,Malicious,C&C
4.825941928320586,887.6721755242071,612.7323562898458,5,3,31308,22,udp,http,RSTO,Malicious,C&C
19.118486273956314,119.26181089722516,26.967408732420964,4,5,12707,53,icmp,-,S0,Malicious,C&C
1.1979422493353586,1474.8187037142586,2530.9757709554647,13,34,6313,2323,udp,ssh,SH,Benign,None
0.02587416694753777,1147.8044434524104,42.52897246332934,97,2,36773,443,tcp,dns,S0,Malicious,DDoS
0.08195186696304056,920.8424541517543,459.6611371137865,4,6,51668,443,tcp,ssl,SH,Benign,None
2.271937831104747,38.09732141252865,135.59434817195665,4,2,6726,23,udp,ssl,SH,Malicious,C&C
0.0017763150165581473,1222.0606922958882,48.31308965017873,68,4,1053,23,icmp,http,S0,Malicious,DDoS
8.78032931249946,211.94479282855278,1035.8332298823082,5,1,15698,53,icmp,-,S0,Malicious,C&C
0.36170520851174226,314.0417241052033,8902.905005067967,23,23,59727,23,udp,dns,RSTR,Benign,None
0.040193937151078586,140.25880960538194,0.0,3,0,17648,22,udp,-,S0,Malicious,Mirai
0.06580796228901663,634.6629318063902,5136.937762343396,9,4,40959,2323,icmp,ssl,S0,Benign,None
10.041156220461753,78.52211407774978,19.327973972264417,2,2,32952,8080,tcp,dhcp,RSTO,Malicious,PartOfAHorizontalPortScan
0.3468697310590952,156.59267065615583,0.0,4,0,4261,23,icmp,ssl,S0,Malicious,Mirai
1.7667735910128983,98.37892501543338,144.4962706873026,2,4,15356,22,icmp,dhcp,SH,Malicious,C&C
0.1801410784860773,167.43597062967197,0.0,1,0,8878,80,icmp,dns,S0,Malicious,Mirai
10.623471925178498,88.49886789774699,40.84295224514065,6,3,42741,23,icmp,dhcp,REJ,Malicious,PartOfAHorizontalPortScan
0.02891501144403527,136.1465076382707,0.0,4,0,36459,443,tcp,http,S0,Malicious,Mirai
0.0003160273135528546,1114.0922683634744,50.27487633360813,22,0,20713,2323,udp,dhcp,RSTO,Malicious,DDoS
0.04866263389714391,1816.4572568497788,3386.8204705741095,4,6,48876,443,tcp,dhcp,SF,Benign,None
0.7759890439397557,243.40356420169698,5444.2100869653395,6,5,6611,22,icmp,http,SH,Benign,None
0.0010874081240119268,1214.8773404501092,58.771101252519664,73,0,15171,8080,udp,http,S0,Malicious,DDoS
0.312733829548386,116.22714530862697,0.0,2,0,56785,80,tcp,http,S0,Malicious,Mirai
2.032333438807702,80.67748428184868,217.57439118672744,5,1,26171,8080,tcp,-,REJ,Malicious,PartOfAHorizontalPortScan
6.851211791269158,119.37054460885341,50.834771983209414,8,3,41299,22,udp,dhcp,S0,Malicious,C&C
0.25569618761328916,2275.2201884663777,898.2495244179566,16,25,17542,53,icmp,dns,REJ,Benign,None
0.009575791935248702,1295.7620095393668,50.83587365384477,70,4,24100,8080,icmp,-,SH,Malicious,DDoS
13.432663008149301,269.7135526542036,94.90579150792209,2,1,54930,443,udp,ssl,SH,Malicious,C&C
4.7736633061312785,284.26840335157766,50.21950290471298,5,7,60562,443,tcp,dhcp,REJ,Malicious,C&C
0.3572488680562477,165.28316599863788,0.0,3,0,23652,2323,udp,dns,S0,Malicious,Mirai
2.559221744095514,423.4130690902123,260.22547416543466,6,4,30072,8080,tcp,ssh,SH,Malicious,PartOfAHorizontalPortScan
0.0062879291174189585,123.43293390031288,224.10416015649201,2,1,15474,53,udp,ssl,SH,Malicious,PartOfAHorizontalPortScan
0.0034659840540379834,1133.3456889365737,46.43966692336909,25,1,38835,443,tcp,http,REJ,Malicious,DDoS
0.8888928281014795,1245.9899831676873,320.40033105546894,3,3,25764,22,udp,-,RSTO,Malicious,PartOfAHorizontalPortScan
0.004739269728309097,1118.3939013828992,57.8479065430342,59,1,48670,23,udp,http,RSTR,Malicious,DDoS
3.8534927767825238,175.38839622813964,309.0020796636529,6,3,55886,443,icmp,ssl,RSTO,Malicious,C&C
2.864354239174608,2207.1339344238404,16951.850006259774,5,4,30762,443,tcp,ssh,SF,Benign,None
0.037472584461966545,150.654952950588,0.0,2,0,1117,53,udp,-,S0,Malicious,Mirai
0.002651570899321916,1045.2384486640447,40.95706160065322,73,1,57567,53,icmp,http,S0,Malicious,DDoS
2.78183971366529,982.2233266808998,1227.7959498741,30,7,43670,22,tcp,dns,REJ,Benign,None
0.7690058240591072,4474.869012194459,1979.1571994494193,1,14,12073,443,icmp,http,SH,Benign,None
2.741746615895077,3490.6625914481756,1919.5631182079017,5,3,40523,8080,udp,ssh,RSTO,Benign,None
2.8405809732077163,40.263731477937306,205.22418184319525,3,4,25905,443,udp,dhcp,REJ,Malicious,PartOfAHorizontalPortScan
0.02079913366323121,1047.962896764562,53.877812093623874,86,0,2737,22,tcp,ssl,RSTR,Malicious,DDoS
8.842912829177275,498.98926474027246,278.43366878467043,2,5,26118,443,udp,ssl,RSTO,Malicious,C&C
4.688734982061417,238.8655483725228,119.75871971887693,5,2,58375,8080,icmp,http,S0,Malicious,PartOfAHorizontalPortScan
1.5716157716112622,161.63484951795706,297.73079800436966,6,4,34628,2323,tcp,http,REJ,Malicious,PartOfAHorizontalPortScan
1.158810389518659,3262.4844445255485,12705.758850955013,31,16,17123,443,tcp,dhcp,SF,Benign,None
0.004995181805227338,1164.895174252778,40.712636844672154,41,2,13392,22,icmp,http,RSTR,Malicious,DDoS
0.021218264104238466,134.98199268088365,0.0,3,0,58882,23,tcp,dhcp,S0,Malicious,Mirai
2.1056596689851337,574.0287019682642,1180.5532513472597,3,30,56609,80,tcp,http,RSTO,Benign,None
0.0027729899438551585,1294.6551361423474,58.209085211691075,79,0,22569,443,tcp,dhcp,S0,Malicious,DDoS
0.06462312571315673,135.9272711178154,0.0,1,0,24090,8080,icmp,ssl,S0,Malicious,Mirai
0.30480904922238905,2303.5575376579786,704.6495927607237,7,20,29309,2323,icmp,-,SH,Benign,None
1.7259176464942858,37.62473173948475,54.701949014130136,3,1,28548,53,icmp,dns,SF,Malicious,PartOfAHorizontalPortScan
5.048992968381854,916.4721159522608,84.23792665028817,15,113,17315,443,icmp,http,RSTO,Benign,None
2.6241177834879554,2010.6979779700928,3214.7791848225133,1,19,13188,443,udp,ssl,REJ,Benign,None
0.16879909342325247,71.4747688071519,143.0210619712807,2,6,22653,53,udp,http,S0,Malicious,C&C
0.0015884553858850803,1051.284576429023,46.400944628167515,25,3,60310,8080,tcp,dns,RSTO,Malicious,DDoS
0.007782957209034537,1175.2292801565502,47.05952686033771,83,0,31060,80,tcp,-,RSTO,Malicious,DDoS
0.015752105836373625,137.00292412436423,0.0,1,0,14076,80,udp,dhcp,S0,Malicious,Mirai
0.0386232509870018,551.5020554157346,15480.767179039029,1,8,43704,53,icmp,ssh,RSTR,Benign,None
1.7840097591830244,3599.219635463922,889.3308566277747,20,17,3285,443,icmp,dns,RSTR,Benign,None
0.055967040904302434,134.96688219779213,0.0,4,0,58966,23,icmp,dns,S0,Malicious,Mirai
1.8562701696419182,892.5266188845239,9132.18131846705,8,6,32569,8080,icmp,dhcp,SF,Benign,None
1.4085850129268915,436.1328735733533,774.3828229619735,13,6,63492,23,icmp,dhcp,S0,Benign,None
3.8946465645837853,125.45147314074568,142.91957368159504,4,7,29309,23,udp,-,REJ,Malicious,PartOfAHorizontalPortScan
11.715794543471123,548.1873287371775,151.92471850370947,5,1,33648,80,udp,http,REJ,Malicious,C&C
0.02963530966223507,1363.4862851160347,53.00547448400998,31,2,64671,22,tcp,http,REJ,Malicious,DDoS
0.0023187298210440846,976.3573796494836,38.399664118072096,57,1,62814,8080,tcp,-,RSTR,Malicious,DDoS
0.14719624050370217,120.9331107037998,0.0,1,0,10919,8080,udp,-,S0,Malicious,Mirai
0.28585152446329704,126.48545876595095,0.0,4,0,36526,23,tcp,dns,S0,Malicious,Mirai
13.099081968381212,171.7368749054252,152.46144190965333,3,2,16011,443,tcp,dns,RSTO,Malicious,C&C
2.6263536776097354,413.7117675265553,92.68538088132195,8,17,24253,22,udp,dns,SF,Benign,None
2.051583341229549,656.8834523854831,10742.262058160588,4,7,63206,80,icmp,ssh,SF,Benign,None
7.4939229913198755,93.50588748148886,481.17243893235224,2,2,34361,80,tcp,dhcp,RSTO,Malicious,PartOfAHorizontalPortScan
0.05876797185695827,128.63951248217646,0.0,3,0,64216,53,tcp,ssl,S0,Malicious,Mirai
0.177466397602894,135.016448509275,0.0,4,0,19247,443,udp,http,S0,Malicious,Mirai
5.245232443843839,540.8230709509834,1133.7503891570097,4,15,58166,23,udp,dhcp,S0,Benign,None
0.009333549814761751,1208.7145002716595,51.26039959735813,25,1,40338,23,icmp,-,SH,Malicious,DDoS
3.459299204085513,137.39657398500117,3923.9844806217734,2,6,4257,443,udp,ssl,SH,Benign,None
1.8005364229241352,110.44516860661736,220.28491291859757,2,2,28537,80,icmp,dhcp,REJ,Malicious,C&C
0.08807299853063205,1725.9968217831438,4438.704254152439,6,35,4298,22,udp,ssl,RSTO,Benign,None
0.016638272810906313,1210.474597824765,58.53621419180541,30,2,41858,443,tcp,dns,RSTR,Malicious,DDoS
0.1484231620576066,156.71383756987456,0.0,1,0,9713,2323,icmp,dns,S0,Malicious,Mirai
0.0020173551595796574,1228.9927558608774,63.21303699201787,68,0,33460,2323,icmp,http,RSTR,Malicious,DDoS
0.959528382448364,713.4183746747532,25389.886840957806,14,19,14749,443,udp,http,RSTO,Benign,None
4.251572155492305,715.0487385137377,2041.7503550308345,11,9,24113,2323,icmp,-,SF,Benign,None
3.8217845627536255,373.0088520735898,6049.534216350146,6,4,55968,53,tcp,-,RSTO,Benign,None
0.11377086972953042,110.502099378612,0.0,4,0,60339,8080,udp,-,S0,Malicious,Mirai
0.2688736962171755,83.15630478966247,380.8072070456342,5,3,28475,23,udp,dhcp,SH,Malicious,PartOfAHorizontalPortScan
2.592597950870953,26.70810740470246,611.2299527959533,2,3,21411,443,udp,-,SF,Malicious,PartOfAHorizontalPortScan
0.01462208045419662,1252.9103961672947,62.246387312151754,94,4,39304,22,icmp,dhcp,RSTO,Malicious,DDoS
1.622943810956279,747.3413045169667,1192.9985116853434,17,2,60440,53,icmp,ssl,RSTR,Benign,None
1.3457776160270858,366.77159155691345,81.13199581032275,3,1,5724,8080,icmp,dns,REJ,Malicious,PartOfAHorizontalPortScan
0.6825494529741133,290.8753620455575,100.98959200179432,3,4,65226,443,tcp,ssl,SH,Malicious,PartOfAHorizontalPortScan
3.3795899705091363,174.35943531874986,377.2565452693295,7,2,19433,8080,udp,dhcp,SH,Malicious,PartOfAHorizontalPortScan
2.6233703972823035,126.86333753197556,1129.8198392650452,2,2,48066,22,tcp,dhcp,RSTR,Malicious,PartOfAHorizontalPortScan
0.01252685091404338,1279.4658277519188,44.11308300530726,43,3,2948,2323,udp,ssh,SF,Malicious,DDoS
1.1194910853095439,656.0258851868965,24449.30761123844,6,25,1745,8080,tcp,dns,SH,Benign,None
3.1889066335527607,227.57943013200818,39.414347953732666,2,3,42739,443,icmp,-,REJ,Malicious,PartOfAHorizontalPortScan
0.865387377393745,289.9129117240527,60.85552671600764,3,2,63193,53,tcp,ssl,SH,Malicious,PartOfAHorizontalPortScan
0.021802461712261238,1253.0789697251018,68.80813710275817,14,3,6396,2323,icmp,ssh,RSTO,Malicious,DDoS
0.13149997709569614,170.4479955846161,0.0,3,0,7485,443,udp,dhcp,S0,Malicious,Mirai
0.015207157674465677,1273.6401120188848,56.663429842415454,89,3,58565,23,tcp,ssh,RSTR,Malicious,DDoS
4.790514339259865,183.9266474269472,27.80725930120762,3,3,28158,8080,udp,http,RSTO,Malicious,C&C
0.29347994819489065,329.74289241550093,117.20944099301272,3,2,25722,22,icmp,dns,REJ,Malicious,PartOfAHorizontalPortScan
3.108202470163369,305.75275156838,179.21968466608155,3,2,24584,443,udp,-,SF,Malicious,PartOfAHorizontalPortScan
0.008226798994015204,1079.658593002887,64.44143320712867,40,0,6646,443,icmp,http,REJ,Malicious,DDoS
0.2874473884807895,711.8174517193594,16930.940052080106,5,13,27890,80,icmp,http,RSTR,Benign,None
0.02112228998684453,1070.506811465974,64.5888538863247,78,2,7333,23,icmp,ssl,SH,Malicious,DDoS
23.601870009375343,507.95243591281667,220.8496550001373,5,7,25544,80,udp,http,SF,Malicious,C&C
0.032502298628053414,1004.491388608185,40.82384010893668,45,3,21109,2323,tcp,dns,REJ,Malicious,DDoS
1.8193513333433726,57.247498696260934,617.1729499428125,2,2,49416,80,icmp,ssl,RSTR,Malicious,PartOfAHorizontalPortScan
0.012867338877979358,1259.234076982139,42.22217836295601,34,2,51487,53,udp,dns,REJ,Malicious,DDoS
0.20473280315039097,150.67913770330335,0.0,4,0,53188,2323,icmp,ssh,S0,Malicious,Mirai
0.1037584929465843,142.77131607299376,0.0,1,0,20094,22,tcp,dns,S0,Malicious,Mirai
0.004186670656703374,1213.067489989262,57.169219523855105,23,2,39597,8080,icmp,http,S0,Malicious,DDoS
0.07461025787097164,143.53456120569464,0.0,4,0,13592,53,udp,http,S0,Malicious,Mirai
6.298072423884149,2297.3804103673538,8372.05606116015,11,56,46533,53,icmp,ssh,S0,Benign,None
0.008979985869346114,1173.7025085984296,49.79905603321064,13,4,5229,443,tcp,dns,SF,Malicious,DDoS
6.274018185610924,636.9764322440167,2052.899707471175,4,15,23069,2323,udp,dhcp,RSTO,Benign,None
0.005543102655444145,1283.6172926467646,36.169821912555264,84,3,52656,443,tcp,dhcp,REJ,Malicious,DDoS
0.01336008099151875,990.682197760884,44.287929355648274,10,0,55548,8080,udp,ssl,RSTR,Malicious,DDoS
0.0006584425503846852,1317.0855197482817,53.368112723874646,46,1,49690,22,icmp,dhcp,SF,Malicious,DDoS
12.13929887554299,438.85146923572046,122.23187647441902,6,1,24588,22,tcp,ssl,SF,Malicious,PartOfAHorizontalPortScan
8.916403302020893,603.790645012426,2800.3714491628707,11,2,36018,80,tcp,ssl,RSTR,Benign,None
0.00042620269670639774,1186.0612253716745,64.75454131042294,27,3,17575,80,icmp,dns,RSTO,Malicious,DDoS
0.44532607919506534,34.92639662728254,152.50191718486323,2,2,36101,2323,tcp,-,REJ,Malicious,PartOfAHorizontalPortScan
4.368572274066974,117.81917479193363,140.16347852999345,4,1,11516,23,icmp,http,SH,Malicious,PartOfAHorizontalPortScan
3.5121979370730476,160.70883553210925,563.3694557846871,2,3,60097,8080,tcp,ssh,SH,Malicious,PartOfAHorizontalPortScan
0.0005442071188430464,1177.4018454655939,64.25433279529632,25,3,52289,8080,tcp,-,RSTR,Malicious,DDoS
0.0018204008840484696,1118.6557943994542,43.16139796653563,58,0,15554,443,tcp,-,SH,Malicious,DDoS
6.7631365908853684,23.914569865880893,162.01252536324455,3,3,38988,23,udp,-,RSTR,Malicious,PartOfAHorizontalPortScan
5.854012218534967,164.42677915482304,23.554754653140783,7,3,37350,8080,tcp,http,RSTO,Malicious,C&C
0.22763390305816567,1909.7066684217618,1188.1102254987127,6,52,63456,80,tcp,dns,RSTO,Benign,None
2.928332163621976,357.0405777599431,9397.003058438127,24,33,20931,53,icmp,dhcp,RSTR,Benign,None
0.038653625520684354,147.47795166883685,0.0,1,0,23260,23,icmp,http,S0,Malicious,Mirai
0.664398585047266,6457.411708026379,8381.735769901248,21,3,12597,2323,tcp,-,RSTO,Benign,None
1.7345040458927958,498.7496639015066,2125.7508384619923,2,8,7756,443,udp,ssh,SF,Benign,None
0.025409042141146945,146.0368484271574,0.0,4,0,49984,23,icmp,ssl,S0,Malicious,Mirai
0.415519363777037,984.4915200569299,7122.406796602565,16,8,24250,8080,icmp,-,SF,Benign,None
0.0062250895186977875,1181.1160713404076,45.596743153238094,18,2,14788,443,icmp,http,REJ,Malicious,DDoS
0.0795266271030936,133.8347234986615,0.0,3,0,22687,23,tcp,-,S0,Malicious,Mirai
3.5916960026693063,73.03752477992168,295.5198492800087,3,1,34338,53,udp,-,RSTR,Malicious,PartOfAHorizontalPortScan
0.2948537039466273,548.0252470077902,3059.1605244345,25,9,54828,8080,udp,dns,S0,Benign,None
1.1981784365608938,562.402398762175,110.53482255259,12,33,60422,80,udp,http,RSTR,Benign,None
1.0383694296185288,170.96843570340488,130.87038060640865,7,1,53257,443,icmp,http,S0,Malicious,C&C
9.797732824721297,33.96129380958003,125.89968866901414,2,3,2405,53,icmp,dns,S0,Malicious,PartOfAHorizontalPortScan
0.0029701731576110093,1282.929211134188,33.681294168670185,53,1,45731,23,tcp,-,RSTR,Malicious,DDoS
0.05657090629591948,159.1015115144074,0.0,4,0,32758,2323,icmp,http,S0,Malicious,Mirai
1.898588108968931,982.007392272378,23182.629870356424,7,13,58984,22,udp,dhcp,RSTR,Benign,None
0.03098826124886152,181.61454084797035,0.0,3,0,55847,443,icmp,ssl,S0,Malicious,Mirai
0.13042183631707885,404.6040261950406,5103.5183292441225,3,13,50380,80,icmp,-,S0,Benign,None
0.22228391401095896,426.7910582676134,1397.547360474532,7,19,65145,8080,tcp,ssl,SF,Benign,None
0.010106063673713053,1374.818045806926,59.57926865336238,16,3,2291,80,tcp,ssl,S0,Malicious,DDoS
0.9507676837742949,1273.1704811815591,32625.258529033865,4,21,45300,22,icmp,dns,S0,Benign,None
0.7396196377946227,2125.36733773856,44119.0526354499,33,4,30174,80,udp,ssh,SF,Benign,None
2.122399307495063,120.20416540997269,1620.5736607954748,3,2,57461,23,icmp,-,REJ,Malicious,C&C
0.4450696312803429,772.1596454997225,351.0434849509603,3,1,35100,22,tcp,http,S0,Malicious,PartOfAHorizontalPortScan
0.02825934193790198,1277.514455061143,58.58602956624499,89,0,54556,80,tcp,http,RSTR,Malicious,DDoS
5.600225610750079,115.60960197050197,267.60018226606013,3,4,10284,22,udp,http,SH,Malicious,C&C
4.5793241654887415,283.6889046830082,318.71774919349593,4,2,50225,443,udp,dhcp,RSTO,Malicious,PartOfAHorizontalPortScan
0.003792326466030024,1129.242366335878,45.81996033992264,18,1,36607,53,tcp,ssh,RSTR,Malicious,DDoS
0.045307475031546786,139.02758719861342,0.0,4,0,4818,2323,udp,http,S0,Malicious,Mirai
3.8538745742933047,1396.5494999291243,38.91256703410665,3,4,59437,23,udp,-,RSTO,Malicious,C&C
0.010411900143694353,1127.0212512511473,59.98084172603655,49,3,48481,23,udp,-,RSTO,Malicious,DDoS
2.643371644361541,1145.0505330533244,39405.270631328654,3,17,60493,8080,icmp,ssh,RSTR,Benign,None
1.3869304874035053,5045.805059049697,2748.5039961127018,31,9,39913,8080,tcp,ssl,RSTR,Benign,None
0.0007360847123258034,1332.5040128250207,45.31420290449683,93,0,45336,23,tcp,http,SH,Malicious,DDoS
3.659392814170073,19.92751472475386,109.85345507925602,3,2,46882,22,tcp,dns,SF,Malicious,C&C
11.243581108736622,33.355073154596795,415.17441784081205,2,9,30689,23,udp,ssl,REJ,Malicious,C&C
9.671255423371699,143.8598605651022,151.62503959536915,5,0,12384,53,udp,dhcp,SH,Malicious,C&C
5.4462264078080915,934.2734949722095,7565.850862203029,25,10,9256,53,udp,http,REJ,Benign,None
0.0016248488238738107,1112.0160693899013,41.4965290202577,56,3,47796,80,tcp,dns,REJ,Malicious,DDoS
0.10677924341988124,142.0228720577821,0.0,3,0,29857,80,tcp,-,S0,Malicious,Mirai
1.3085841350836835,524.7297742679721,346.1066131870597,5,11,7524,23,tcp,ssl,SH,Benign,None
0.469394854521129,288.4467694980012,75.95141257831435,2,2,64473,2323,tcp,ssh,RSTO,Malicious,C&C
0.045220625022041216,641.4184178813846,25.790919360892385,6,3,50558,2323,tcp,-,SF,Malicious,PartOfAHorizontalPortScan
2.6407860459911836,167.82718329736298,5583.769537330143,7,14,29626,2323,tcp,dhcp,RSTR,Benign,None
0.015936242042307754,1160.4788216746445,39.921309986005305,83,2,57720,8080,icmp,http,SF,Malicious,DDoS
6.877805916502257,167.32749337407927,787.9547534795939,3,7,41801,80,udp,ssh,RSTR,Malicious,PartOfAHorizontalPortScan
3.5601711546372043,211.5418689995578,2709.8229623457037,3,13,42304,2323,icmp,dns,S0,Benign,None
7.500249992776009,255.3165708907442,522.5711985692792,4,3,16334,53,tcp,-,REJ,Malicious,PartOfAHorizontalPortScan
0.005132254376820987,1094.6861490100425,50.792769154367704,57,0,4015,443,icmp,dhcp,S0,Malicious,DDoS
2.1415303922676223,145.32923339028955,187.11073732191986,3,3,19589,53,udp,ssh,SH,Malicious,C&C
0.9705135943919645,323.8102568554982,642.178374182416,4,2,30396,2323,icmp,-,RSTR,Malicious,PartOfAHorizontalPortScan
1.4802020596385157,226.31917574190413,259.0924158134611,2,3,15888,80,icmp,ssh,RSTO,Malicious,C&C
3.8367659362552815,473.02763343656653,73.29833445014448,4,2,6430,8080,udp,ssl,RSTR,Malicious,PartOfAHorizontalPortScan
2.2569453005712523,95.90729898839663,102.49152772304554,2,1,45532,2323,udp,dns,REJ,Malicious,C&C
0.008634858520567805,1156.9408028005976,54.71846786363607,50,2,41348,80,icmp,-,SH,Malicious,DDoS
1.9506863013001385,6008.607824987733,1599.8251808172436,11,11,7541,8080,tcp,dhcp,RSTO,Benign,None
0.03987784624308204,160.27350431586612,0.0,4,0,17707,80,udp,dns,S0,Malicious,Mirai
3.6979783762568434,76.59349218511271,94.0928279246918,4,2,43756,22,icmp,http,SH,Malicious,PartOfAHorizontalPortScan
7.748980181745075,341.22227530015664,33.431786340698736,5,4,53670,8080,icmp,http,SH,Malicious,PartOfAHorizontalPortScan
0.1369563733867212,159.63803264080678,0.0,4,0,8346,22,icmp,dhcp,S0,Malicious,Mirai
2.0311392201063634,546.5150753050161,118.8370501109655,2,3,13153,23,udp,-,REJ,Malicious,C&C
0.46500537591471414,50.78930673136448,136.2392519468176,2,1,19378,443,tcp,ssl,RSTR,Malicious,C&C
1.9809777872993923,501.1695821230036,24034.929163348454,113,9,64959,23,udp,dhcp,S0,Benign,None
0.8784553161960365,190.18535791101252,128.85470730454398,1,3,7619,8080,tcp,ssl,REJ,Malicious,PartOfAHorizontalPortScan
1.5361339514273125,153.47413474999559,69.9586728291401,5,1,50908,80,tcp,http,S0,Malicious,PartOfAHorizontalPortScan
2.533468787979916,175.2158859941994,402.0042317934466,5,3,13554,22,tcp,http,RSTR,Malicious,PartOfAHorizontalPortScan
0.027846790769012243,176.3893568791053,0.0,2,0,1060,53,icmp,ssh,S0,Malicious,Mirai
1.6061600327954682,228.10350369759666,77.53132086293655,3,3,33943,443,icmp,ssl,RSTR,Malicious,PartOfAHorizontalPortScan
1.6049285298558582,574.895075779961,455.0144241726393,5,12,27212,2323,icmp,http,REJ,Benign,None
2.2148856259346688,5192.957258056483,6014.171551560401,2,10,54854,443,udp,dns,S0,Benign,None
0.5303838289183794,306.0329835311161,81.28857427315809,2,9,39245,23,udp,-,SH,Malicious,PartOfAHorizontalPortScan
3.2405621155186366,222.02536273235052,129.1795890080426,1,2,17112,443,icmp,ssl,SH,Malicious,PartOfAHorizontalPortScan
1.416494511462885,337.29811019616466,990.4711858764327,2,3,9957,22,icmp,ssl,S0,Malicious,C&C
2.8630543637258206,73.23145752104294,114.87611543725194,3,2,54280,8080,icmp,dns,RSTR,Malicious,C&C
0.1408082313276462,167.8188594797627,0.0,2,0,23286,53,icmp,ssh,S0,Malicious,Mirai
0.03516113730365331,156.1754438689066,0.0,2,0,59921,53,icmp,-,S0,Malicious,Mirai
0.24351767914452088,1352.4240383203794,10051.184916382912,8,21,2666,8080,udp,ssh,SH,Benign,None
0.2777206190660753,343.23130202057274,4757.375588438514,15,19,18830,2323,udp,dns,SH,Benign,None
9.701436305058131,114.11231431763088,408.6392787246075,4,1,10788,22,udp,-,REJ,Malicious,PartOfAHorizontalPortScan
8.940685115304257,529.8893138922354,2269.1586759642178,9,4,23647,2323,tcp,ssl,RSTO,Benign,None
2.2141211431190047,2626.9943871892187,3956.422944384046,2,4,23972,23,icmp,ssl,SH,Benign,None
0.013308769274663547,127.57197158884117,0.0,3,0,34736,443,tcp,dns,S0,Malicious,Mirai
2.3693561225868387,1469.2746616332931,5059.949815669224,20,19,34125,80,tcp,dns,RSTR,Benign,None
3.9129682543495576,362.75090101122385,489.09823275216576,12,5,4995,2323,icmp,-,SF,Benign,None
1.8723339798187657,213.94670848535606,2447.871482440937,13,6,41091,80,udp,dhcp,S0,Benign,None
0.4580508177005269,421.906839211984,4711.4913640480045,16,14,65413,2323,udp,ssl,REJ,Benign,None
12.975052459539844,54.37797165161802,87.11616522875448,7,15,11140,80,tcp,dns,RSTR,Malicious,C&C
6.063449329642643,2792.899892484222,626.5189066050922,38,20,8962,443,tcp,-,SH,Benign,None
6.990692549724266,1356.2082826796493,74216.53715506279,18,4,7910,2323,udp,-,SH,Benign,None
0.006674292432613462,1250.1721932663822,48.820717091980285,90,4,62219,2323,icmp,ssh,SF,Malicious,DDoS
0.017652883795589942,1220.7929691961674,56.50489639988436,70,1,39085,23,icmp,dns,SH,Malicious,DDoS
3.2085278935870267,758.7461664914082,1450.2054155289156,2,21,8611,23,tcp,-,REJ,Benign,None
0.009089726270002938,1147.6325311944486,29.496278836392896,43,4,51181,8080,udp,dhcp,RSTO,Malicious,DDoS
0.007751700582621212,1048.236259521359,37.01171181901186,91,1,55028,443,icmp,-,REJ,Malicious,DDoS
0.3317034901512023,2206.087400211413,3767.4664627031366,11,12,30569,53,udp,dhcp,RSTO,Benign,None
5.678892251426617,16680.574094542055,62372.87821321088,2,24,60972,8080,tcp,dns,RSTR,Benign,None
0.0010523754278627703,149.88756612798713,0.0,3,0,19854,22,icmp,http,S0,Malicious,Mirai
0.7741968274360264,1613.1979221394656,4369.407620443665,50,32,43006,53,icmp,-,SH,Benign,None
2.2453647399164742,1779.887235101252,3765.649645613118,4,7,57223,53,icmp,-,S0,Benign,None
3.1414517670366338,399.0365983932367,5868.305716659087,10,10,40188,53,icmp,http,SF,Benign,None
11.275144234313286,31.128426225962833,36.42397883966787,2,5,8410,443,tcp,dhcp,REJ,Malicious,C&C
2.2604578478055704,2015.4193297580005,224.84942502475639,11,8,47581,443,tcp,dhcp,SF,Benign,None
4.01046191474042,411.44948486396834,2618.387290195553,5,12,26254,53,icmp,ssl,RSTR,Benign,None
1.4157847194408713,1415.7056316443964,21130.43193466597,2,8,56905,22,tcp,dhcp,S0,Benign,None
0.0017980019005604745,1150.9643403475318,13.64799772459898,85,1,11760,443,tcp,ssl,RSTO,Malicious,DDoS
0.03700999805718032,1409.2098571617908,46.9752614160753,55,2,36651,53,udp,-,RSTO,Malicious,DDoS
10.462896735459903,2856.959601422882,19310.948007260984,12,3,12041,22,udp,ssh,SH,Benign,None
0.07737872011532168,459.7265010697743,1955.1241645937428,6,41,47722,80,icmp,http,RSTR,Benign,None
2.7160228593072673,297.46385644514874,33.26212704662666,1,1,36539,53,icmp,-,SH,Malicious,C&C
2.1053708379902676,63.59917768606417,550.3331616376149,3,2,17966,22,icmp,http,RSTO,Malicious,C&C
0.8192696884704194,167.12147099489044,2210.262287396706,3,4,62116,8080,udp,ssh,REJ,Malicious,PartOfAHorizontalPortScan
4.008168161076445,92.66679313020116,61.29657469445438,3,3,57652,8080,udp,http,SH,Malicious,C&C
2.4026044510533273,358.0980578426955,147.2795082368936,3,2,16262,22,tcp,ssh,SH,Malicious,C&C
4.0212363975136745,1699.5802234008634,2625.918814426937,1,11,41639,23,tcp,-,S0,Benign,None
2.3894545482460523,116.44450597993087,121.6989835307704,2,4,33918,2323,tcp,dhcp,RSTR,Malicious,C&C
0.011314496344038279,1037.648594810097,61.9661773600482,88,0,54251,22,udp,ssl,REJ,Malicious,DDoS
5.996838885643749,101.67752798706024,47.14447869496135,2,1,32731,53,udp,-,SF,Malicious,C&C
0.007161203393600435,1304.5207582032251,37.20530562570711,47,3,54673,80,tcp,ssh,REJ,Malicious,DDoS
1.4171714740823451,658.79051109547,416.02260193543054,1,15,40582,443,udp,http,S0,Benign,None
0.04312715367901507,154.80975298935522,0.0,3,0,14381,2323,udp,ssl,S0,Malicious,Mirai
2.495889721036812,528.4791368752483,11274.107335657907,5,6,3081,443,udp,-,RSTR,Benign,None
0.00712840653505763,1257.8809109784556,27.958266145874816,75,1,2666,8080,tcp,-,SH,Malicious,DDoS
0.007550750044284348,1252.4549184065431,54.02199802388452,28,0,51088,8080,tcp,http,RSTO,Malicious,DDoS
0.17939233000944252,589.2442340628899,168.37547579589213,34,10,25798,80,udp,ssh,SF,Benign,None
0.8596734713242081,1104.4451931068986,9822.2784268471,3,60,7991,2323,udp,-,RSTR,Benign,None
0.003093657886686466,1351.5945146294234,35.735168433788346,74,2,18429,443,icmp,ssh,RSTO,Malicious,DDoS
0.00024717285587525065,1163.9295499550426,47.8031295497616,25,1,64729,53,icmp,http,SF,Malicious,DDoS
0.021632906775444456,1042.356080647891,33.97249112501108,18,4,47702,80,udp,http,SF,Malicious,DDoS
0.3880752119519066,304.90904890831405,98.72511987802478,2,2,13681,23,icmp,http,RSTR,Malicious,C&C
4.446541691804659,216.69211744106752,61.266535728918406,3,5,4793,80,udp,-,RSTO,Malicious,C&C
0.07546945600827215,157.01697952614103,0.0,3,0,46435,53,udp,-,S0,Malicious,Mirai
10.259687957800365,50.599099578664244,17.09047219447413,3,1,14785,8080,icmp,dhcp,S0,Malicious,PartOfAHorizontalPortScan
2.293963902839814,3430.921371914062,8123.36571672584,3,17,38067,53,udp,dns,SF,Benign,None
0.25923335441437495,163.35169920953214,0.0,4,0,21786,2323,tcp,-,S0,Malicious,Mirai
2.0704181355254327,647.7161712235979,4543.954556223983,3,11,61835,8080,udp,dns,RSTR,Benign,None
0.4353396099009921,288.34946216663764,47642.95286370265,11,20,53897,53,icmp,ssh,S0,Benign,None
2.108112246957916,1018.0310050926705,1264.3048471315121,7,21,44208,443,tcp,ssl,RSTR,Benign,None
0.02225345505244567,1339.3924530541074,41.81524913869832,51,4,15684,443,tcp,http,REJ,Malicious,DDoS
0.14922895850305634,155.4439851950758,0.0,2,0,44625,80,udp,ssl,S0,Malicious,Mirai
0.545855011100424,287.03834551575295,1828.889307469802,16,23,37413,2323,tcp,ssh,SH,Benign,None
0.08242168696606504,132.50870004598946,0.0,3,0,57406,80,udp,ssh,S0,Malicious,Mirai
6.477564621361211,55.32873059916143,283.08152973354595,3,1,15927,22,tcp,dhcp,RSTR,Malicious,C&C
0.11692870651484255,138.3835870634446,0.0,1,0,63444,443,icmp,-,S0,Malicious,Mirai
12.538359213827642,168.62230797656983,35.72673007704183,3,2,13893,8080,tcp,-,S0,Malicious,PartOfAHorizontalPortScan
5.60751384633127,43.21026624335697,438.5141777108277,6,1,27874,53,icmp,ssh,RSTR,Malicious,C&C
0.021417196142411346,146.28902930814291,0.0,2,0,38753,80,tcp,ssh,S0,Malicious,Mirai
0.001092948976260902,1169.2797482399756,59.03230621127387,39,0,11178,23,udp,dhcp,RSTR,Malicious,DDoS
0.0035261081185005024,1394.8425334132414,48.20232365671754,80,4,54635,8080,udp,http,REJ,Malicious,DDoS
0.02036068713119078,1246.2806459181854,49.713183413626865,38,1,32164,23,icmp,ssh,S0,Malicious,DDoS
0.9346459087931271,482.5795203599433,517.3169557579882,2,3,55944,22,tcp,ssl,SH,Malicious,PartOfAHorizontalPortScan
0.6216223258653232,193.97321805655787,112.6246465354564,3,7,2149,443,udp,ssl,SF,Malicious,PartOfAHorizontalPortScan
8.000335629963732,1187.917421239875,2888.8335841266144,9,10,18230,8080,icmp,ssh,REJ,Benign,None
2.198176866880991,112.74004827825664,10616.609867231671,11,4,31094,23,icmp,dhcp,S0,Benign,None
0.04914154220342917,155.25301209265484,0.0,4,0,31596,23,udp,ssl,S0,Malicious,Mirai
1.2545624600017304,1071.886269528389,558.0429935900431,25,35,11572,23,icmp,dns,RSTR,Benign,None
6.57592756518514,114.9061116657895,87.36941594191201,2,1,34596,2323,udp,ssl,REJ,Malicious,C&C
0.05336517057623696,162.56135993863938,0.0,3,0,44991,23,tcp,http,S0,Malicious,Mirai
0.018829626069163934,1061.2397682772207,38.52007104995957,55,4,14847,80,udp,dns,RSTR,Malicious,DDoS
0.003785973441185049,1169.3005954116597,55.847253470359405,91,1,58433,2323,udp,ssh,SH,Malicious,DDoS
0.9123416623472043,95.39384079317854,270.23216164407927,7,4,31721,53,udp,dhcp,RSTR,Malicious,C&C
2.3364028238618366,1396.4893987650516,410.29359624328026,16,17,43002,2323,udp,dhcp,SH,Benign,None
0.07440153310601358,184.1721858683371,0.0,1,0,42308,53,udp,ssl,S0,Malicious,Mirai
0.007445199279588331,174.8764443275351,0.0,2,0,20112,53,udp,-,S0,Malicious,Mirai
1.9717944392990014,1151.1476292426066,2156.839939185949,2,12,24343,22,tcp,ssl,S0,Benign,None
0.6727873297458504,97.40695950754723,271.7587945903191,6,1,30976,2323,tcp,dns,REJ,Malicious,C&C
0.049086020733282956,160.09757444534952,0.0,2,0,37469,23,tcp,-,S0,Malicious,Mirai
3.924012327414484,178.6673636887846,154.446574360271,2,1,7799,2323,icmp,http,SH,Malicious,PartOfAHorizontalPortScan
9.796337750391919,103.42612248182509,132.9026385742528,3,1,62006,53,tcp,http,RSTR,Malicious,PartOfAHorizontalPortScan
0.040426095487398644,82.78768796918878,398.09521884302484,5,1,5828,53,udp,http,SF,Malicious,C&C
0.00971356816030097,1335.5495532875007,44.864632473835044,65,1,32163,53,udp,-,SF,Malicious,DDoS
0.017619014430719098,138.60597224969206,0.0,3,0,39512,8080,icmp,http,S0,Malicious,Mirai
6.885122696528322,457.4556463392437,189.25646602801314,2,3,4888,23,udp,http,S0,Malicious,C&C
0.0031694971735954603,1231.8341213011045,74.61493490733302,52,1,55494,80,tcp,dhcp,RSTR,Malicious,DDoS
0.0021351834263913664,1145.3362697182715,40.251228371215085,36,4,21266,80,udp,dns,RSTR,Malicious,DDoS
0.007099045375843279,1074.1229845090916,47.61938511367334,77,3,45887,80,tcp,-,S0,Malicious,DDoS
2.5955701042148123,379.86991639440225,185.30810914445786,5,2,14268,53,icmp,dns,REJ,Malicious,C&C
2.675855519811702,575.6456601936882,9296.781827267336,18,23,55085,8080,icmp,http,REJ,Benign,None
9.48790080791626,361.92698553221965,1160.5803218789838,6,6,31084,23,udp,ssh,RSTO,Benign,None
1.4759960299508006,1238.0028435087072,6585.9431946728755,3,17,59616,80,tcp,ssl,S0,Benign,None
0.0020005338336147034,1148.1035592379642,52.36803933646564,31,3,41940,443,tcp,ssh,RSTR,Malicious,DDoS
5.056047627725341,268.66870115141774,663.6899777908042,11,35,49268,53,udp,-,RSTR,Benign,None
0.0009431940527407876,1296.441745812035,48.5676445808644,35,3,3041,22,udp,-,RSTR,Malicious,DDoS
0.02972031951709289,1350.954686261263,54.341269815409724,60,2,16950,80,icmp,dhcp,RSTR,Malicious,DDoS
1.8098623922817056,42.16977004722167,119.38870246758086,2,3,25868,2323,tcp,ssh,REJ,Malicious,PartOfAHorizontalPortScan
5.077526589188524,556.1477663283637,291.0283675545685,4,1,24959,8080,tcp,ssh,SF,Malicious,PartOfAHorizontalPortScan
7.164213581479366,260.69423517369376,6813.016048382629,3,4,9677,80,tcp,http,REJ,Benign,None
0.1358992297775506,96.24267803938754,84.02996456157919,3,7,25125,443,udp,dhcp,RSTO,Malicious,C&C
0.1244916815849978,159.95296390632456,0.0,2,0,4237,23,icmp,http,S0,Malicious,Mirai
0.20968943321187636,291.17857937156595,17956.77989367387,8,5,1896,80,tcp,dhcp,S0,Benign,None
4.2486918393069635,61.51232445826991,712.3733246974011,3,1,10162,443,tcp,ssl,RSTO,Malicious,C&C
0.012490247269863197,1389.7868075799124,40.64822236884979,20,2,48961,8080,udp,dhcp,RSTR,Malicious,DDoS
0.17467406034668287,175.90244753840938,79.97895803330637,2,1,7661,80,tcp,ssh,RSTO,Malicious,C&C
1.1715978187027034,389.7517196415183,149.17843525134697,2,6,65321,443,icmp,dhcp,S0,Malicious,C&C
0.005474234901936144,1199.6024328713418,55.81120945163724,22,1,52469,53,udp,dhcp,REJ,Malicious,DDoS
0.01133980620425538,1212.6311013801367,52.923229604207336,34,1,65414,53,udp,http,SH,Malicious,DDoS
0.0083685579080645,1242.0357310777651,32.57303298211036,44,2,6313,23,icmp,dhcp,SH,Malicious,DDoS
1.0272622383647463,367.497194220973,95.62017630288773,4,4,32796,53,udp,-,RSTO,Malicious,PartOfAHorizontalPortScan
1.338177246190513,322.3378524763428,3198.2483878124513,19,32,4935,80,udp,-,S0,Benign,None
4.595591251826473,190.8900862733569,414.5491565898402,3,3,31932,23,icmp,ssl,SH,Malicious,PartOfAHorizontalPortScan
2.3776309582479644,302.66343327519644,6217.62017386161,10,9,49580,2323,icmp,dhcp,RSTR,Benign,None
0.16457535586840877,162.14915600841113,0.0,3,0,61228,2323,icmp,dns,S0,Malicious,Mirai
19.01138046636014,168.32420249742,79.42542381616744,3,2,29255,2323,icmp,-,SF,Malicious,PartOfAHorizontalPortScan
0.005369924168854913,1171.1804393622986,58.412967992969755,41,1,17154,80,udp,dhcp,RSTO,Malicious,DDoS
0.13317109947779082,140.96878671284205,0.0,3,0,45021,22,tcp,-,S0,Malicious,Mirai
1.3850488530463005,152.72859828751479,1458.5653894528102,9,3,28023,53,udp,dhcp,S0,Malicious,C&C
1.0668501451601804,320.6990350150728,71.70312232770821,2,2,59583,443,icmp,ssl,REJ,Malicious,C&C
0.012357773813698686,432.12071415919235,119.31918863794066,5,1,15861,53,icmp,-,RSTO,Malicious,PartOfAHorizontalPortScan
2.9305366151066723,1851.1141003124226,1392.2869817719818,18,31,37909,2323,tcp,http,S0,Benign,None
0.002659360518835732,1133.1221761218878,45.52754895212693,98,3,10331,8080,tcp,-,RSTR,Malicious,DDoS
0.002936770117096124,1321.8665210788922,50.32788170419992,40,1,42073,8080,tcp,ssl,SF,Malicious,DDoS
4.421035249055917,462.73810035384497,217.78102038386612,1,2,50694,2323,icmp,dhcp,S0,Malicious,C&C
0.6394913293909064,910.6765519458455,831.5802611808739,3,17,17584,443,udp,dns,RSTO,Benign,None
4.484062279622976,913.3112225986829,1394.6818144726776,2,20,53846,53,tcp,ssh,RSTO,Benign,None
0.024422453784849245,1260.0868913723507,32.09432055635758,73,4,3421,80,icmp,http,RSTR,Malicious,DDoS
0.006567119017502208,1142.673241543185,49.751086410411325,26,3,18163,443,udp,ssh,RSTR,Malicious,DDoS
0.7322048137382007,186.9888517192347,334.5276915896909,3,1,38144,53,icmp,ssl,RSTO,Malicious,C&C
0.06297046000159791,168.88645964244327,0.0,1,0,10892,53,udp,dns,S0,Malicious,Mirai
0.7953170015502582,2915.0229353593054,2365.231874872798,18,41,34399,53,tcp,dhcp,SH,Benign,None
0.0686241838530856,1762.7033836977728,3221.417719563034,4,12,20423,2323,tcp,-,REJ,Benign,None
0.29330821373601396,114.01998319577186,0.0,4,0,29748,8080,icmp,http,S0,Malicious,Mirai
0.06168917131453438,155.00885187031906,0.0,3,0,17891,8080,udp,dns,S0,Malicious,Mirai
0.003911543437979629,1186.18318537201,50.032759071029815,64,2,19008,23,udp,ssh,RSTR,Malicious,DDoS
0.08715338924145477,141.279960595501,0.0,3,0,22661,443,udp,dns,S0,Malicious,Mirai
0.9854224057292471,333.817287288119,392.08192183206353,4,3,19826,8080,udp,http,S0,Malicious,C&C
1.2676834142349158,25.685366891052333,136.69427132350728,6,1,2670,8080,udp,ssl,RSTO,Malicious,PartOfAHorizontalPortScan
0.053962851386206614,163.42924968245603,0.0,2,0,21880,23,udp,http,S0,Malicious,Mirai
0.29396268312761337,622.4848152193505,115.52237600313859,2,2,42381,2323,udp,ssh,REJ,Benign,None
0.007679245234120571,1140.9559229796726,50.19259309031212,89,1,20491,2323,udp,ssl,REJ,Malicious,DDoS
0.04889260581383824,134.94477785243978,0.0,4,0,2283,22,tcp,dns,S0,Malicious,Mirai
0.6232316773949108,15708.720604819411,12378.905150304397,3,24,29759,8080,icmp,-,REJ,Benign,None
3.9260579302164986,371.9988088217265,3341.3322250616957,10,36,5001,22,icmp,dns,SF,Benign,None
1.1687190652670765,4887.013310370236,586.6927448692695,8,7,35795,53,tcp,dhcp,S0,Benign,None
0.29152538533273514,915.8608068958653,774.5361002737703,6,47,6015,53,udp,dhcp,RSTR,Benign,None
7.743044037818723,113.23832809849499,54.14517276586937,3,1,29595,23,icmp,dns,RSTR,Malicious,PartOfAHorizontalPortScan
0.017732759308734126,1140.3498435478848,45.72562018366139,90,0,19781,23,tcp,dhcp,RSTO,Malicious,DDoS
0.36336096713471544,156.56808319280842,0.0,4,0,20751,443,tcp,dns,S0,Malicious,Mirai
1.4451227243196405,247.02792398883858,52.43281795365332,2,6,18049,2323,tcp,dhcp,RSTO,Malicious,PartOfAHorizontalPortScan
0.03427727368631905,140.23265826288383,0.0,3,0,8070,2323,icmp,ssh,S0,Malicious,Mirai
0.6812096978624174,1570.1406948363294,1666.0306297310392,4,47,9723,443,icmp,http,SH,Benign,None
1.979794094774561,431.5938008077228,7607.286009576244,11,16,56320,80,icmp,http,RSTO,Benign,None
0.07423997354477772,175.76059385914684,824.1875435273467,40,18,62385,22,udp,dns,REJ,Benign,None
0.8714030256903118,1250.1349344309376,661.9581276452404,6,3,30059,2323,icmp,ssl,RSTO,Benign,None
0.0014731104137236692,1273.2036028333282,43.44417978838389,22,2,22667,22,tcp,-,REJ,Malicious,DDoS
5.5857764030208665,162.53644449569117,916.0168986093446,3,2,43441,80,tcp,ssl,S0,Malicious,C&C
2.8843348862148104,2025.4276231748638,2849.1453427858146,4,6,48722,23,icmp,ssh,S0,Benign,None
2.308070291928657,2023.4067072862056,2310.5180948692055,17,21,47472,80,tcp,-,RSTR,Benign,None
1.088797142819331,102.98320151804914,93.5721618375723,2,1,36580,22,tcp,dns,REJ,Malicious,PartOfAHorizontalPortScan
11.974503259865282,104.44615120614215,274.4573037649593,2,1,3614,2323,udp,ssh,S0,Malicious,PartOfAHorizontalPortScan
0.002295819595617584,1115.8096604380967,47.97304893181075,44,2,14795,80,icmp,dns,SF,Malicious,DDoS
0.06997706183591362,135.90181897715152,0.0,2,0,4122,22,tcp,ssh,S0,Malicious,Mirai
0.020236505216004442,1172.8372020256031,43.33628592295298,72,4,55068,8080,tcp,dns,RSTO,Malicious,DDoS
0.17005077935667706,993.8156572403119,1999.7409035051958,9,71,42607,8080,udp,ssh,SH,Benign,None
0.16666321237772758,149.1708407534043,0.0,1,0,65032,53,udp,http,S0,Malicious,Mirai
0.3400807597470156,127.2479959007153,0.0,1,0,31046,2323,udp,dhcp,S0,Malicious,Mirai
0.4044885670821357,713.1755043200676,28.434278722629227,4,2,33795,80,tcp,ssl,S0,Malicious,PartOfAHorizontalPortScan
0.004046924942365438,136.6089534724838,0.0,4,0,44299,443,icmp,dns,S0,Malicious,Mirai
0.03800577035442228,119.31638078625556,0.0,1,0,15665,23,icmp,-,S0,Malicious,Mirai
0.09861095114783752,165.9240879457036,0.0,1,0,27202,2323,udp,ssl,S0,Malicious,Mirai
0.23673928726648774,152.51169561529667,0.0,2,0,50349,22,icmp,dns,S0,Malicious,Mirai
11.538766750438427,29.101536134750162,209.34845371309027,4,0,42396,8080,icmp,ssh,SH,Malicious,C&C
1.913575200199259,368.475050026149,74935.62098799541,87,67,52777,23,tcp,ssl,S0,Benign,None
13.853476305081712,231.46686964787446,14.278200645818455,2,1,62165,8080,udp,ssl,RSTO,Malicious,C&C
0.23153419220217844,187.29931287130793,0.0,3,0,21769,80,icmp,ssh,S0,Malicious,Mirai
0.0034556686686767093,1256.9552686864808,50.408567213138184,45,0,3822,23,tcp,ssh,RSTR,Malicious,DDoS
0.8680872440156963,6001.829617354643,123.94237075054777,3,15,2571,443,tcp,dhcp,RSTO,Benign,None
0.012280376448078084,175.7338369956723,0.0,4,0,19380,80,udp,dhcp,S0,Malicious,Mirai
13.835260892177248,249.075936468446,75.71776284730608,2,3,20978,53,icmp,-,RSTO,Malicious,C&C
1.5361420507393062,205.05083668827604,45.016450535196206,4,1,22629,443,icmp,dhcp,RSTR,Malicious,PartOfAHorizontalPortScan
1.4897487990302418,1498.897322158716,206.8155648692603,6,108,20325,53,udp,ssh,RSTR,Benign,None
0.004552340862169429,1241.9341872461625,42.01479607815972,83,3,65467,22,udp,dhcp,SH,Malicious,DDoS
0.02005574432159512,1438.1982369408584,52.274672678806986,93,1,42543,22,udp,ssl,RSTO,Malicious,DDoS
1.537163619747109,712.121700852377,404.08817934691126,3,4,18933,443,icmp,http,S0,Benign,None
5.312605276335321,323.9429049003939,188.99257765062757,4,2,6531,2323,icmp,-,SF,Malicious,PartOfAHorizontalPortScan
0.0025982254663422582,1188.4019791509352,57.234916739393974,37,1,32555,443,icmp,ssh,RSTR,Malicious,DDoS
0.001085726081546052,1300.692150584542,49.32881378737149,92,0,26138,80,tcp,dns,SH,Malicious,DDoS
0.0013367907841036076,1221.4219309143273,53.69957385186205,13,4,58546,22,udp,ssl,RSTR,Malicious,DDoS
4.100495448541446,909.2266610970177,1186.5446611616883,6,29,18389,23,tcp,dhcp,SH,Benign,None
0.051475255535293134,779.4735561879758,2478.238910814857,19,22,55804,22,udp,ssl,RSTO,Benign,None
13.710535046733847,277.3356404012768,475.55181571119846,2,2,23085,53,tcp,http,SF,Malicious,C&C
3.4284748672231964,694.9758946844341,377.3528805617782,4,6,10385,22,tcp,ssl,S0,Malicious,C&C
0.003890827826021273,1152.3989999979149,49.022050029157974,95,4,52440,22,udp,ssl,RSTR,Malicious,DDoS
9.037529618108147,107.14786065715178,203.12284273326742,3,3,28790,22,udp,http,SH,Malicious,C&C
24.814969150125698,87.01867791813669,82.06742161243004,4,8,40843,443,icmp,dhcp,S0,Malicious,PartOfAHorizontalPortScan
0.040612751585609085,148.4234824105309,0.0,2,0,37038,2323,tcp,http,S0,Malicious,Mirai
3.0344773836014567,160.75104048210804,87.04599448378218,4,1,12413,23,udp,dhcp,S0,Malicious,PartOfAHorizontalPortScan
0.054115117287911796,185.65240406840968,0.0,1,0,1596,2323,udp,dhcp,S0,Malicious,Mirai
0.019254416625584202,3671.7134949030924,774.5536447490969,2,24,43817,8080,icmp,http,RSTR,Benign,None
2.3081766908397037,111.6573927415444,58.21605217883874,5,1,57806,23,udp,ssl,RSTO,Malicious,PartOfAHorizontalPortScan
0.3817508335240095,186.01770066247082,38.415174305237535,2,6,27265,8080,icmp,ssl,RSTO,Malicious,PartOfAHorizontalPortScan
0.7265700985608278,821.532190898018,903.2323418132778,19,4,49283,22,udp,ssh,SF,Benign,None
0.007098589265937447,1264.03199554945,42.791337501668735,41,0,44969,53,tcp,ssl,S0,Malicious,DDoS
0.014270470634523677,1340.0099811827813,43.72337303973303,64,0,5813,8080,icmp,ssl,SH,Malicious,DDoS
4.003241277000842,157.9766088261625,257.38514807257883,3,4,25063,80,udp,dns,RSTR,Malicious,C&C
0.05177430123500133,167.4647513471523,0.0,2,0,45263,22,udp,http,S0,Malicious,Mirai
0.5631630164840319,4633.088423999112,1398.3552677500309,9,29,43108,2323,udp,dns,RSTR,Benign,None
0.007527919228169786,147.43603518295694,0.0,4,0,20752,2323,tcp,dns,S0,Malicious,Mirai
4.3342822940680135,196.3936454254681,100.43748625787016,4,5,36342,23,tcp,-,RSTR,Malicious,C&C
4.383394472521788,195.58319708172172,1196.639106529401,3,1,14606,8080,tcp,dhcp,S0,Malicious,PartOfAHorizontalPortScan
1.7425760954672187,618.4547248618436,840.3484308557066,3,17,15686,2323,udp,-,SF,Benign,None
0.17867263768508557,141.2476395142692,0.0,2,0,57082,23,icmp,dns,S0,Malicious,Mirai
0.619113488166946,2805.4055358361043,459.21566398290236,3,42,34193,23,icmp,-,SH,Benign,None
1.024701719909689,138.37295040609135,154.17568083215906,2,6,9566,53,udp,dns,REJ,Malicious,C&C
0.11429074910612146,141.84869167947232,0.0,1,0,62890,23,icmp,-,S0,Malicious,Mirai
2.750075725753722,37.24290886884023,226.51816462476344,6,1,54516,22,tcp,http,SH,Malicious,PartOfAHorizontalPortScan
3.9929727441133944,574.4615803333462,7066.155947328245,5,5,18588,8080,udp,http,S0,Benign,None
1.8351301374942919,189.5731263494289,115.685927375356,3,2,8161,2323,udp,-,RSTO,Malicious,PartOfAHorizontalPortScan
3.9612076460951076,516.9236609678118,11583.08662847803,16,15,49421,2323,icmp,-,S0,Benign,None
2.1812100363942344,683.8117250627365,1840.6426337426674,3,2,59762,80,icmp,ssl,REJ,Benign,None
4.146120222392337,1160.6939416333078,743.269018041023,4,4,3902,443,tcp,http,RSTO,Benign,None
11.800254602030789,100.52491723609408,308.56814595500447,4,3,52555,22,tcp,ssh,SH,Malicious,C&C
0.27807719303724954,1481.7341097603646,903.0724129098242,4,11,35926,2323,tcp,http,RSTR,Benign,None
5.852294541053711,465.29308568031644,105.12390971371178,3,0,65110,22,udp,dns,S0,Malicious,PartOfAHorizontalPortScan
10.77094980040373,351.5751098538912,23.705683252946546,4,9,5545,2323,tcp,ssl,S0,Malicious,PartOfAHorizontalPortScan
0.1567158775526415,196.28835918308306,0.0,3,0,63044,80,udp,http,S0,Malicious,Mirai
0.03606662968706258,1178.017776801907,48.70483076937,17,2,59852,22,tcp,ssh,REJ,Malicious,DDoS
0.09037073445620382,214.3189448622333,0.0,3,0,29258,53,tcp,-,S0,Malicious,Mirai
9.346313020569134,249.0667079570789,114.80857733085183,2,5,7250,2323,udp,-,SH,Malicious,C&C
0.3620155423435963,2769.3108354025926,210.66694649381856,2,16,61842,80,icmp,ssh,SF,Benign,None
1.6950185809927143,214.6628582882387,86.32434836284634,3,2,46048,8080,icmp,-,S0,Malicious,C&C
4.745340918212946,66.83762204038884,316.6272379399154,4,1,45608,8080,icmp,dns,S0,Malicious,PartOfAHorizontalPortScan
1.75011385919864,8612.556677646846,1404.9054794900014,5,41,45919,80,udp,dhcp,RSTR,Benign,None
0.02648489786834666,150.27976231775426,0.0,1,0,44382,8080,icmp,ssl,S0,Malicious,Mirai
2.00224770490887,9148.232129709279,76675.60532619133,28,33,42303,8080,udp,dhcp,REJ,Benign,None
0.0039045553150316896,1060.9570994210192,58.24773207473334,96,4,28220,443,udp,dns,S0,Malicious,DDoS
0.03757276106633816,474.2861656724611,4842.60289129115,75,26,51793,8080,icmp,dns,REJ,Benign,None
0.7506114171659141,106.46980991725407,83.70465149329672,2,2,26290,22,tcp,dns,RSTO,Malicious,PartOfAHorizontalPortScan
0.2567713661704149,164.1185232554584,0.0,3,0,40133,2323,icmp,dhcp,S0,Malicious,Mirai
0.01265204486547302,1256.7580450655207,33.3498336793849,54,0,25621,53,udp,ssh,RSTR,Malicious,DDoS
9.103642032615493,111.82340953359895,194.65163530502528,4,3,46301,22,udp,-,SF,Malicious,PartOfAHorizontalPortScan
0.03442898028630201,154.33138612341773,0.0,2,0,61860,53,icmp,ssl,S0,Malicious,Mirai
2.6667732707574667,1232.0984816365062,3557.3333679271777,3,7,28016,22,tcp,http,SH,Benign,None
1.7786373731433145,269.11998576359144,197.8354751508069,2,3,52732,53,tcp,dhcp,RSTO,Malicious,PartOfAHorizontalPortScan
8.173230035635402,126.16479055356423,56.520524677706774,3,1,2380,22,icmp,ssh,REJ,Malicious,PartOfAHorizontalPortScan
0.2350446782412826,149.1290865584224,0.0,1,0,22481,2323,udp,dhcp,S0,Malicious,Mirai
2.6095132354394948,1548.5684244646375,736.5766560896493,25,28,1190,22,udp,-,S0,Benign,None
1.5108755247035766,588.1471228609759,66.49859549634171,3,2,9160,53,udp,http,RSTR,Malicious,PartOfAHorizontalPortScan
0.3983934602871849,124.60951209830507,0.0,1,0,55872,23,udp,ssh,S0,Malicious,Mirai
5.531294687821068,1469.2882745679642,1500.8244107769992,14,22,62589,23,icmp,http,REJ,Benign,None
6.532838875251209,162.72727583441466,99.49749794259272,2,1,51447,22,icmp,dns,RSTO,Malicious,C&C
0.06290570821246408,138.46163466327852,0.0,4,0,52104,443,udp,dhcp,S0,Malicious,Mirai
1.8922184485137516,69.5678204283533,195.78384186010425,5,7,49369,2323,tcp,ssh,S0,Malicious,PartOfAHorizontalPortScan
0.20864585723591184,97.61337058144319,0.0,4,0,44187,22,icmp,dns,S0,Malicious,Mirai
22.274313194540394,2269.529561915923,36.26098944241012,4,5,53950,23,tcp,ssh,RSTO,Malicious,PartOfAHorizontalPortScan
0.15122708032795862,156.81124388946327,0.0,3,0,24304,80,icmp,dhcp,S0,Malicious,Mirai
0.03295816018323778,142.72430940780256,0.0,3,0,31611,2323,udp,dns,S0,Malicious,Mirai
1.104751180163389,507.6950097472488,26025.23994473457,36,11,42502,8080,udp,ssl,RSTR,Benign,None
1.1844513359208653,249.46889081448094,2409.8538812978973,14,62,20636,23,icmp,dhcp,SH,Benign,None
0.002033145733981871,1155.2967974843577,39.2812163992727,47,2,37819,443,tcp,http,SH,Malicious,DDoS
0.009249023518999446,1218.2905159458253,51.43885626651742,58,1,52175,23,udp,ssl,REJ,Malicious,DDoS
0.014798127978993752,1141.5848940198907,46.60178831691703,35,3,61657,8080,udp,http,SH,Malicious,DDoS
12.344776967078444,178.06254607422085,77.79614086976703,5,2,38843,8080,tcp,-,RSTR,Malicious,PartOfAHorizontalPortScan
0.018757969422859004,1186.5355908175204,69.30642002462477,55,0,12824,80,icmp,http,SH,Malicious,DDoS
4.467365960874565,414.1283570103754,913.1550444515728,2,5,18376,443,udp,dns,S0,Malicious,C&C
0.5485422952715481,4018.1185472278376,3369.3228334537935,11,12,40228,22,udp,ssl,SH,Benign,None
14.761068610943804,29.84087170460453,97.48874596180376,4,4,36368,23,tcp,ssh,SH,Malicious,PartOfAHorizontalPortScan
17.326678137762194,574.5864748425032,77.15280101650491,4,1,3797,53,udp,dns,REJ,Malicious,C&C
2.257903477614834,696.1697244736553,1236.1795897279408,3,138,34062,2323,tcp,http,RSTO,Benign,None
0.0011027763877701536,1147.2228124054575,52.62963163616822,22,3,30941,80,tcp,http,RSTO,Malicious,DDoS
6.574959341968567,197.69896172383935,410.8176300451825,20,14,2219,23,udp,http,SF,Benign,None
2.3960451054332195,184.00897550407785,104.69858457178417,2,3,22787,80,udp,-,RSTO,Malicious,C&C
0.006264609773075688,1110.5713816051373,53.54189093214955,56,0,30445,80,tcp,ssl,RSTO,Malicious,DDoS
1.3593362396534707,1744.2233565855972,16202.01832167645,1,2,47564,22,udp,-,REJ,Benign,None
0.15424476268410073,160.54660158961343,0.0,4,0,12968,23,tcp,http,S0,Malicious,Mirai
0.7590721485503265,655.8204038593772,3657.095251212036,19,5,43750,23,udp,ssh,RSTR,Benign,None
0.0034584821182755154,1307.8849566508964,28.407310646802323,15,0,22547,80,tcp,dns,SH,Malicious,DDoS
0.6969702192720274,1403.9965605835105,2928.9995005230835,2,32,8293,443,udp,dns,REJ,Benign,None
3.027923901214472,918.8288863263153,1264.4494975767782,7,21,41144,80,tcp,http,SH,Benign,None
7.451944570260405,127.82812371843343,11.403047155976642,3,6,16652,22,udp,dhcp,SF,Malicious,C&C
0.02915822192315405,185.77636614073842,0.0,2,0,12163,8080,udp,ssl,S0,Malicious,Mirai
3.759194576168473,1761.9456551331746,99.97154518881611,4,2,40850,8080,tcp,ssl,SF,Malicious,C&C
0.1607341701897797,171.09697212291383,181.99252247148243,4,6,48446,22,icmp,ssl,RSTR,Malicious,C&C
0.013662371615009581,32.30973830435864,63.945008444105035,3,1,53948,22,tcp,http,RSTR,Malicious,PartOfAHorizontalPortScan
0.07039566286243545,47.51530137134111,224.6914102721886,4,2,63826,2323,udp,dns,RSTO,Malicious,C&C
0.011429684940490828,1006.4526753829933,56.091893313348756,16,2,21883,23,tcp,ssl,RSTO,Malicious,DDoS
1.0847326194587317,25.60726191552924,287.6837304017585,5,3,52702,22,icmp,http,SH,Malicious,C&C
0.09204837528926446,2116.5798443621456,3379.674661888873,6,36,44717,23,udp,-,RSTO,Benign,None
0.04428892940605849,462.0588597257264,6425.0696844608965,2,10,42084,23,udp,dhcp,RSTR,Benign,None
0.1419574493241533,162.72143329046276,0.0,4,0,5076,53,icmp,dns,S0,Malicious,Mirai
7.812013695495484,1779.6003235552444,489.05619570173747,4,3,8922,80,tcp,ssl,SF,Malicious,PartOfAHorizontalPortScan
0.1988314634777464,158.06597486103573,0.0,1,0,11380,443,tcp,ssh,S0,Malicious,Mirai
0.007927050828098555,1290.0259023220565,54.58797499273339,84,1,13706,443,icmp,http,RSTR,Malicious,DDoS
5.327104626406762,763.2290470100758,303.7685757850125,12,2,65040,53,icmp,ssl,SF,Benign,None
3.981028509160065,48.17915433144255,125.84820029550018,3,2,6015,53,tcp,http,RSTO,Malicious,PartOfAHorizontalPortScan
3.363036198379997,92.0954953234758,183.57852081669617,3,3,21422,8080,icmp,dhcp,RSTR,Malicious,C&C
0.007993596930826515,1264.6603397503766,65.29101006673247,97,0,58572,53,tcp,ssl,SH,Malicious,DDoS
0.011650371415671138,1311.7520548774608,39.032731499148106,46,0,13517,443,udp,dhcp,SF,Malicious,DDoS
0.03390575263412025,1243.6996478240185,64.5881913585647,66,1,28280,80,icmp,dns,RSTR,Malicious,DDoS
0.10282278922082465,145.37163877590015,0.0,2,0,48509,8080,udp,ssh,S0,Malicious,Mirai
1.0604396903103726,887.9065440653502,30.37051864156481,2,4,24123,53,icmp,ssl,REJ,Malicious,C&C
0.10876601718460516,123.8392844527839,0.0,4,0,56347,53,tcp,http,S0,Malicious,Mirai
0.005779095035072909,1020.4671776948775,25.7659042557652,40,4,54041,22,udp,dhcp,S0,Malicious,DDoS
3.0128770002748793,26.930923859974197,261.83170252023604,3,3,41590,80,udp,-,REJ,Malicious,C&C
1.666855088754106,47.42864827013496,1935.1766452674906,30,8,49657,8080,icmp,http,RSTR,Benign,None
3.672508924181193,696.5283949416316,619.8420633627294,3,6,32316,80,icmp,dhcp,SH,Malicious,C&C
2.4747899467619825,349.5643934931878,168.9288673758279,2,3,31609,23,udp,-,SF,Malicious,PartOfAHorizontalPortScan
0.5172645281501167,694.14112468364,906.5023750059248,18,5,11797,443,udp,http,SF,Benign,None
4.421362682671143,85.65890135987651,16.16286439815095,2,3,47489,443,udp,http,RSTR,Malicious,PartOfAHorizontalPortScan
5.0684063094912775,381.5169816455277,1417.3006334609188,4,9,21264,53,icmp,-,RSTO,Benign,None
0.019755688248801036,1238.2746314948222,54.61184525944144,64,3,30770,443,icmp,-,SH,Malicious,DDoS
0.7973576541613386,1240.0947058737393,1667.7414453052447,11,28,10185,80,tcp,-,REJ,Benign,None
4.476441913947019,141.00476385284765,668.9363070162445,4,2,12718,53,icmp,ssl,S0,Malicious,PartOfAHorizontalPortScan
4.556924990758576,1383.091094070685,2812.890290854345,87,27,9223,23,tcp,dhcp,REJ,Benign,None
3.419419552763228,685.1100285846829,190.25228322827235,3,5,63173,80,icmp,dns,SF,Malicious,PartOfAHorizontalPortScan
0.1700806000671668,1710.8237623126843,67.9887529750972,8,2,57410,443,icmp,http,SH,Benign,None
5.113899934366353,43.77441126650783,151.0609307073701,5,1,19082,2323,udp,dns,REJ,Malicious,PartOfAHorizontalPortScan
4.600150485155195,90.75107186132468,116.24301554862384,6,5,25684,80,icmp,http,S0,Malicious,C&C
2.5689211417387376,2568.13935107727,1405.6283418565752,113,6,49766,80,tcp,ssh,SH,Benign,None
0.027429422551598567,1358.666838120599,45.29460860470583,88,4,29058,8080,udp,-,S0,Malicious,DDoS
0.15106186742296002,121.74617695014737,0.0,4,0,53953,443,udp,http,S0,Malicious,Mirai
0.37216525336264444,1055.5639079687132,9434.943115078873,26,6,36884,80,icmp,http,SF,Benign,None
0.005721072688674358,1047.3705350296361,34.76788830862348,50,0,2168,53,tcp,dns,S0,Malicious,DDoS
0.020307228979937843,1175.7330925096155,50.56296695773005,33,1,49721,80,tcp,http,SH,Malicious,DDoS
1.725690041433726,128.50974491299837,145155.62370479488,4,9,25842,2323,icmp,ssl,RSTR,Benign,None
0.1346722600317519,166.99043973988248,0.0,4,0,21980,80,tcp,http,S0,Malicious,Mirai
2.269242482573321,62.381410936779005,53.08855354610544,3,1,12749,2323,tcp,dhcp,RSTO,Malicious,C&C
12.150307406106231,50.00217684452411,86.09291053742002,4,2,19184,443,tcp,ssl,SF,Malicious,C&C
4.370529693252697,337.9311150942459,194.9981174647943,4,2,56408,22,tcp,dhcp,RSTR,Malicious,PartOfAHorizontalPortScan
0.9711951702133526,681.3914359710536,4428.423946058093,5,17,54469,22,tcp,ssl,S0,Benign,None
2.1042045396540976,3335.3297345447004,1974.5931017392309,28,110,4396,23,udp,http,SF,Benign,None
0.584775701195809,167.26713029209415,0.0,4,0,17675,22,tcp,dhcp,S0,Malicious,Mirai
3.293722729272231,213.5434733721843,209.77476571390144,4,4,18457,443,udp,ssh,SF,Malicious,C&C
0.0013625055193576222,1283.5969924272276,59.950175796158895,27,0,64772,8080,icmp,dhcp,SF,Malicious,DDoS
2.4013823781416437,396.8174854374982,95.54557481904843,2,7,12932,23,icmp,dhcp,RSTO,Malicious,C&C
0.5364634270607692,670.0451825724743,37270.52374522628,3,22,26814,8080,tcp,http,REJ,Benign,None
0.008570735677483557,1400.8141936137438,61.34721035485864,64,4,9674,53,icmp,dns,RSTO,Malicious,DDoS
4.841224559691087,188.5027638142105,3029.4367433367374,3,2,56698,443,tcp,-,RSTR,Benign,None
1.2320349811996616,313.24846096740805,10171.3159384706,2,8,24431,22,tcp,dhcp,RSTR,Benign,None
4.788453990856807,670.9784178783467,4671.710833715903,3,11,57010,443,tcp,dns,SF,Benign,None
0.25334595033609525,165.62514381992514,0.0,4,0,55575,2323,tcp,dns,S0,Malicious,Mirai
0.26656193816299695,172.88185389082588,0.0,2,0,47279,22,icmp,-,S0,Malicious,Mirai
8.457351818639534,15.300084395507112,30.29583964135545,3,2,36009,443,udp,ssl,REJ,Malicious,C&C
0.280504577697406,603.0538786286836,7451.12500805992,24,12,18626,53,icmp,ssl,SF,Benign,None
7.482013985021156,389.6251454618096,5190.540490820803,8,7,50946,22,tcp,dns,S0,Benign,None
4.031903727655851,156.2346054750112,65.55598703028336,3,4,9233,53,tcp,ssh,RSTR,Malicious,PartOfAHorizontalPortScan
0.6639606213707755,933.9423579255182,726.7644154808053,6,3,22855,22,tcp,ssh,SF,Benign,None
0.17186995625540605,153.2527791952033,0.0,2,0,20157,443,tcp,-,S0,Malicious,Mirai
0.02256404721753235,159.09626977763895,0.0,2,0,7315,80,udp,ssl,S0,Malicious,Mirai
1.2588283658097663,229.12489986870423,191.74435868398254,2,2,40292,22,tcp,ssl,RSTR,Malicious,PartOfAHorizontalPortScan
2.7232516173862447,419.79323380974904,105.46525194674149,4,5,48234,53,icmp,ssl,S0,Malicious,C&C
0.806729293960468,355.81331224226216,39.50368535048857,4,3,40194,8080,icmp,http,RSTO,Malicious,C&C
2.8668332353246013,1455.7404494806326,13493.14351182524,5,32,45683,443,icmp,-,RSTR,Benign,None
5.7026774488424445,536.085542771729,93.67487698394663,3,2,50616,443,icmp,http,RSTR,Malicious,C&C
0.02489206911206835,1274.6117213260782,62.26279059226247,27,3,62814,2323,udp,dhcp,REJ,Malicious,DDoS
0.03043904212004492,1119.8320963332217,32.11752514115781,96,0,5114,8080,tcp,-,REJ,Malicious,DDoS
0.010965113521028134,1139.4283083351404,55.381739465275096,99,1,15689,443,tcp,ssh,SF,Malicious,DDoS
7.704886803793856,300.9987645051995,72.42136828585068,2,2,35628,2323,icmp,dhcp,S0,Malicious,C&C
0.4228283214319907,1267.0994518985092,745.5471543708887,23,17,59295,8080,tcp,dhcp,SF,Benign,None
6.027802008151779,107.08065910081798,228.00115931610466,5,2,60336,22,tcp,ssl,RSTO,Malicious,PartOfAHorizontalPortScan
0.04950809582928089,132.4172781378463,0.0,4,0,13336,8080,tcp,ssl,S0,Malicious,Mirai
3.7227624882307744,21.789115942814362,25.655069677589424,4,3,53539,8080,udp,ssh,S0,Malicious,C&C
2.8092260654393453,1038.1891819687455,2480.008705756547,4,93,50596,23,tcp,-,SH,Benign,None
3.6457752883263863,251.2749553340828,615.5986431115208,4,2,12390,80,tcp,ssh,REJ,Malicious,PartOfAHorizontalPortScan
1.3143998148360185,124.5293666700721,148.03209913789996,4,2,41582,53,icmp,dhcp,REJ,Malicious,PartOfAHorizontalPortScan
0.034785271538183504,1217.5065046793388,43.03549332721966,99,4,14496,23,tcp,dns,REJ,Malicious,DDoS
0.1759117173211945,136.21915751332352,0.0,1,0,14905,443,icmp,ssl,S0,Malicious,Mirai
2.4834264234292425,222.6981618442976,3119.421998227373,3,29,23698,22,tcp,dns,RSTO,Benign,None
1.793072618548882,628.8402202556666,1126.27195921289,13,5,61703,2323,udp,dhcp,REJ,Benign,None
28.1320685547411,319.92622824196394,51.74393235344083,3,1,52630,53,icmp,dns,SH,Malicious,C&C
0.40651340877225284,143.22208650175162,0.0,4,0,16002,53,udp,-,S0,Malicious,Mirai
0.44389959004811597,1859.0113933429102,1005.1107153173078,4,7,21844,23,udp,http,RSTR,Benign,None
0.9407514926444381,183.24194596014476,181.48791353618935,3,1,33013,22,udp,dns,SH,Malicious,PartOfAHorizontalPortScan
1.6378767871309852,374.2849733589208,444.3996221996376,4,2,61176,2323,icmp,ssl,RSTR,Malicious,C&C
0.01153093594604531,1272.936979512975,56.02936153565137,52,1,57089,2323,icmp,-,SH,Malicious,DDoS
0.005048537471796047,1205.4313158733928,59.894010636697104,79,2,60975,8080,udp,dns,REJ,Malicious,DDoS
11.830854182542996,366.34349054207655,129.4310195261695,3,2,22883,8080,tcp,dhcp,REJ,Malicious,C&C
2.067526153878967,116.52040066732444,350.25569296089157,4,1,20652,2323,icmp,ssl,RSTO,Malicious,PartOfAHorizontalPortScan
3.117150396399918,859.1164160092668,3778.04941575764,4,16,26102,22,icmp,ssh,REJ,Benign,None
0.10908595222280133,193.51469054309322,0.0,4,0,22361,2323,tcp,http,S0,Malicious,Mirai
0.5624672035965796,210.53364958244748,683.2503860305507,9,14,20228,2323,icmp,-,SF,Benign,None
0.04062993563333682,1233.8594433115863,51.93655316631493,91,0,49207,80,icmp,dns,SF,Malicious,DDoS
4.90540720486067,694.0049956087739,147.56188884053776,5,1,26697,23,icmp,dhcp,S0,Malicious,PartOfAHorizontalPortScan
0.06391590521086733,115.12893591108057,0.0,2,0,49383,23,tcp,dns,S0,Malicious,Mirai
0.15330893672077242,128.08390694593143,0.0,1,0,40304,23,tcp,http,S0,Malicious,Mirai
4.848490794345197,60.54499036108356,132.02290131433284,3,2,10255,80,icmp,ssh,SF,Malicious,PartOfAHorizontalPortScan
0.06995558172322845,129.63073940150153,0.0,4,0,34574,22,icmp,-,S0,Malicious,Mirai
1.25080893523081,367.0741792515359,1636.6520909991173,62,13,23986,443,icmp,ssh,RSTR,Benign,None
0.3264507660195345,342.94875582273687,3771.1530322123604,14,8,11738,80,tcp,-,SF,Benign,None
0.49031206831980706,278.2808906987285,259.6149582223318,2,3,50132,53,icmp,-,SH,Malicious,PartOfAHorizontalPortScan
2.6665685135742767,382.11786672492315,845.8347101271413,4,1,3794,443,icmp,dhcp,S0,Malicious,C&C
0.018507379003724195,174.53292263438234,0.0,3,0,44302,80,icmp,ssh,S0,Malicious,Mirai
2.88487148365081,3765.1790568712377,4573.143066596687,7,5,42188,23,icmp,ssl,RSTO,Benign,None
0.4948387921616599,440.0389149521785,381.58623029737566,3,7,13842,22,udp,-,S0,Malicious,C&C
3.321713209411214,54.77637281215273,330.7865305057342,4,4,5373,53,udp,ssh,REJ,Malicious,PartOfAHorizontalPortScan
0.010033691437644703,1232.183519002277,42.18642304383054,42,0,33919,2323,icmp,dhcp,S0,Malicious,DDoS
1.5915734647228283,6332.911335075993,1998.2513912225268,5,27,5403,23,tcp,dhcp,RSTO,Benign,None
1.5903505304048795,70.8310650578332,65.0269544540619,4,1,15244,2323,tcp,dhcp,SH,Malicious,PartOfAHorizontalPortScan
3.427937931653204,143.4272758827639,1231.232291153023,3,2,47284,22,tcp,ssl,RSTR,Malicious,PartOfAHorizontalPortScan
0.7046276911788331,110.9390201966535,186.2870722043904,2,1,23703,23,icmp,ssl,REJ,Malicious,PartOfAHorizontalPortScan
1.2122581500227843,375.69120214670363,95.76730587101359,4,0,4872,80,tcp,ssh,S0,Malicious,PartOfAHorizontalPortScan
0.003343692710907763,1183.4038268527074,46.292490161923524,92,1,20984,2323,icmp,dns,REJ,Malicious,DDoS
0.599514899267884,634.3153347787512,7790.03275894664,5,16,62320,8080,udp,dns,SH,Benign,None
1.0164603060399493,883.455547339212,17846.43987978838,10,3,44473,22,udp,-,RSTO,Benign,None
0.15915979391517732,174.20647699883105,0.0,2,0,49723,22,icmp,dns,S0,Malicious,Mirai
0.17460963504054058,754.668914712288,892.5588366597702,17,4,57695,23,udp,ssl,RSTO,Benign,None
0.010810024126965823,1209.9229623381073,53.5045472850934,22,0,12705,53,udp,ssl,RSTR,Malicious,DDoS
6.895094505397952,637.5692178266934,1724.9857276595294,12,10,4754,22,icmp,http,REJ,Benign,None
0.8232177580953951,780.9667301353392,8466.350568699057,45,33,62562,8080,udp,dns,RSTO,Benign,None
1.7078843213591333,2319.594144849691,10160.139701194184,13,2,55036,22,tcp,-,RSTO,Benign,None
6.810606704154079,231.22146683085188,242.08465374459874,2,1,52745,53,udp,http,SH,Malicious,C&C
0.007933780377282037,1242.306344112465,61.50128678393632,91,4,58348,2323,udp,ssl,REJ,Malicious,DDoS
0.011206121427988588,1053.9714093941188,35.04617817551274,82,2,50182,8080,icmp,ssh,REJ,Malicious,DDoS
0.0009072840970106675,117.5304305048762,0.0,3,0,63396,22,udp,dhcp,S0,Malicious,Mirai
0.044441991030633,173.42260892829447,0.0,4,0,18689,80,icmp,http,S0,Malicious,Mirai
0.002540073629414057,1169.2749511532618,49.33921566909691,91,2,48228,8080,udp,http,SH,Malicious,DDoS
2.518841305567741,93.23563798601863,411.5102021445967,4,3,49547,80,icmp,http,REJ,Malicious,C&C
2.342553800354221,2665.794454788667,23776.465078870686,22,23,51331,22,tcp,dhcp,REJ,Benign,None
0.00047775247000575563,137.80597619356618,0.0,2,0,3342,53,udp,dns,S0,Malicious,Mirai
0.9136874126729613,1261.0466498581507,1606.7945496456118,11,15,28897,2323,icmp,-,RSTO,Benign,None
5.53318333247065,2116.737694256377,723.4511625642256,8,6,26835,53,tcp,-,RSTO,Benign,None
0.050258241303659405,170.78354249453147,0.0,1,0,42367,443,tcp,http,S0,Malicious,Mirai
0.004159495792429285,1135.6595627595434,60.08815355043895,11,4,63157,23,icmp,ssl,RSTR,Malicious,DDoS
0.111770460432082,137.659004236795,0.0,1,0,57038,2323,udp,ssh,S0,Malicious,Mirai
0.7266096591861262,973.2288920161757,9678.36776782455,6,75,35339,23,icmp,-,RSTR,Benign,None
0.068550923450874,161.15223246116915,0.0,3,0,5752,53,udp,-,S0,Malicious,Mirai
0.026397362045275093,170.7985675488232,0.0,1,0,62512,443,tcp,ssh,S0,Malicious,Mirai
0.008466689695020024,142.58407132400947,0.0,3,0,18930,443,udp,http,S0,Malicious,Mirai
1.7220842718275526,10179.736781638483,1445.3705282525693,13,15,63371,80,icmp,http,S0,Benign,None
3.2007178871813977,754.9317597337177,6921.239162526007,6,8,56015,80,udp,dns,RSTR,Benign,None
2.402595925498596,662.1758004990485,6022.872325838973,3,53,33201,2323,icmp,dns,RSTO,Benign,None
0.008487109794110109,1253.8192096297926,43.55331017087869,34,0,63931,22,udp,ssl,REJ,Malicious,DDoS
0.0019693806353958884,1188.374027587342,58.95639141163063,62,0,56145,8080,icmp,dhcp,SF,Malicious,DDoS
4.232569467387891,1057.073684520179,5300.1083132846,4,4,47818,53,icmp,-,S0,Benign,None
1.6082458883630844,937.1295190587462,3128.0414997068838,22,14,23049,23,udp,http,RSTO,Benign,None
1.8918102711195275,562.6008344887829,7592.835864082401,3,7,41010,443,icmp,http,SF,Benign,None
0.009186868770183989,1148.9813502083994,52.11117237720875,81,2,16601,23,icmp,http,REJ,Malicious,DDoS
1.4599453882406912,111.88972213348545,91.08686593610939,3,1,4354,23,udp,dhcp,SH,Malicious,C&C
0.8316445397232075,46.130920286302796,1302.4380491897964,3,2,60454,2323,udp,ssh,RSTO,Malicious,PartOfAHorizontalPortScan
2.299193651798437,908.8292020028764,8621.650285792311,54,29,38502,443,tcp,ssl,SH,Benign,None
0.36993496951147276,249.52424254421584,8863.224352227928,13,47,53153,80,icmp,ssl,RSTR,Benign,None
6.233521290592016,1409.1340744868273,18946.564098658357,6,28,9210,22,udp,ssl,SF,Benign,None
0.8713445641376145,2972.6179010640135,42.33435537740935,2,3,31941,443,tcp,ssh,REJ,Malicious,C&C
0.501331091626956,25.665024444524942,32.6259016134957,4,2,36736,2323,tcp,http,REJ,Malicious,PartOfAHorizontalPortScan
1.5534637989345743,1165.7240035993455,3374.106323862355,7,6,62931,2323,icmp,http,S0,Benign,None
0.5893666977991787,175.04457163261276,78.89905969530379,7,2,19505,443,udp,ssl,SH,Malicious,PartOfAHorizontalPortScan
0.01377100788332473,1267.5807975676175,49.57899320796504,22,4,42432,8080,tcp,ssh,REJ,Malicious,DDoS
0.7694777750237645,325.39546763412847,705.7025628291148,11,24,33273,443,icmp,http,RSTO,Benign,None
3.3656095597584534,114.36060570828782,19.657593774621994,6,2,37300,443,icmp,-,SF,Malicious,C&C
1.9157191082315945,71.16724364013844,421.6568166246854,5,2,49930,23,icmp,http,REJ,Malicious,C&C
0.010536578740735252,1303.246828313344,52.39796833741989,96,0,3953,22,tcp,dhcp,SF,Malicious,DDoS
7.529735347262589,3306.4385106826244,776.887726178851,25,31,4135,22,icmp,ssh,REJ,Benign,None
0.21415314810736336,262.0020029404211,82.24496030070021,3,2,3440,22,icmp,ssl,RSTO,Malicious,PartOfAHorizontalPortScan
0.010189256013902725,1174.7710271629387,50.68761750844783,74,4,46893,443,udp,ssh,S0,Malicious,DDoS
7.687756643821251,425.8908806025306,160.471393410739,3,3,50700,2323,tcp,ssl,REJ,Malicious,PartOfAHorizontalPortScan
0.3602893806215929,1281.16492103033,13450.657413820209,19,6,32048,53,icmp,-,RSTO,Benign,None
13.66623918123696,976.7398952157114,11459.673136180629,5,13,42019,23,tcp,ssl,S0,Benign,None
0.036614098425605625,1133.7481317870647,55.760034500128405,84,1,46296,80,tcp,dhcp,SH,Malicious,DDoS
0.08816580169966771,186.21746467188984,0.0,2,0,63422,443,icmp,-,S0,Malicious,Mirai
0.08475256840909137,193.66209690118575,0.0,4,0,3087,443,icmp,dns,S0,Malicious,Mirai
0.010244165010074309,1237.0233168346624,51.55751907831281,69,3,29282,2323,udp,dhcp,S0,Malicious,DDoS
10.189064076013397,134.28356072103182,48.018254579337196,6,7,23137,443,tcp,dhcp,S0,Malicious,C&C
0.04649171838587451,115.89982454523081,0.0,4,0,34664,53,udp,dhcp,S0,Malicious,Mirai
1.1256093234318123,78.42268292159686,106.54596618070701,2,1,6267,8080,icmp,http,SF,Malicious,PartOfAHorizontalPortScan
2.47376790210579,46.03882535122657,416.44812519557587,4,1,6580,23,udp,dns,RSTR,Malicious,PartOfAHorizontalPortScan
0.02927115153829652,183.9291644048886,0.0,1,0,41287,8080,icmp,ssh,S0,Malicious,Mirai
0.09627759972388467,126.75416703598384,0.0,1,0,39277,2323,tcp,-,S0,Malicious,Mirai
3.7896858806670912,52.658532088417424,532.9055487719046,3,1,53413,23,tcp,-,SH,Malicious,C&C
0.8555818300852562,176.63737564345132,5142.9206183786655,15,9,3583,80,tcp,dhcp,S0,Benign,None
6.315173612131197,105.01416835786965,141.23906939308583,6,5,4093,2323,tcp,ssh,RSTO,Malicious,PartOfAHorizontalPortScan
0.026216998337097255,146.59405435157095,0.0,2,0,32524,8080,tcp,ssh,S0,Malicious,Mirai
3.981771517845864,185.97355029867904,884.7461485662461,5,2,48020,2323,icmp,http,REJ,Malicious,C&C
2.2827846487711017,132.80405177636038,153.49223179309118,4,1,8752,2323,icmp,-,SH,Malicious,C&C
5.097195659215751,81.47352770668608,64.1730094819826,5,3,50578,53,tcp,-,SH,Malicious,C&C
0.004738367429263703,1291.7561214279056,51.39681965285232,45,2,18670,23,tcp,-,SF,Malicious,DDoS
0.007274813979493723,1345.3397105814677,49.024767743180504,35,1,47328,2323,udp,-,REJ,Malicious,DDoS
0.10327340076850505,193.4176880971686,0.0,4,0,34119,23,udp,ssl,S0,Malicious,Mirai
0.40642701751898086,2481.6367850240144,9711.50374177736,8,74,2847,22,udp,-,RSTR,Benign,None
0.04131451103187276,171.52082127529064,0.0,3,0,8978,53,icmp,ssl,S0,Malicious,Mirai
1.1449841644247403,221.54181219315902,96.43797064999102,5,2,63038,22,tcp,dns,SF,Malicious,PartOfAHorizontalPortScan
0.008962165545430877,154.44755497861112,0.0,3,0,56876,2323,tcp,ssh,S0,Malicious,Mirai
0.27054757170053984,149.53544167940086,0.0,4,0,11305,53,udp,dhcp,S0,Malicious,Mirai
0.03591320628347732,153.19087146072894,0.0,1,0,28346,22,udp,-,S0,Malicious,Mirai
0.0021882381657199156,1223.132609434321,60.504203970920265,55,0,65465,2323,tcp,ssl,SF,Malicious,DDoS
0.052358704411497585,150.71661888828655,0.0,2,0,53356,2323,tcp,-,S0,Malicious,Mirai
1.9598244002696183,560.0381384423184,259.3076321122371,3,2,25726,2323,icmp,-,RSTO,Malicious,PartOfAHorizontalPortScan
0.7391627807263144,1586.9890417685126,2644.8968691257583,7,6,27350,443,tcp,-,RSTR,Benign,None
1.2557404105953114,68.28130283656249,166.99536511537173,3,0,23579,443,udp,http,SH,Malicious,PartOfAHorizontalPortScan
1.363728828293092,627.088992100337,247.90433440197754,5,2,47596,8080,icmp,ssh,RSTR,Malicious,C&C
0.012727501431397949,1398.7534161023368,54.92483484744623,38,4,50370,443,icmp,ssh,SF,Malicious,DDoS
0.00555202720918146,1152.9326855017819,39.43895350751934,67,0,8660,22,tcp,http,RSTO,Malicious,DDoS
6.643465174380121,163.34375071646724,396.0060754247831,2,4,27254,22,icmp,dhcp,RSTO,Malicious,PartOfAHorizontalPortScan
0.2876083267548627,2419.6610159582024,6953.069215115185,4,13,28874,23,icmp,http,RSTR,Benign,None
0.7552070519607555,13983.386086282046,4244.840281192992,22,5,24374,23,icmp,-,RSTO,Benign,None
1.038670564865763,2409.3969921574394,7593.767106006951,4,18,46310,443,icmp,ssh,SF,Benign,None
0.017297237416595765,123.95509408808617,0.0,3,0,44735,22,icmp,dns,S0,Malicious,Mirai
0.480372133083873,373.0214169922112,6148.709731675494,4,33,5568,23,icmp,dhcp,SF,Benign,None
0.004641541443730899,1238.064642794516,54.57824021250666,53,2,28031,2323,icmp,ssh,SH,Malicious,DDoS
0.20140911247522675,39.88335895417402,68.45219810129443,2,4,27131,80,udp,http,RSTR,Malicious,PartOfAHorizontalPortScan
0.011043161012097692,1099.5548858615532,43.371293903709315,58,3,41147,443,udp,http,S0,Malicious,DDoS
0.6274374154722384,125.28839959133916,100.17449508772847,3,1,63645,8080,icmp,-,REJ,Malicious,PartOfAHorizontalPortScan
0.0017580121898538171,1614.7895050333843,41.76899990552001,47,0,48300,80,udp,-,REJ,Malicious,DDoS
5.999521250008608,389.4032012762601,327.42267805985915,3,3,21981,2323,udp,dns,RSTR,Malicious,C&C
0.0036860453925399795,1012.4190907152368,65.20277988882833,47,4,52885,23,icmp,dhcp,S0,Malicious,DDoS
0.003993230042483888,179.1795963366368,0.0,1,0,19012,23,icmp,ssh,S0,Malicious,Mirai
2.273731186032349,194.30390462820662,18.254536322109228,2,5,1600,80,udp,ssh,S0,Malicious,C&C
0.023597706780172523,165.05417032396895,0.0,2,0,13046,80,udp,-,S0,Malicious,Mirai
0.002416190699457157,1201.8777723387948,52.72793386285979,83,4,54286,80,udp,ssl,RSTO,Malicious,DDoS
9.302691605536934,120.35811839325955,82.26732706877286,5,5,61133,80,udp,ssh,S0,Malicious,PartOfAHorizontalPortScan
0.022920354162147157,1151.5978147452902,38.33465950984971,64,3,33493,8080,tcp,ssh,SH,Malicious,DDoS
1.1188874490264016,292.37688675030086,1210.29220433148,31,35,48905,23,tcp,ssh,SF,Benign,None
1.1279022973328041,425.79583965160987,76512.72000366158,5,10,57034,8080,tcp,-,S0,Benign,None
0.4906490558210368,1906.345217358772,1135.839555761788,4,7,60229,80,icmp,-,REJ,Benign,None
3.8220126649865422,116.15609266172832,49.299209399927996,3,2,52089,80,tcp,dhcp,REJ,Malicious,PartOfAHorizontalPortScan
1.1130269862850122,114.8453110590536,7096.077614281308,3,8,4297,23,udp,http,S0,Benign,None
0.0710666405288119,151.24116529410793,0.0,1,0,2066,2323,udp,-,S0,Malicious,Mirai
1.802598687404514,2096.9654259251506,2079.5363171526683,21,12,39285,53,tcp,http,RSTO,Benign,None
2.5537225925713747,25.60566314383861,275.19083996852726,5,4,24833,80,tcp,dns,S0,Malicious,C&C
3.749830728498746,1310.016130438915,4444.765376885307,7,6,51381,22,udp,dhcp,SH,Benign,None
2.9315159420784394,3274.0573138241493,3445.1035177887566,37,11,3963,2323,icmp,-,RSTR,Benign,None
0.011571110456823231,1225.900615925665,56.16722356913016,68,1,13067,8080,tcp,ssh,SH,Malicious,DDoS
1.8092484481152398,22.79293175354244,32.65840450114202,4,1,50549,23,icmp,dns,SF,Malicious,PartOfAHorizontalPortScan
0.24684175790407942,41.3258618427174,185.05454320438224,6,1,25124,53,udp,http,RSTR,Malicious,PartOfAHorizontalPortScan
13.237425270954608,152.77987569834892,190.75432977202448,2,2,56342,2323,icmp,-,S0,Malicious,PartOfAHorizontalPortScan
2.5392120872170096,541.8030257557017,17311.934829005033,7,9,64583,2323,icmp,dns,SF,Benign,None
1.2992529593833164,310.4297355286555,94.44582232707883,3,5,23360,443,udp,-,RSTR,Malicious,C&C
10.726869859198647,143.61062922567947,78.24543290674664,4,2,54008,80,tcp,-,SF,Malicious,PartOfAHorizontalPortScan
1.301885758440532,804.5918895155658,136.79043919687368,3,3,23618,80,udp,ssh,REJ,Malicious,PartOfAHorizontalPortScan
0.09945613478157149,1046.9437121917404,10614.193900041422,13,30,19784,443,tcp,http,REJ,Benign,None
0.8713467133802135,1002.6721251710891,566.6321365173176,5,1,19604,2323,udp,-,S0,Malicious,C&C
0.03084732807514991,1201.1888914421545,64.4366627563413,33,2,52251,80,icmp,dns,RSTO,Malicious,DDoS
0.7140903395911008,2333.437006283217,395.9960892650317,6,4,53535,53,tcp,dns,SF,Benign,None
4.095852826448486,213.89507492152273,120.20395695412847,5,2,61201,80,icmp,ssl,REJ,Malicious,C&C
2.8899117032453483,127.02566323251195,4747.209279983684,7,7,35228,8080,udp,-,RSTR,Benign,None
0.007508342415378754,1408.5186968397581,43.15540510585502,98,2,33817,23,icmp,ssh,SH,Malicious,DDoS
0.007018697718086196,1326.8736457129773,56.998434843787265,10,1,59178,23,udp,ssl,REJ,Malicious,DDoS
0.061169093130991274,155.9491829625226,0.0,2,0,40201,2323,icmp,ssl,S0,Malicious,Mirai
0.0051712112862272236,126.3711747684538,0.0,3,0,21717,53,icmp,-,S0,Malicious,Mirai
0.0007209895840548696,1193.397801405397,67.92321330992446,23,1,63224,2323,icmp,ssh,RSTR,Malicious,DDoS
0.052700271387976574,178.1139802395357,0.0,3,0,16209,23,tcp,ssh,S0,Malicious,Mirai
1.9111361128488655,89.52842517324827,2029.4805705939566,2,2,30757,22,tcp,-,SH,Malicious,PartOfAHorizontalPortScan
0.7616577464493244,222.88826516538168,7230.025120882423,5,25,13176,443,udp,dns,REJ,Benign,None
2.152342756739051,64.83167491465653,203.42748997545633,4,1,13483,443,udp,ssl,RSTR,Malicious,PartOfAHorizontalPortScan
0.01124116931249538,324.87530137593797,27.35144667950278,3,3,5474,8080,udp,http,S0,Malicious,C&C
0.010030850093833713,1320.064194923926,55.6193069328352,94,4,50055,8080,tcp,dns,RSTO,Malicious,DDoS
0.0019760040387464127,1278.6120547598246,67.97544844685987,13,2,48658,80,tcp,dhcp,REJ,Malicious,DDoS
2.5264610861317927,1890.9192064463382,316.7092192724539,25,14,51115,2323,udp,ssl,RSTR,Benign,None
4.454146806811937,48.970239982832595,84.92531903058506,2,4,63829,22,tcp,ssl,REJ,Malicious,PartOfAHorizontalPortScan
5.309581576813487,1992.692644386654,35599.43958390204,3,26,37000,53,tcp,http,SF,Benign,None
7.557714648821947,255.0814566518503,177.01114658343204,4,4,48442,8080,udp,http,REJ,Malicious,C&C
1.15417707601222,980.3386147689921,155592.10762006047,3,2,31592,443,icmp,ssh,RSTR,Benign,None
7.102569963654966,377.3678780776233,80.53036776751601,6,2,5194,443,icmp,http,SF,Malicious,C&C
8.170162357968302,351.30291687405634,296.93630788095817,2,3,49670,23,icmp,ssh,S0,Malicious,C&C
0.3927000072334646,132.92648746519978,353.1358154066614,4,3,30260,23,tcp,http,REJ,Malicious,C&C
0.010401056232285662,1175.4845815877272,42.61706450361216,99,0,6925,8080,udp,dhcp,REJ,Malicious,DDoS
0.9065600170137715,796.5260112332895,543.9234425154649,5,13,9731,53,icmp,dns,S0,Benign,None
0.01246141662274415,1053.1861873383739,61.96652534939478,39,1,51320,2323,icmp,dns,SH,Malicious,DDoS
5.81157042918899,367.33752798483647,108.65448086435552,3,3,23036,443,tcp,ssl,RSTR,Malicious,PartOfAHorizontalPortScan
1.5554638880933733,4655.562586862775,4103.724623510399,11,25,39624,23,tcp,-,REJ,Benign,None
5.104840513285499,182.69414044854813,77.34831614674181,3,4,10365,23,tcp,dhcp,S0,Malicious,C&C
0.31345598888668713,156.90278619308117,0.0,4,0,6123,53,udp,dns,S0,Malicious,Mirai
0.0024354248656477755,1228.6016155397042,56.00116455244506,64,3,30491,23,udp,ssl,RSTR,Malicious,DDoS
5.125712431607092,1073.39489632245,3680.613042078412,11,39,9773,443,udp,http,RSTR,Benign,None
0.0018816401643551304,1187.6758061148867,43.42203230403785,30,0,33931,22,icmp,ssl,SF,Malicious,DDoS
2.572247803522558,535.5991229151869,246.07369180426585,3,3,48138,53,icmp,dns,SH,Malicious,PartOfAHorizontalPortScan
1.1050195022957847,3739.300590685839,2655.8220358914923,27,34,50571,53,tcp,-,SH,Benign,None
0.052884393579296786,154.6358552525185,0.0,2,0,40141,22,icmp,-,S0,Malicious,Mirai
4.822238266632233,110.60284765400012,296.6193280764917,3,2,2588,2323,icmp,ssl,SH,Malicious,PartOfAHorizontalPortScan
6.120465587518015,126.28646609810325,138.36371803953622,6,3,61590,53,tcp,ssh,RSTO,Malicious,PartOfAHorizontalPortScan
0.006969404161102584,1196.2455042076008,66.83817763331206,78,2,39412,80,tcp,ssl,SH,Malicious,DDoS
2.0710886985296115,124.64088639327997,55.90605834596749,2,1,43304,443,tcp,-,SH,Malicious,C&C
1.7601790796168502,478.06076568698694,183.7622554599688,15,10,28587,53,icmp,dns,REJ,Benign,None
0.05778424570978039,1109.4735460532156,61.28125130729229,78,1,29090,53,icmp,dns,RSTR,Malicious,DDoS
3.3276670514672486,1178.9648226632019,1399.7920349542298,17,10,6132,2323,icmp,http,RSTR,Benign,None
0.013539313827762594,1186.9100085379341,51.59542730104831,57,1,27970,80,udp,dhcp,RSTR,Malicious,DDoS
1.0835435133643363,59.01176115397874,376.04802348977535,4,4,25025,8080,tcp,dhcp,S0,Malicious,PartOfAHorizontalPortScan
2.936129767472968,148.4619540402218,8.450030626272072,2,5,42637,8080,udp,-,SH,Malicious,C&C
0.18474494119858642,160.77820892406854,0.0,1,0,18726,443,tcp,ssh,S0,Malicious,Mirai
0.03146937402258939,1196.6576411104165,47.2885743707833,81,1,9364,2323,icmp,http,SH,Malicious,DDoS
0.23087369184536946,4407.605752685108,856.4380540650071,12,40,29996,443,tcp,dhcp,RSTR,Benign,None
3.808187806927533,4209.859930030326,9535.45984261296,25,61,48977,53,udp,ssh,SH,Benign,None
0.08188639926747088,139.09425858981174,0.0,1,0,15887,80,icmp,-,S0,Malicious,Mirai
0.007824645603786257,1198.3566690799241,47.328706893574264,71,4,50793,22,udp,http,S0,Malicious,DDoS
0.11507101527885716,152.54770199653996,0.0,2,0,61579,443,icmp,dns,S0,Malicious,Mirai
0.1887489740476075,39.97448819554286,15.772381242840407,7,3,11764,443,tcp,dns,SH,Malicious,PartOfAHorizontalPortScan
1.882587062589018,300.955476434872,4909.518629438531,9,3,22706,443,icmp,ssl,S0,Benign,None
0.02238669994334575,164.952204905441,0.0,4,0,40056,2323,udp,-,S0,Malicious,Mirai
0.005337950846288476,1268.3062581508266,53.94523605161876,73,3,48180,2323,tcp,ssl,RSTR,Malicious,DDoS
3.6246339672893164,431.86510757632306,369.37040435732416,8,2,4989,2323,tcp,dhcp,S0,Malicious,C&C
0.022268196870132068,141.36469022013253,0.0,4,0,43709,80,icmp,dhcp,S0,Malicious,Mirai
0.1690071795705936,116.73226577280934,0.0,4,0,12637,22,icmp,ssh,S0,Malicious,Mirai
0.015595966657838446,169.9488831934779,0.0,2,0,21418,8080,tcp,ssh,S0,Malicious,Mirai
1.9363170382613526,218.57351665766444,569.7412960893196,2,2,15817,53,icmp,-,REJ,Malicious,PartOfAHorizontalPortScan
1.2884134166023054,74.93871649912757,182.72839923356904,2,7,1982,80,icmp,http,SF,Malicious,C&C
0.038449248291702036,160.3219208592586,0.0,2,0,57165,22,udp,dns,S0,Malicious,Mirai
0.07792077197634456,156.86097061388085,0.0,2,0,3569,443,icmp,-,S0,Malicious,Mirai
4.465166878711126,1747.8594214936586,731.995474004095,4,17,56392,8080,udp,http,S0,Benign,None
0.0003253214229237411,168.85527450304622,0.0,4,0,18505,2323,udp,-,S0,Malicious,Mirai
0.1688599385491251,149.37289425247948,0.0,2,0,12993,80,udp,dns,S0,Malicious,Mirai
0.6856822732483119,413.1431311268408,1108.0274714002373,6,20,60711,22,udp,http,REJ,Benign,None
1.6281473465797205,324.8466899560719,1209.0916042760769,3,2,3095,53,tcp,http,RSTO,Malicious,C&C
0.004473767162781389,142.33087956357818,0.0,3,0,7654,80,icmp,dns,S0,Malicious,Mirai
0.0007872089582323437,1034.4229939547647,56.58985991778587,97,2,30668,53,udp,http,RSTO,Malicious,DDoS
0.17521430488229617,284.3799503836896,350.18403922383163,4,3,24680,80,tcp,dns,RSTR,Malicious,PartOfAHorizontalPortScan
0.1300000721952775,1969.2744236242872,3515.8200337816825,2,100,28758,22,udp,dhcp,REJ,Benign,None
0.03645162532753398,163.12158792613104,0.0,3,0,38988,8080,udp,dhcp,S0,Malicious,Mirai
0.21385326371205757,746.960579436531,11181.573764573397,12,44,14233,8080,icmp,http,RSTO,Benign,None
5.22901363217636,131.651452210616,189.33933437873858,6,2,21258,2323,icmp,dns,SF,Malicious,PartOfAHorizontalPortScan
0.004791991890867485,1076.51225223368,65.19378182951952,36,0,21679,23,tcp,-,SF,Malicious,DDoS
5.688649682842721,307.99393540542644,70.10754863327818,2,1,14377,22,tcp,-,S0,Malicious,C&C
4.367214708833949,429.6432936665449,3523.3932503343253,132,188,36542,80,icmp,-,S0,Benign,None
6.235061824834318,107.57065226831168,223.3772427750071,3,2,41490,80,udp,http,SH,Malicious,PartOfAHorizontalPortScan
0.0008995332269327246,983.1422001393205,54.13986826959131,92,1,14873,80,udp,ssl,RSTR,Malicious,DDoS
0.0025002496067273133,1075.3929435960922,42.39348170983661,41,0,45257,2323,icmp,http,RSTO,Malicious,DDoS
0.297610281556405,331.2128303367947,3947.6315577549653,17,25,51751,443,tcp,ssl,SF,Benign,None
0.03434764480459768,148.61289601791688,0.0,2,0,44154,22,tcp,ssh,S0,Malicious,Mirai
1.5424977516267293,2834.145203795054,25894.305281450484,2,17,33374,8080,tcp,dhcp,S0,Benign,None
3.7424471710177447,27.73932613739392,53.55535998579165,4,8,36386,80,icmp,http,SH,Malicious,PartOfAHorizontalPortScan
13.975480576966362,169.34806402429894,20.754110764727784,7,2,6939,8080,tcp,-,REJ,Malicious,C&C
0.02369219873469558,1205.2372839724997,61.634949996973816,17,4,52261,22,tcp,-,S0,Malicious,DDoS
8.489383626679706,260.5634001271593,439.5895670579626,11,14,58225,8080,icmp,ssl,RSTO,Benign,None
0.19645402005765938,197.374329303895,0.0,3,0,18990,80,tcp,dns,S0,Malicious,Mirai
12.755848997560124,112.75480165312351,144.9283979356037,7,2,16989,80,tcp,dns,REJ,Malicious,C&C
5.848146583092229,1567.3749597353537,16053.470892737585,19,5,9194,443,icmp,ssl,S0,Benign,None
0.270708286080844,145.1558471109014,154.46857034628675,2,1,41140,22,tcp,-,SF,Malicious,PartOfAHorizontalPortScan
0.21555813937557078,130.94279006388294,0.0,3,0,60985,23,icmp,-,S0,Malicious,Mirai
0.1817715561137159,793.5628336432102,471.6263516536077,6,1,58531,8080,icmp,dhcp,RSTO,Malicious,PartOfAHorizontalPortScan
15.489940949077228,208.01959167082455,1149.7645519832488,8,1,38136,23,tcp,-,REJ,Malicious,C&C
5.700955418024899,58.89144485809142,117.16392957361016,5,3,3867,8080,icmp,http,SF,Malicious,PartOfAHorizontalPortScan
4.447969082398829,2203.29250695748,21699.53452974034,9,26,3277,53,icmp,dns,RSTR,Benign,None
0.9544491411703421,621.8908699265552,6755.006918936545,7,73,47726,2323,icmp,ssh,REJ,Benign,None
0.001313055210485634,1093.1425807009068,50.167662774210115,41,0,62046,2323,udp,dhcp,REJ,Malicious,DDoS
0.049041048554010355,3291.742363523667,1308.8181507099782,8,52,57872,8080,tcp,dns,RSTO,Benign,None
0.055539120736771544,18.568753544416268,108.86926680835374,5,5,31195,8080,tcp,http,SF,Malicious,PartOfAHorizontalPortScan
2.2026767422139097,1582.3291763100065,2298.4448294971776,2,9,29249,22,icmp,dhcp,RSTO,Benign,None
1.9789251963639953,43.284959514131415,98.62568395823477,2,5,15238,2323,tcp,ssl,SH,Malicious,C&C
3.6110115013426354,1773.4113091129477,18243.096155456067,20,5,41927,22,tcp,ssh,RSTR,Benign,None
0.5152905632570766,124.8434893757142,162.90018686864727,2,2,61381,443,icmp,ssl,S0,Malicious,PartOfAHorizontalPortScan
4.883052853988284,94.96718264299787,53.23723046444806,2,3,24715,23,icmp,-,RSTR,Malicious,PartOfAHorizontalPortScan
2.4516573943087354,1175.0044613806876,1455.158640165775,6,10,50720,22,icmp,dhcp,RSTO,Benign,None
5.225400075504302,255.25406723791772,143.3141829613156,6,1,61682,22,tcp,ssl,SF,Malicious,PartOfAHorizontalPortScan
0.12217681819955101,132.502849011123,0.0,1,0,27613,8080,udp,ssh,S0,Malicious,Mirai
0.0003808164867776328,1102.5242720494073,57.497863441084924,30,3,62920,2323,udp,ssl,REJ,Malicious,DDoS
0.0018746145724253262,1129.393613601681,61.52673182792469,65,0,63756,23,udp,ssl,S0,Malicious,DDoS
1.9580904369951933,1347.3101921292994,880.4067292658189,5,17,47266,443,icmp,-,RSTR,Benign,None
0.03007474951981386,161.67041463744158,0.0,3,0,39157,443,icmp,ssh,S0,Malicious,Mirai
1.2845840157950876,6293.277810509679,6860.921071260345,7,7,36892,53,icmp,http,S0,Benign,None
0.005911787659733165,1271.5866337164077,59.42174303593869,84,2,62090,80,tcp,ssl,RSTR,Malicious,DDoS
6.663604692592672,93.6609702713871,54.95398399342299,4,2,58315,22,tcp,ssh,SH,Malicious,C&C
0.0010587866266002516,1007.5406121368031,56.07915548572865,63,0,35783,22,icmp,ssh,RSTR,Malicious,DDoS
0.015971346535483627,1151.635783156618,62.32369837739899,12,0,54430,2323,tcp,ssh,REJ,Malicious,DDoS
8.047651619729994,220.86110697033703,315.6387690945138,3,4,43547,22,tcp,dns,SF,Malicious,PartOfAHorizontalPortScan
3.3062394131458834,331.2753578993659,232.31593018758252,3,1,10601,443,tcp,-,REJ,Malicious,PartOfAHorizontalPortScan
0.8372835133610114,1611.5862826174746,3553.141754081379,14,34,14981,80,tcp,ssh,RSTO,Benign,None
0.8939236844295445,649.053121633663,3086.7742737371623,4,8,17185,443,udp,ssl,S0,Benign,None
1.1776990957280165,307.42713730207254,128.7469469686943,5,2,49311,53,tcp,ssh,RSTR,Malicious,C&C
0.027183261924381905,1183.8783394407565,45.25569591350242,51,2,57813,443,tcp,dhcp,SH,Malicious,DDoS
2.8281474427492106,441.2615010307831,1027.1868870019525,4,5,58004,443,tcp,-,RSTR,Benign,None
0.004635026626492163,1257.3433791687983,58.75973837912579,49,2,53243,23,udp,http,SH,Malicious,DDoS
4.05068740285714,232.8540726987932,87.39095612095483,2,3,64763,443,udp,ssl,REJ,Malicious,C&C
0.009957188149898967,180.59995962162532,0.0,1,0,7792,2323,tcp,ssl,S0,Malicious,Mirai
5.620740567589926,214.44942862193727,290.2024070345015,3,3,2371,22,tcp,dns,RSTO,Malicious,C&C
2.360745213106612,304.49325559553483,38.811725851613346,25,74,33303,80,tcp,ssl,S0,Benign,None
0.15377197141664017,594.4283220460194,75063.9752869979,12,29,29194,443,icmp,dhcp,RSTO,Benign,None
4.310261717241529,78.075419992431,440.8187975025659,2,2,38758,443,tcp,ssl,RSTO,Malicious,PartOfAHorizontalPortScan
2.9514404734090194,554.2162040124095,29.886554647637087,3,1,3045,80,icmp,http,SF,Malicious,C&C
4.472692639695024,486.4154437576224,4720.964069353557,4,20,8522,22,icmp,dhcp,SF,Benign,None
0.825583069607697,293.80074610758834,3468.2617366002564,5,3,25786,443,udp,-,REJ,Benign,None
0.6451998755234865,306.65414067641524,2053.2861532180464,20,5,35052,443,icmp,-,S0,Benign,None
0.003915132882043645,1091.4678805746285,56.87373242237504,28,1,15195,22,tcp,dhcp,REJ,Malicious,DDoS
1.6634934486337252,624.8719513666073,18.91480690925991,2,3,17968,53,icmp,dhcp,SH,Malicious,PartOfAHorizontalPortScan
3.367605235772431,4881.778220340439,3662.6761662344675,14,17,34801,22,tcp,dns,RSTO,Benign,None
0.001209769461532095,1194.2324668812785,44.0145384810835,16,4,14264,53,udp,-,SF,Malicious,DDoS
0.05718066316161867,837.1973057332594,5626.775203926097,3,17,4913,53,icmp,ssl,RSTR,Benign,None
2.7182030278446607,969.4540556466087,2655.4916582152364,12,3,60155,23,tcp,ssl,RSTO,Benign,None
0.20608690576487965,2194.921966321049,22971.62375459858,7,9,47247,80,udp,-,S0,Benign,None
2.9350844800552602,136.60735761633848,539.1128137376983,1,2,40454,22,icmp,dhcp,RSTO,Malicious,C&C
0.0017855380513007951,1035.3821956282836,49.39060488214003,12,1,40614,53,icmp,ssl,RSTR,Malicious,DDoS
0.519893869386412,173.53275097233487,0.0,2,0,21511,23,udp,ssl,S0,Malicious,Mirai
0.009703145938696681,1103.014213726464,21.973892095714618,22,4,57459,80,udp,dhcp,RSTR,Malicious,DDoS
0.15834651284339868,129.52373563909848,1075.0842950971382,4,3,23963,53,udp,ssl,RSTR,Malicious,PartOfAHorizontalPortScan
9.326833058268084,967.6836399975208,501.7241110102301,3,9,24380,80,tcp,ssh,RSTR,Benign,None
0.02148207784296271,157.0795377012735,0.0,3,0,60573,53,tcp,dhcp,S0,Malicious,Mirai
2.3124607170550946,7278.3080854615455,1284.3450437371494,9,7,22142,2323,udp,-,REJ,Benign,None
0.02307062917812933,187.78728233885235,0.0,4,0,40237,8080,icmp,dns,S0,Malicious,Mirai
0.0027085940813715947,1145.3640881653519,50.38229872863409,26,2,57252,22,tcp,ssl,REJ,Malicious,DDoS
0.00610133037344931,1231.2804699988324,48.97516864180855,44,1,16450,2323,icmp,http,RSTR,Malicious,DDoS
0.0008277926896795519,1317.0315725601515,33.99918528985355,85,0,6612,22,tcp,-,REJ,Malicious,DDoS
0.022550430389659672,1271.1473787382981,50.92716902438869,47,1,56430,443,tcp,ssl,SH,Malicious,DDoS
1.8499479192498929,370.29697344861523,27.11819940489278,5,2,37730,443,tcp,dhcp,REJ,Malicious,PartOfAHorizontalPortScan
4.175705256521728,343.227321306738,259.907002497107,3,7,40515,80,udp,http,RSTR,Malicious,PartOfAHorizontalPortScan
14.76216816192595,102.21122340438609,47.23295000486048,3,3,1902,80,tcp,http,S0,Malicious,PartOfAHorizontalPortScan
2.0881165165109,532.9386391134205,64.32847064547796,2,1,59779,8080,tcp,dns,RSTR,Malicious,C&C
5.954898338970821,10.388701443797238,199.79405175193932,5,3,22326,53,tcp,dhcp,REJ,Malicious,PartOfAHorizontalPortScan
0.050106438040170634,134.68231863358758,0.0,4,0,36697,53,udp,dns,S0,Malicious,Mirai
4.296317385506093e-05,1245.5902633167648,43.34042358731198,36,2,25109,443,udp,ssh,RSTR,Malicious,DDoS
0.09829125759860742,170.17993356850675,0.0,4,0,57397,80,icmp,ssh,S0,Malicious,Mirai
6.136704198911781,363.97972713308116,93.38568862683623,4,2,13869,2323,udp,http,S0,Malicious,PartOfAHorizontalPortScan
0.017778790044164647,1117.2813808878877,42.47139258861646,66,0,41943,443,udp,dns,RSTR,Malicious,DDoS
0.06536042168832704,161.5901196388473,0.0,1,0,51500,22,udp,ssl,S0,Malicious,Mirai
0.8265038842800664,116.1789431736395,241.81047654034964,3,3,36229,23,udp,ssh,S0,Malicious,C&C
6.52109652256067,163.24694663649842,264.54473175219994,2,3,57422,53,icmp,http,RSTR,Malicious,PartOfAHorizontalPortScan
3.0564262674952265,17.82225869123882,42.355455868996444,5,1,24078,80,udp,ssl,RSTO,Malicious,C&C
0.1641005071303353,102.12911539893538,168.71870180191416,5,2,8420,22,udp,ssl,RSTO,Malicious,C&C
5.123721470218282,82.86755843506145,178.48220129267503,3,2,44951,53,tcp,ssh,REJ,Malicious,PartOfAHorizontalPortScan
0.01815415084213054,1352.961029416459,50.21554752160187,45,3,4629,8080,udp,dhcp,RSTR,Malicious,DDoS
2.8499606324987887,881.1032131834853,540.548369442662,2,19,53259,8080,tcp,ssh,SH,Benign,None
1.3158567102529124,750.2652444299113,7917.134821258177,2,4,51398,2323,tcp,-,RSTR,Benign,None
0.012435830690758452,1215.1819092743758,38.9323070387425,69,3,40164,53,icmp,http,SH,Malicious,DDoS
2.4605668633049365,133.87959312024515,39.41687275465317,4,2,15705,2323,tcp,ssl,RSTO,Malicious,C&C
0.24981248644668164,138.6200720030892,0.0,1,0,47283,8080,udp,dns,S0,Malicious,Mirai
1.7768697903958253,309.6580144333116,152.87508376781494,4,3,5859,53,udp,ssh,RSTR,Malicious,PartOfAHorizontalPortScan
16.019149478897024,63.4760171533902,415.6823874773783,2,1,32939,53,udp,dns,SF,Malicious,C&C
2.40172803503846,2456.4575112537427,9873.97798253523,1,11,36958,80,udp,ssl,SF,Benign,None
1.1023787779403876e-06,1186.1738506049467,43.41297294195606,19,0,17941,23,icmp,dhcp,REJ,Malicious,DDoS
0.24237056272125768,125.44951514723218,0.0,3,0,49257,53,tcp,dhcp,S0,Malicious,Mirai
2.0894850966530067,155.05882431106835,299.45976134668405,2,2,54268,443,udp,http,RSTR,Malicious,PartOfAHorizontalPortScan
0.004924911171614344,1340.2487794107594,42.278353131353484,23,0,4931,80,tcp,dhcp,SH,Malicious,DDoS
0.021850603663474175,1158.986373822902,44.89603890772075,83,4,6663,53,udp,http,RSTO,Malicious,DDoS
0.0009172458663960949,130.42692128390547,0.0,2,0,21846,53,icmp,dhcp,S0,Malicious,Mirai
0.021821102765183068,1222.489579488632,50.584770684681395,55,0,64176,53,icmp,dns,RSTO,Malicious,DDoS
0.1543732785406191,221.88618197039142,177.73341746410065,3,2,7380,8080,udp,-,SF,Malicious,C&C
6.759339407346211,153.51705928070447,49.16399291421027,2,3,26577,22,icmp,ssl,SH,Malicious,PartOfAHorizontalPortScan
0.28640988554324015,122.23390983373012,0.0,2,0,34282,2323,icmp,-,S0,Malicious,Mirai
0.009488212796496464,1147.9310904480856,60.73788475629173,18,2,10750,443,icmp,ssh,S0,Malicious,DDoS
2.409838312471108,329.0337807802109,449.34033584027736,4,2,46837,22,icmp,-,RSTO,Malicious,C&C
0.5389810801260368,1786.7060989467825,3753.250336889969,5,7,47555,53,icmp,-,RSTO,Benign,None
0.00695385919328727,1310.7160379435663,61.4820478465649,36,0,13549,53,tcp,http,SF,Malicious,DDoS
1.6518049277156583,799.8173012758305,116.6776940222454,3,2,26059,80,tcp,dns,REJ,Malicious,C&C
0.9499933496276597,74.68632389655835,270.1809087717947,2,10,21097,23,icmp,http,REJ,Malicious,PartOfAHorizontalPortScan
0.3279583340349799,4383.2931527245355,3782.246389845831,17,16,2470,8080,icmp,ssh,S0,Benign,None
1.066274072161077,142.02991756622274,740.7160747015383,4,5,10122,2323,icmp,dhcp,S0,Malicious,PartOfAHorizontalPortScan
5.901337399182603,5864.282048004057,8592.078142681286,11,29,60810,80,icmp,ssh,SF,Benign,None
1.7412041929928035,415.8515667289079,129.30981313751101,2,3,55813,23,tcp,ssl,S0,Malicious,C&C
6.501343274909742,311.02100307279136,98.1968663823489,2,1,35422,22,udp,dns,RSTR,Malicious,C&C
1.9827273562475578,167.35615077581585,74.60656759182504,3,1,23689,2323,udp,ssh,SF,Malicious,C&C
0.010879751690900082,1255.5570683811582,40.317559696984354,79,2,54279,80,udp,ssh,SH,Malicious,DDoS
0.08453439582283795,171.04327362562816,0.0,3,0,63513,53,udp,http,S0,Malicious,Mirai
0.21691667788360214,165.08931657870238,0.0,3,0,17927,53,udp,dhcp,S0,Malicious,Mirai
0.4332911273261838,243.0332718508741,1216.6532224780146,8,11,26962,53,icmp,dhcp,REJ,Benign,None
0.877732634985947,1029.9290607065757,137.66062762045559,27,21,8346,2323,tcp,dhcp,RSTR,Benign,None
0.01217588778741088,1236.2511011344172,54.43716819164036,93,0,18162,443,udp,http,REJ,Malicious,DDoS
0.030576960898978142,1134.09692973519,42.95705430515795,45,0,33145,8080,icmp,-,REJ,Malicious,DDoS
1.3724051832219477,259.0710755268717,277.0468390134892,4,4,4679,22,udp,-,SF,Malicious,C&C
1.8427422685067418,46.43622679331193,138.95883637603924,7,1,27978,23,tcp,http,RSTR,Malicious,PartOfAHorizontalPortScan
5.5016542754915685,434.18154719605326,80.72358380908707,2,4,5156,23,tcp,ssl,RSTO,Malicious,PartOfAHorizontalPortScan
6.7382680661659045,150.433398678329,725.3547621928028,3,4,57882,22,tcp,ssl,SH,Malicious,PartOfAHorizontalPortScan
4.625529122274436,52.90125478658243,74.2001864729754,2,0,64292,8080,tcp,-,RSTR,Malicious,C&C
0.5479822738424903,1931.6328238621122,1898.9667905313672,6,50,7822,22,tcp,http,S0,Benign,None
0.23844687719286523,147.0596988675323,0.0,3,0,38877,23,udp,http,S0,Malicious,Mirai
0.09988509196391097,121.60284930830055,0.0,2,0,5911,23,icmp,ssl,S0,Malicious,Mirai
8.76881734382801,45.118419061927916,96.22070457911569,4,4,7494,8080,tcp,-,RSTR,Malicious,C&C
6.087540328596058,87.08309103729947,207.10190695116466,2,1,31023,22,udp,ssh,S0,Malicious,PartOfAHorizontalPortScan
1.1507757589655894,156.38828454282756,86.53906111222823,2,2,40552,2323,tcp,ssh,SF,Malicious,C&C
5.0784035873549,475.03646177724147,29.595587994162212,10,2,44381,443,icmp,ssh,SF,Malicious,PartOfAHorizontalPortScan
0.004744165950200285,91.05267463119564,0.0,3,0,53916,80,icmp,-,S0,Malicious,Mirai
9.872930130258503,155.62559898025103,403.21511417114743,5,0,6639,443,icmp,ssl,RSTR,Malicious,C&C
0.6278813447469843,938.5065536321669,819.9458116815756,6,3,34031,22,icmp,ssl,RSTR,Benign,None
1.5612426059418951,495.95868082731397,224.31560963844558,10,3,14055,80,tcp,ssh,REJ,Malicious,PartOfAHorizontalPortScan
0.021513545791983738,133.99432650076858,0.0,1,0,32181,22,icmp,-,S0,Malicious,Mirai
0.1090268527574869,156.56905644985943,0.0,4,0,12278,443,tcp,dhcp,S0,Malicious,Mirai
0.016243739110448553,139.37309019230085,0.0,4,0,15060,2323,icmp,http,S0,Malicious,Mirai
0.14052740468838645,198.52093567963885,0.0,4,0,20290,8080,tcp,dhcp,S0,Malicious,Mirai
2.2998262083406305,193.18320760473185,225.99741502934532,4,1,21211,53,icmp,dhcp,RSTO,Malicious,PartOfAHorizontalPortScan
0.9241577911227927,578.1102095070177,771.205939133891,7,61,37860,443,udp,ssl,S0,Benign,None
0.9630060835978128,1295.768701465178,993.5845743444204,11,27,44086,80,udp,dhcp,RSTO,Benign,None
1.4947561797863709,431.96339773995544,5923.824701392378,3,57,53764,22,udp,dhcp,S0,Benign,None
0.33619689059858654,169.34479263869596,0.0,3,0,44972,23,tcp,dhcp,S0,Malicious,Mirai
0.010374411426128428,1338.1168434697174,60.97053422475078,12,0,1733,80,icmp,ssh,S0,Malicious,DDoS
2.0361310121129614,777.9345591493149,148.72593523023946,4,4,6363,443,udp,-,REJ,Malicious,C&C
0.13226842291244542,150.09719375087215,0.0,3,0,19405,22,tcp,-,S0,Malicious,Mirai
0.007802337018243661,1293.896182799131,63.01946859422628,61,1,46679,53,icmp,-,RSTR,Malicious,DDoS
1.2486298756455374,2612.530468132299,4792.0579714342275,10,15,59338,53,tcp,-,SH,Benign,None
0.06089859902146271,161.3967675128993,0.0,4,0,29540,443,tcp,http,S0,Malicious,Mirai
1.4345177539077105,276.23180658085204,115.12050321942438,4,2,9337,23,udp,ssl,REJ,Malicious,PartOfAHorizontalPortScan
0.7027863705164591,5239.67115261803,11819.957228706653,13,11,40994,80,icmp,-,S0,Benign,None
0.005447870163067252,1214.0180031001594,47.75741208560515,63,3,11491,80,udp,ssl,S0,Malicious,DDoS
0.00882230989713637,1266.9252564126161,45.6260911114824,13,4,47451,53,icmp,-,S0,Malicious,DDoS
0.0005469621975029952,1122.7787424661442,54.406625568120475,93,3,28823,2323,tcp,dns,SH,Malicious,DDoS
0.3635268875417262,4918.01783606373,2155.487955734914,13,20,38901,2323,udp,ssh,S0,Benign,None
0.06969115393802759,128.1336371609792,0.0,4,0,17049,22,tcp,-,S0,Malicious,Mirai
14.911660788442555,60.70559173099185,178.7515362826914,4,3,13674,23,tcp,http,S0,Malicious,C&C
0.044877521425694115,1231.8515288780677,39.03558356058988,42,4,58399,53,icmp,-,RSTR,Malicious,DDoS
2.793802486354535,48.295749807264905,718.3651082172869,1,1,64908,23,tcp,http,RSTO,Malicious,PartOfAHorizontalPortScan
2.155114667439878,3961.960975588223,13181.75738384732,30,11,4803,2323,udp,ssl,SF,Benign,None
0.17704721467867762,277.7472916764557,7550.01110557423,16,55,27149,8080,tcp,dns,RSTR,Benign,None
0.004553298329547424,1214.601594260845,57.855105255165746,99,3,4941,23,udp,dhcp,RSTO,Malicious,DDoS
8.237917336426685,341.04084138822606,723.2843286292518,2,5,26281,443,icmp,ssh,RSTO,Malicious,C&C
0.19776290118537973,123.31503909833428,0.0,4,0,22791,2323,udp,dhcp,S0,Malicious,Mirai
0.008333647256448362,1365.579351275443,48.13976977583498,55,2,62857,2323,tcp,ssl,RSTO,Malicious,DDoS
0.01058212035707558,1190.7514253085715,67.91700059654988,66,4,8496,443,udp,ssh,SH,Malicious,DDoS
0.05621396221469856,139.78213561524626,0.0,3,0,39009,443,tcp,dns,S0,Malicious,Mirai
0.00773987664587659,180.38674754268587,0.0,3,0,18779,80,udp,http,S0,Malicious,Mirai
2.1060031954159224,153.80403371726453,387.87620548754643,2,1,15607,22,tcp,dhcp,RSTR,Malicious,PartOfAHorizontalPortScan
0.06774449067599023,173.98425083195127,0.0,3,0,14292,53,tcp,-,S0,Malicious,Mirai
0.18819449786870365,187.9779479406472,0.0,1,0,59307,80,icmp,ssh,S0,Malicious,Mirai
0.003693865892277452,1056.186232102816,59.84676694824546,49,3,24279,8080,udp,http,RSTO,Malicious,DDoS
0.0020714769227165738,1332.552256935406,65.73082207521051,39,1,32825,23,tcp,ssl,RSTR,Malicious,DDoS
0.7487034583196713,907.5666178035078,25740.27613196202,13,4,13638,8080,tcp,http,SH,Benign,None
2.9161999927916673,922.4355522665631,104.19178482317542,4,5,33638,80,tcp,ssl,RSTO,Malicious,C&C
0.7652357597787257,18.59288764518541,265.9118521489247,3,5,44712,23,icmp,-,SH,Malicious,C&C
0.01765154137095914,108.99289519165701,0.0,1,0,36725,2323,icmp,-,S0,Malicious,Mirai
0.22498175935452663,96.02331527055271,120.65992353794545,2,2,29479,443,udp,dhcp,REJ,Malicious,C&C
5.160780458445494,483.1454945179217,42.6057581127195,4,5,44557,80,icmp,dns,SF,Malicious,PartOfAHorizontalPortScan
2.9489219829635474,1884.920269733576,420.6354869074168,6,17,63254,22,udp,ssl,REJ,Benign,None
0.09086976751323772,173.7719836106887,0.0,4,0,44356,22,udp,dhcp,S0,Malicious,Mirai
0.18078388239101534,782.4363660942558,128.5483222568114,1,3,9297,8080,tcp,http,RSTR,Malicious,C&C
0.7016382288712333,169.27024823033454,613.1193926120256,5,1,9283,23,tcp,http,SF,Malicious,C&C
0.766447156269,8060.654963878847,2516.79055466739,3,15,46450,80,icmp,dhcp,S0,Benign,None
8.440845160242318,377.52653245478444,516.2442236326591,1,3,34030,22,tcp,http,SH,Malicious,C&C
3.2427161822146138,1689.2130649732064,307.73928765459647,4,53,26535,22,icmp,http,S0,Benign,None
0.006429133195373696,1109.1392845443947,48.10456852374992,65,1,49027,23,udp,ssl,RSTO,Malicious,DDoS
7.583990853494573,182.1266864347772,37.87138297398422,3,3,43899,2323,udp,ssh,SF,Malicious,C&C
1.3935881080946302,820.2380150243085,1544.6174991901369,47,5,34905,8080,icmp,-,S0,Benign,None
0.8321775827673834,1323.51792650044,140086.65639745805,13,31,11743,22,tcp,ssh,RSTO,Benign,None
2.431735146938609,363.2134940031882,151.8122312666801,4,2,12652,2323,icmp,dhcp,REJ,Malicious,PartOfAHorizontalPortScan
0.008710408466381965,1245.6168626852584,51.936803510881674,76,2,8404,8080,udp,ssl,S0,Malicious,DDoS
0.1999790587982699,165.7707447003867,0.0,4,0,42308,53,icmp,ssl,S0,Malicious,Mirai
0.23253929190220857,154.30312841783106,0.0,4,0,18228,22,icmp,http,S0,Malicious,Mirai
1.8692057882678434,1244.8016583408091,2260.4479803528848,15,61,22548,2323,tcp,dhcp,RSTR,Benign,None
0.016790697839172725,1145.5471883065304,60.568296091987136,38,0,5762,53,icmp,dhcp,SF,Malicious,DDoS
1.2169878333723454,203.11663550038946,58.10276968145117,2,7,47038,80,tcp,http,S0,Malicious,C&C
0.23523227748179446,158.49792208344806,0.0,2,0,20215,53,tcp,dhcp,S0,Malicious,Mirai
0.5793706083209752,1940.0674886478632,7144.17605856965,26,5,9119,80,tcp,ssl,SF,Benign,None
1.58704233993133,400.0997664106787,390.82722164832484,7,138,60446,443,icmp,dhcp,S0,Benign,None
8.863837747590452,221.3685208843431,26.874304501603973,2,3,49787,23,udp,ssh,RSTR,Malicious,PartOfAHorizontalPortScan
0.7674928642150406,1228.9565363221573,9472.10314595235,9,5,6495,8080,tcp,ssh,RSTO,Benign,None
0.3829881578418336,645.937639176885,308.75220676128964,5,2,20455,22,tcp,ssl,REJ,Malicious,C&C
1.616598536635666,943.9167532153485,8256.765574455083,3,9,11772,80,udp,ssh,REJ,Benign,None
4.16664051029673,282.91560606849754,173.08385364556298,5,3,65189,8080,udp,dhcp,RSTO,Malicious,PartOfAHorizontalPortScan
0.04233397917486553,123.7978956682878,0.0,2,0,16205,23,tcp,http,S0,Malicious,Mirai
3.0382219955763996,300.0531281160374,1299.9680833464251,4,2,54216,8080,tcp,http,S0,Malicious,C&C
2.5185290657040897,213.50764667579227,181.84475537117842,6,2,13915,2323,tcp,http,REJ,Malicious,PartOfAHorizontalPortScan
19.65563899131665,51.298951759255864,169.5750413224193,6,6,44463,23,udp,ssh,RSTO,Malicious,C&C
14.971164088946738,14.732138495869814,96.15160080790535,3,1,50414,22,tcp,dns,SF,Malicious,C&C
0.28948642436876815,1231.3627261799415,1724.2711631982902,8,39,30490,53,icmp,dns,SF,Benign,None
2.9759179639817077,490.5023902292368,2281.3587299724977,3,6,62377,2323,icmp,dhcp,SH,Benign,None
4.742209107019958,767.8068463820521,710.3946026969381,4,5,60508,22,udp,dhcp,REJ,Malicious,C&C
6.319364417505918,124.1860677687373,145.57603460156068,4,3,20553,53,udp,http,SF,Malicious,PartOfAHorizontalPortScan
0.019484523913393375,1131.915671097506,59.818667388866515,11,2,4511,23,icmp,dns,RSTO,Malicious,DDoS
9.150183582989268,773.0380314633189,87.68056359254422,3,1,48469,8080,icmp,-,RSTR,Malicious,PartOfAHorizontalPortScan
0.11704824241764925,179.86788190638492,0.0,4,0,55260,2323,tcp,http,S0,Malicious,Mirai
1.5048462964356661,418.37591333981726,57.871758870313684,4,8,26009,80,tcp,ssh,SF,Benign,None
0.23109384628542995,1549.0765990119687,9308.547209413793,10,23,12432,22,icmp,dns,SF,Benign,None
1.9299707266562516,309.78725910608915,198.87794661432986,3,5,3714,443,tcp,dhcp,RSTO,Malicious,PartOfAHorizontalPortScan
4.78167016301486e-05,1165.3858171402587,31.0054474837192,23,2,3737,23,tcp,ssl,RSTO,Malicious,DDoS
0.45717881913973557,198.29724540027698,66.22631650198511,3,3,29675,80,tcp,http,REJ,Malicious,C&C
8.570920404741756,187.6484039225982,270.71936697343136,5,1,52289,23,icmp,-,S0,Malicious,C&C
2.400354901799752,1097.329580191086,181.4989014934703,6,18,10682,22,tcp,dhcp,SH,Benign,None
11.934328325161697,5341.712932329636,18523.809902927376,4,7,18355,22,icmp,dhcp,RSTO,Benign,None
0.0020885089859534354,1222.6226281424608,33.338107619733925,40,2,56840,443,tcp,ssh,SF,Malicious,DDoS
0.3033815459253207,43.164691570359736,701.3869767614029,4,6,53338,8080,tcp,http,SH,Malicious,PartOfAHorizontalPortScan
0.08891178892796359,144.29682939689442,0.0,3,0,43502,2323,udp,dhcp,S0,Malicious,Mirai
0.054798091133617326,128.712551791316,0.0,1,0,22973,22,tcp,ssh,S0,Malicious,Mirai
0.005572500396624949,169.334099627932,0.0,2,0,42336,23,icmp,dns,S0,Malicious,Mirai
0.2836700667315158,180.1259182977431,0.0,1,0,25279,8080,udp,http,S0,Malicious,Mirai
0.013839979118635212,1176.1504241807108,60.43907407864292,43,3,12315,443,tcp,ssh,RSTR,Malicious,DDoS
1.6361427035625389,2493.768185843078,185.12097199290235,9,8,30431,80,icmp,ssl,SF,Benign,None
3.678990125350208,212.2479323205394,134.35313540159748,3,1,56214,80,udp,ssl,REJ,Malicious,C&C
9.17201095568188,95.78370988020818,131.26132174021322,4,4,2371,80,tcp,dns,SH,Malicious,PartOfAHorizontalPortScan
0.5927960754707677,80.2838812762731,381.547205824183,4,2,42895,443,tcp,dns,SF,Malicious,C&C
6.49028190985397,1269.257471259169,6927.58321571069,5,17,17736,443,udp,dns,S0,Benign,None
0.47747305763691233,1062.7744020965806,869.3954654693756,15,25,46731,22,tcp,ssh,SF,Benign,None
0.11281755130931109,170.62851375288295,0.0,3,0,1231,2323,tcp,dns,S0,Malicious,Mirai
0.00034080704806141817,1159.7269121086279,31.567116617284857,28,4,42490,8080,udp,-,REJ,Malicious,DDoS
5.160580339440967,188.75019451937146,53.79402350938521,2,7,22223,22,udp,ssl,SH,Malicious,PartOfAHorizontalPortScan
0.855096125848658,1454.6656321221303,1848.989659555093,16,12,46372,443,udp,ssl,RSTO,Benign,None
1.8259739858067645,1020.3855137205884,9861.937484818727,13,6,33248,23,tcp,http,RSTR,Benign,None
2.122313499965736,66.6397461415113,37.30516497743226,5,5,45943,8080,udp,ssh,RSTR,Malicious,PartOfAHorizontalPortScan
0.005757197742401766,1248.965843858957,51.533119506780636,29,2,35647,8080,udp,dhcp,RSTO,Malicious,DDoS
0.017618787825616777,143.11639106982017,0.0,3,0,14621,80,udp,dns,S0,Malicious,Mirai
0.25389727165881226,193.0227651447017,0.0,2,0,2053,80,icmp,ssh,S0,Malicious,Mirai
0.04523450844293057,178.1953428274914,0.0,3,0,45353,8080,tcp,http,S0,Malicious,Mirai
5.104666772509799,52.55010429699595,720.2820466384236,3,3,34801,443,udp,dhcp,SH,Malicious,C&C
0.0966886470538717,193.9284339889772,0.0,4,0,65319,23,tcp,dhcp,S0,Malicious,Mirai
2.4261891419411317,152.76547701952714,224.08657814372447,3,4,6033,23,udp,http,RSTO,Malicious,PartOfAHorizontalPortScan
3.902632821165437,636.517420989514,548.9067278000083,3,2,27250,8080,icmp,http,SH,Malicious,C&C
3.279941254200553,233.8554202039981,131.2918583222031,7,1,36894,443,udp,ssh,REJ,Malicious,C&C
0.022768860223934758,1171.3915724128603,55.70466840617431,61,2,50937,53,icmp,-,S0,Malicious,DDoS
2.87911815522715,251.28388773870049,110.25260302469464,4,1,18031,22,udp,dns,SF,Malicious,C&C
6.390329165242927,1716.1155415727599,6336.785158260388,1,24,28338,23,tcp,http,SH,Benign,None
1.7482854677133801,89.17877509233286,106.12768338571165,3,2,52766,80,icmp,ssl,SF,Malicious,C&C
0.0580085729788979,147.24686243054646,0.0,1,0,44177,53,tcp,ssh,S0,Malicious,Mirai
13.650006208025156,28.311314937511142,279.6861107339343,2,5,22706,53,tcp,http,S0,Malicious,C&C
0.17635880358719486,253.17055052842164,1320.5868904799634,42,24,26663,80,tcp,dns,RSTR,Benign,None
1.6297568021578968,39.20951986654627,676.9253185693142,2,1,14630,8080,udp,-,REJ,Malicious,PartOfAHorizontalPortScan
0.12247448671973565,130.02548142512643,0.0,3,0,31246,22,tcp,dns,S0,Malicious,Mirai
2.1140374796848276,483.73746249539863,929.5835308419511,3,20,61889,443,icmp,-,RSTR,Benign,None
0.06646880192752896,125.99513362349508,0.0,3,0,54077,2323,udp,-,S0,Malicious,Mirai
5.039112778926346,99.86959446664326,58.344540135419116,2,3,6213,8080,udp,dhcp,SH,Malicious,C&C
1.5020065619357377,282.1511876083697,37834.510854790606,18,7,13488,2323,icmp,-,REJ,Benign,None
0.8825551282212704,149.25073893740344,6699.6943039133575,3,5,38018,80,udp,ssh,REJ,Benign,None
0.058777076262273076,169.95888726878593,0.0,3,0,56032,443,tcp,dhcp,S0,Malicious,Mirai
9.918716329797912,178.16554653582463,56.87321944995634,3,3,27558,80,tcp,dns,SH,Malicious,PartOfAHorizontalPortScan
0.008692680709561305,811.8747412160325,113.48047418440191,2,42,5463,23,icmp,dns,REJ,Benign,None
3.5085572745373987,222.43543461196705,190.66513741571734,3,3,2356,8080,icmp,dhcp,S0,Malicious,PartOfAHorizontalPortScan
11.280490005709442,48.454225978087734,966.0542705010042,4,2,37678,80,icmp,-,S0,Malicious,C&C
1.6431226004389632,7075.185341860766,2889.443564009749,39,30,43852,443,icmp,-,REJ,Benign,None
3.800786520189111,1344.3854572003922,14307.7172419247,12,8,19606,22,icmp,ssh,RSTR,Benign,None
5.835552669136405,1417.15025738406,28677.141888988663,9,7,64230,22,icmp,ssh,RSTO,Benign,None
1.077276737722369,683.4236596080582,742.7367319842804,21,15,34149,443,icmp,http,RSTR,Benign,None
4.1753162523928875,739.228369196021,3896.1680634883583,11,16,49023,8080,tcp,ssh,REJ,Benign,None
3.7050604651705603,202.3497960372951,13.67874359984619,3,2,53617,23,udp,ssh,SH,Malicious,PartOfAHorizontalPortScan
0.043377851543694994,347.61308906141375,5998.006415259347,4,31,35678,22,tcp,ssh,S0,Benign,None
0.15824756947427188,177.34859148522258,0.0,4,0,56971,22,tcp,-,S0,Malicious,Mirai
0.016261411999066184,1090.5329723945847,70.48643819166949,50,0,45148,53,udp,dhcp,RSTR,Malicious,DDoS
23.075152808542786,123.2847192428019,444.34166807021734,3,2,16202,22,udp,dhcp,RSTO,Malicious,PartOfAHorizontalPortScan
0.13456551628038585,142.24647317708357,0.0,3,0,58143,22,icmp,-,S0,Malicious,Mirai
0.004154486253428704,1070.8800466828966,44.20642506654801,35,3,38131,2323,udp,http,REJ,Malicious,DDoS
6.697829369772829,108.83739778363233,176.76651452324302,2,2,48947,8080,udp,dhcp,S0,Malicious,PartOfAHorizontalPortScan
0.012056799461328729,178.73803658666267,0.0,4,0,4946,80,udp,dhcp,S0,Malicious,Mirai
1.2171887928728722,23.962911118042598,42.50286370520972,3,3,49799,53,icmp,ssh,SH,Malicious,PartOfAHorizontalPortScan
1.8482939173788222,1941.4244923478273,6850.656636337663,18,19,32659,8080,udp,ssl,RSTR,Benign,None
16.33890518558102,268.8424241339711,186.14785124405648,5,3,8073,22,udp,-,S0,Malicious,PartOfAHorizontalPortScan
0.46685469249225464,531.4942802585099,13291.392748082295,2,22,53557,2323,udp,dns,RSTO,Benign,None
3.185103947591978,207.82908412369764,42.34127867104416,7,1,12188,8080,udp,http,SF,Malicious,C&C
0.025483718824512388,1256.363432544312,45.075586160787374,19,4,17942,53,udp,dns,REJ,Malicious,DDoS
5.55638253849269,64.53592995240393,28.464522992506932,2,3,36046,2323,udp,dhcp,S0,Malicious,PartOfAHorizontalPortScan
0.4675820169312275,3039.565708137068,1826.3046678381372,14,7,19179,53,udp,ssh,RSTR,Benign,None
0.6078151307433047,4063.326149637895,13633.553503542496,6,2,19371,443,icmp,dhcp,REJ,Benign,None
6.809396483297686,844.4772669691292,37.197711061998476,3,2,49340,2323,icmp,dhcp,S0,Malicious,C&C
0.018685513863762805,1313.7680686672443,58.34020711472209,31,1,48646,8080,icmp,http,SH,Malicious,DDoS
1.530678207975361,47.967603102218995,92.48161883464178,4,2,5005,53,tcp,dhcp,REJ,Malicious,PartOfAHorizontalPortScan
0.027384668973742796,117.26982650789634,0.0,3,0,38673,2323,icmp,-,S0,Malicious,Mirai
2.7867554283488225,931.3168471127977,468.025101619445,7,13,1620,443,udp,ssl,REJ,Benign,None
4.5577541782017255,27.17997043207871,54.58034653796309,3,1,21970,22,icmp,ssh,SH,Malicious,PartOfAHorizontalPortScan
0.0009155260692175496,1210.6681905178286,36.111566317705325,92,2,59030,23,udp,http,S0,Malicious,DDoS
0.01447252220281421,167.50429950326773,0.0,3,0,6599,443,tcp,ssl,S0,Malicious,Mirai
1.1818296102600507,491.7782522908301,5590.292898466722,6,13,63938,22,udp,-,REJ,Benign,None
2.8678805170657373,35.85240174237877,90.15464224651362,5,1,6783,23,tcp,-,REJ,Malicious,C&C
13.59382141073922,460.5507749011964,516.7177170555041,5,2,15477,8080,udp,-,SF,Malicious,C&C
2.2923774609721352,934.9295262877768,1383.9555483633967,14,6,7924,23,tcp,dhcp,SH,Benign,None
0.4025910096702721,279.2380416427023,7215.25424454476,7,9,60047,2323,tcp,-,RSTO,Benign,None
10.757104466069165,468.49274463023954,10847.856845497165,5,18,40690,53,icmp,http,S0,Benign,None
0.7413016622363043,611.8825491818777,148.01622741386717,2,1,16916,23,icmp,ssl,REJ,Malicious,C&C
0.70056338981608,3146.7441637623847,673.1012068275338,7,15,37256,23,tcp,http,RSTR,Benign,None
24.134973330011622,246.81471357794638,184.09735625884943,6,1,56736,22,icmp,dns,RSTR,Malicious,PartOfAHorizontalPortScan
2.050679609696548,267.6990185779254,305.9255618385621,3,3,25968,53,icmp,dns,SF,Malicious,PartOfAHorizontalPortScan
3.823909425536866,1571.0872275223064,78.60057560153041,16,7,59721,8080,icmp,http,RSTO,Benign,None
0.01029202562916314,1221.0006011954051,52.63851978366418,88,4,61056,443,tcp,-,RSTO,Malicious,DDoS
1.922076524252925,291.508278819782,10130.52173311375,5,29,7246,80,icmp,http,SH,Benign,None
0.5397039677619407,230.67560342654062,99.41247957145893,3,5,13385,2323,udp,ssl,RSTO,Malicious,C&C
3.6520273536801406,153.42918397920903,119.28517214375776,3,3,49765,23,tcp,ssh,REJ,Malicious,PartOfAHorizontalPortScan
0.33535499172885574,382.4038999288573,2441.5133663146125,4,6,32085,8080,udp,dhcp,REJ,Benign,None
1.893713991039438,341.4412380015956,143.82920314077282,6,2,33736,22,icmp,-,RSTR,Malicious,C&C
8.411144930288474,97.71542026849578,41.17750589193579,2,4,6780,443,tcp,-,RSTO,Malicious,C&C
0.0004004404600594141,1196.0613635078826,62.62991338062697,45,1,58480,8080,tcp,-,S0,Malicious,DDoS
3.6364087076611065,10497.609647448979,6296.14717266278,8,24,38845,443,icmp,-,RSTO,Benign,None
5.554012411251705,341.8377475430113,273.0747949800492,6,2,63498,23,tcp,-,S0,Malicious,C&C
7.663153771777772,156.23979413931409,114.35997514396726,2,5,50281,2323,icmp,dhcp,SH,Malicious,C&C
0.013154029310435146,1128.2580650398572,57.37028972055683,30,4,38858,443,icmp,-,RSTO,Malicious,DDoS
3.609812881328417,1100.5962459500204,14313.976054701721,6,10,61528,443,udp,http,REJ,Benign,None
0.00514780090748132,1205.9942889397169,47.39511467186647,76,2,46579,80,icmp,dhcp,RSTO,Malicious,DDoS
0.0034784950361487973,1321.60414523083,54.27646315047611,61,3,56806,23,tcp,-,RSTR,Malicious,DDoS
1.065045041550754,782.7951960041252,508.2188139102475,1,4,26036,8080,tcp,ssl,REJ,Malicious,PartOfAHorizontalPortScan
1.2575966903758742,45.34208597957391,38.39313545511114,3,3,27875,443,icmp,http,REJ,Malicious,C&C
0.31956911042993436,123.86641338710416,0.0,2,0,52044,443,icmp,ssl,S0,Malicious,Mirai
1.3362991651324434,1798.0192539178383,1180.604345446062,7,16,32857,443,tcp,dhcp,S0,Benign,None
2.6916201313202834,1894.2317993765623,6692.825742233284,6,45,4916,443,icmp,dns,REJ,Benign,None
0.2128418462688353,177.25245119498638,0.0,3,0,16852,23,icmp,dns,S0,Malicious,Mirai
0.004678817985355311,149.72717851825197,0.0,4,0,9916,22,icmp,-,S0,Malicious,Mirai
1.7034690593671498,622.444721257477,88.00481745539457,3,43,10057,22,udp,dns,REJ,Benign,None
1.856281144492304,220.88099965002627,426.75341034583215,2,6,54627,2323,tcp,ssh,RSTO,Malicious,PartOfAHorizontalPortScan
5.562594550196862,885.8418374016121,346.80984570932014,2,2,19427,22,icmp,ssl,RSTO,Malicious,PartOfAHorizontalPortScan
2.89582366465231,174.0368437633266,80.23835826474989,2,3,51488,2323,udp,-,SH,Malicious,PartOfAHorizontalPortScan
1.8760100120932814,777.923908902408,13252.395783419453,4,4,36488,53,udp,-,RSTR,Benign,None
0.0801750760686412,142.99407775911996,0.0,4,0,23771,22,udp,dns,S0,Malicious,Mirai
0.015507895356388988,1393.4209884820514,44.67947893952292,85,0,41922,443,tcp,dhcp,RSTO,Malicious,DDoS
14.672762132965671,199.5570376201,451.00320835359395,2,1,6908,22,tcp,ssl,SH,Malicious,C&C
1.723062259970507,1173.4778492346982,180.57911616904184,4,4,39883,443,tcp,dhcp,RSTO,Malicious,PartOfAHorizontalPortScan
2.3318621149872096,812.7073867173801,1927.8619874129383,7,7,7221,22,udp,dhcp,SF,Benign,None
0.0005314058810082926,1114.9833269031476,47.85753622440828,21,2,37369,23,icmp,dhcp,RSTO,Malicious,DDoS
0.0006552175056826497,1222.6123038548271,47.894220384630486,77,3,11643,22,icmp,dhcp,RSTO,Malicious,DDoS
0.27605088476234707,162.60400421039157,0.0,2,0,17389,53,udp,-,S0,Malicious,Mirai
0.004573775757507127,1143.1706135019424,52.15623920720866,12,0,40349,23,tcp,dhcp,RSTR,Malicious,DDoS
3.400051411063428,1441.188801460488,1067.4141627603271,3,3,11582,53,icmp,ssh,SH,Benign,None
0.0026451106484298003,1155.3193539817378,38.96940735868986,40,4,3477,53,icmp,ssh,SH,Malicious,DDoS
0.012103863051425131,1445.171262499729,59.680227066762605,40,3,34602,80,udp,http,RSTR,Malicious,DDoS
5.330498443918859,90.22033613676071,374.82083813273516,3,3,35609,8080,tcp,ssh,RSTO,Malicious,PartOfAHorizontalPortScan
0.02276543380803637,1350.061538713502,49.215103756236594,84,1,54771,443,icmp,ssh,SH,Malicious,DDoS
11.491822930038705,141.33355945505443,140.60551209810333,4,4,6706,80,icmp,ssh,S0,Malicious,C&C
0.1062259289996838,170.04677847444037,0.0,1,0,56152,23,tcp,-,S0,Malicious,Mirai
0.020262879792928304,1160.044694400325,60.64275871844471,89,2,20321,2323,udp,-,SF,Malicious,DDoS
0.11162472688814783,605.0212504017776,5022.903055541233,12,8,36737,443,tcp,ssl,RSTR,Benign,None
0.8249298726479449,457.22282306014426,91.70140566119179,4,1,25909,443,icmp,http,SF,Malicious,C&C
0.7207895374341047,1097.2602451560435,4963.2620353755665,5,13,62463,23,tcp,ssl,RSTO,Benign,None
1.074286840048506,4321.764305453982,18373.7156752769,8,4,48879,443,udp,ssl,S0,Benign,None
0.013446607835269166,164.76173591808757,0.0,4,0,51489,2323,tcp,ssl,S0,Malicious,Mirai
0.6194221794542443,120.63492002463899,422.9645620615557,9,20,8234,23,icmp,ssl,RSTO,Benign,None
0.4076382578064992,264.96754588766595,40.19990121946385,4,4,45588,443,tcp,http,REJ,Malicious,C&C
8.223257317040865,720.4698752732301,27.11068240825504,1,1,52801,53,tcp,http,S0,Malicious,PartOfAHorizontalPortScan
0.001552401615778842,1337.5908419298974,43.92632381876625,35,1,44961,80,icmp,ssh,SH,Malicious,DDoS
0.6058630421199873,338.9227042152972,1835.387660381554,3,12,34715,53,icmp,-,RSTR,Benign,None
0.7146948958325435,1431.187735057045,6855.164943372054,3,12,8399,8080,icmp,dhcp,S0,Benign,None
0.02346613316461508,1036.3172157847137,43.72681679546956,88,2,27374,53,tcp,dhcp,RSTR,Malicious,DDoS
0.5786675253843628,443.7197189988996,297.35146140711674,3,1,38188,80,icmp,ssl,S0,Malicious,C&C
2.632335389048251,260.72169131488033,269.9225827059554,2,1,8792,8080,tcp,dhcp,RSTR,Malicious,C&C
0.768876943758799,698.1632084178808,2378.047761867253,11,30,26040,80,tcp,http,RSTR,Benign,None
0.8926334505564449,766.7099877745994,8622.826501161137,17,10,5570,80,udp,ssh,SF,Benign,None
6.326473566336551,335.9576610162751,211.16294673456832,4,1,7777,8080,icmp,http,S0,Malicious,PartOfAHorizontalPortScan
5.374733954564714,387.70579142386833,123.54725428650151,4,1,2177,53,tcp,ssh,S0,Malicious,PartOfAHorizontalPortScan
1.6548685543504007,1677.1752768238694,1457.8703115734247,11,8,4613,443,tcp,-,RSTO,Benign,None
0.4446864172927876,5615.3198060026725,6467.303305334868,20,29,4654,22,tcp,-,REJ,Benign,None
1.5339207480942074,1034.1228382263441,48133.22798310756,27,10,36902,443,udp,dhcp,RSTR,Benign,None
0.05553381317317444,158.0601560476362,0.0,4,0,17516,80,udp,-,S0,Malicious,Mirai
0.017564886433949992,1340.4511808423397,66.64745732722704,97,1,11294,2323,icmp,dns,S0,Malicious,DDoS
0.6970070305119785,4220.379034841909,2028.0863357426667,3,8,39727,2323,udp,-,RSTR,Benign,None
0.43872168728835265,5365.221649689107,1675.1700005604812,3,75,20253,53,icmp,ssh,RSTO,Benign,None
5.920659455139607,149.52024510719454,137.59101100850128,2,1,29692,53,icmp,ssl,RSTR,Malicious,C&C
3.2597086499615973,99.85954911897456,135.44689409935472,5,2,29532,23,udp,ssh,SF,Malicious,C&C
4.7570503688608365,1284.3640997773073,51.54066304270672,6,3,21768,8080,udp,ssh,S0,Malicious,C&C
0.027096002598170358,1384.6571650294397,36.97182385746812,27,1,47088,80,icmp,ssl,RSTR,Malicious,DDoS
0.012206152876764643,1069.5480239908666,62.58406617592757,16,2,13984,8080,udp,ssl,SH,Malicious,DDoS
4.580344565187794,105.42670949604862,971.0453809180635,4,5,60676,80,icmp,http,REJ,Malicious,C&C
6.372697315013257,423.1490152905126,431.6640880061034,3,3,28267,23,tcp,http,RSTR,Malicious,C&C
15.655606942404493,228.57296784268163,83.54597494408134,5,3,62494,8080,icmp,ssl,REJ,Malicious,PartOfAHorizontalPortScan
0.25394744028283217,184.99421578128977,9832.57808376146,2,17,56853,22,udp,dhcp,RSTR,Benign,None
2.9540187721411475,117.42845766607354,64.68621268316892,3,2,44711,53,icmp,ssl,SF,Malicious,PartOfAHorizontalPortScan
0.016774212455399427,1094.1938282709482,44.56060233028406,79,2,12451,80,tcp,ssh,SH,Malicious,DDoS
0.03652128103680619,1408.6797804435248,42.14491813208386,46,0,5080,2323,icmp,ssh,SH,Malicious,DDoS
7.114009415604471,47.89476270509192,67.76681420508945,5,4,17999,23,udp,http,RSTR,Malicious,PartOfAHorizontalPortScan
0.005577244654370807,1112.503498331983,56.87766730011227,17,3,40313,2323,udp,-,RSTO,Malicious,DDoS
1.1108916101771509,352.12079291145363,13.124977595245463,4,4,5241,80,tcp,ssh,SF,Malicious,C&C
0.28920475826600134,203.70234026524838,214.58493719837412,2,5,59339,80,tcp,dns,RSTO,Malicious,PartOfAHorizontalPortScan
0.5666198225172835,5542.246937682673,1791.3578925746772,63,36,5664,22,udp,ssh,RSTR,Benign,None
13.820639118726126,483.9087968848304,184.10973759280074,4,4,7638,8080,icmp,http,S0,Malicious,PartOfAHorizontalPortScan
1.2789475890596005,1371.6852475355784,5301.537897299958,10,94,37346,23,tcp,dhcp,REJ,Benign,None
0.6622422860398509,723.3152827901662,146.2190885305235,16,11,26128,80,tcp,ssl,REJ,Benign,None
0.4113633900162024,4940.993612149553,2708.7695411554796,10,15,27164,80,udp,dhcp,RSTO,Benign,None
2.7707127783909344,120.21885366992825,81.48333746916491,2,3,39239,80,tcp,dhcp,RSTO,Malicious,C&C
0.7843138851197718,337.84709764159413,494.08101580558025,15,32,2068,8080,tcp,ssl,S0,Benign,None
0.0030918468474749067,1222.6625591259108,59.11274705328269,11,4,39457,8080,udp,dhcp,SH,Malicious,DDoS
9.026890593011005,31.24145699882974,86.62911063117916,5,1,35623,23,icmp,ssh,RSTO,Malicious,C&C
13.081050104573562,1337.8739630894063,209.21351814484674,3,4,29658,2323,icmp,http,SF,Malicious,C&C
0.24974733718076125,514.8129874255841,129.92278143511075,3,2,16147,2323,tcp,dns,SH,Malicious,C&C
7.711427281724332,478.6323595491302,43.41500191498617,3,0,43072,23,udp,dns,REJ,Malicious,C&C
0.0003457945390918618,1151.33820384206,57.09071197850353,55,3,52724,53,udp,http,RSTR,Malicious,DDoS
0.109812526502195,1014.0270797920305,627.6724033897408,24,49,60748,80,icmp,ssl,S0,Benign,None
2.021074744511944,74.89084718238989,57.05794777754816,5,4,2050,80,udp,-,RSTO,Malicious,PartOfAHorizontalPortScan
1.7305871594135231,133.8990918316351,75.79805823808857,3,2,21903,23,udp,ssl,REJ,Malicious,PartOfAHorizontalPortScan
10.891357250242613,2330.112043552492,14358.143913815664,12,30,46082,8080,udp,ssl,SF,Benign,None
0.03294022360507276,177.69697562697215,0.0,1,0,57725,443,tcp,dns,S0,Malicious,Mirai
0.050382344168243456,120.86434592501786,0.0,3,0,4876,443,tcp,-,S0,Malicious,Mirai
11.018881019041466,31.773809346743967,393.65423807471893,3,2,52195,80,udp,ssl,S0,Malicious,C&C
3.2760695198137753,263.5660578052947,470.50260047779494,2,2,25560,443,udp,ssh,SF,Malicious,PartOfAHorizontalPortScan
1.771194413667733,655.5014554519663,143.30397892490564,1,2,31267,22,tcp,-,SF,Malicious,PartOfAHorizontalPortScan
1.4902631316191757,464.6703655416807,578.0131535865842,2,3,7891,80,icmp,ssl,SH,Malicious,PartOfAHorizontalPortScan
8.49260957195224,585.8804988280409,41.77841465326124,2,2,2368,2323,udp,dhcp,SH,Malicious,PartOfAHorizontalPortScan
1.5875366594761917,99.26289275955034,97.12165274165191,1,3,48074,443,udp,dhcp,SF,Malicious,C&C
10.698157424959549,205.6246404924166,166.86229286792715,5,2,25821,23,tcp,ssl,REJ,Malicious,C&C
5.3102610511437485,95.1692474552852,199.9172170924331,2,1,25201,8080,icmp,-,SH,Malicious,C&C
0.9825437283629969,2985.866951466049,624.9739686944205,3,8,3387,2323,tcp,dns,RSTO,Benign,None
0.23731037511520767,155.09068602073896,0.0,2,0,61610,443,udp,ssl,S0,Malicious,Mirai
1.3912876090322006,572.3592843971583,655.4440739661,13,13,2234,23,udp,ssl,S0,Benign,None
0.04458631616842319,175.41369442373627,0.0,4,0,20858,2323,tcp,http,S0,Malicious,Mirai
0.09092734841430775,149.6338853256249,0.0,1,0,59313,23,tcp,http,S0,Malicious,Mirai
9.856004725888383,424.6057292778056,515.8030866367727,5,2,38304,80,tcp,dhcp,SF,Malicious,PartOfAHorizontalPortScan
0.010625823790262121,1499.8734105502465,39.56111559949978,76,0,12599,22,icmp,http,S0,Malicious,DDoS
0.02409592468570611,1329.0660523985619,36.82713036347584,61,2,26729,8080,udp,dns,REJ,Malicious,DDoS
0.008058598628670399,1188.9872320618751,69.2624483362383,79,0,43169,22,tcp,dhcp,SH,Malicious,DDoS
0.003938411351305658,1306.7776592537498,44.58001627911007,19,4,53840,2323,icmp,ssl,REJ,Malicious,DDoS
0.003689787903808129,1248.1146609101615,60.29105326872377,72,4,2234,2323,icmp,dns,RSTO,Malicious,DDoS
2.1262254531447726,2191.880890706746,4028.691333117774,3,5,3885,2323,icmp,dns,RSTR,Benign,None
13.940852572968714,31.777184888753194,948.072428318679,2,1,19759,22,tcp,ssh,RSTO,Malicious,PartOfAHorizontalPortScan
2.2787190104752977,453.6478234940323,24843.701823062725,3,12,37871,443,udp,ssh,REJ,Benign,None
0.12460484702658164,54.56979909837745,137.7136533362277,1,3,42369,8080,udp,ssl,SH,Malicious,PartOfAHorizontalPortScan
0.10902170068730992,1587.113370017209,4676.180693850762,21,39,50372,22,udp,ssl,RSTR,Benign,None
0.006625928002977887,1176.1375202781749,54.61546048756199,99,4,28469,80,icmp,dhcp,REJ,Malicious,DDoS
0.001424148840012499,1270.2088369450855,40.504696906875424,74,0,45690,23,icmp,dhcp,SF,Malicious,DDoS
14.15754343623817,43.8539712336445,619.5290126921848,3,0,63221,22,tcp,dhcp,REJ,Malicious,PartOfAHorizontalPortScan
5.596137727610083,61.7239973297388,420.00384489010196,3,2,12633,22,icmp,http,RSTR,Malicious,C&C
1.5167880297273229,780.8998149584871,2913.409483248985,13,21,19707,8080,icmp,http,SF,Benign,None
0.16739278485184583,162.74117355024111,0.0,4,0,3496,2323,udp,http,S0,Malicious,Mirai
3.4013942677282394,1798.0652206136883,374.000372765449,28,11,7892,443,icmp,ssh,REJ,Benign,None
0.08186386851266492,128.1797108071014,0.0,3,0,17810,8080,tcp,ssl,S0,Malicious,Mirai
1.4724393400531464,1133.5995647982854,2990.5096420224563,11,5,40074,53,tcp,ssh,S0,Benign,None
7.532802514962754,40.049499120981785,574.2617487703847,2,2,21936,2323,tcp,dns,RSTR,Malicious,C&C
0.006095699538929997,1275.8646165988814,32.161470874834095,35,0,65247,443,tcp,ssl,SH,Malicious,DDoS
3.8862228918636985,2296.573049801301,2026.5184329675299,22,60,25913,443,icmp,dns,SF,Benign,None
0.04168132718589304,174.996305757196,0.0,3,0,11457,23,udp,http,S0,Malicious,Mirai
0.18123756245707429,152.53193890940378,0.0,1,0,17327,8080,tcp,-,S0,Malicious,Mirai
10.255389749658796,70.21961609702025,198.04412200250678,4,3,26014,22,icmp,ssl,SH,Malicious,C&C
4.767699857228777,567.3461512084356,448.45453423305986,3,1,18351,22,icmp,dns,REJ,Malicious,C&C
1.283906558333179,365.50348835913604,2535.7732660661623,8,15,4862,80,tcp,dhcp,S0,Benign,None
0.9639805849495331,129.94203438753559,133.77856095665956,6,3,63481,80,udp,dns,RSTR,Malicious,C&C
12.797547942446135,64.62453057709806,72.96595058229026,3,6,56490,22,udp,dhcp,REJ,Malicious,PartOfAHorizontalPortScan
0.07508867601662689,129.24106523789777,0.0,2,0,49767,53,udp,http,S0,Malicious,Mirai
0.40064914175083166,206.16529343293595,181.93699079773742,7,2,61262,80,udp,dhcp,S0,Malicious,PartOfAHorizontalPortScan
4.369484363505332,91.09129778531339,336.7770730655213,4,4,13305,80,icmp,http,REJ,Malicious,PartOfAHorizontalPortScan
3.2919762268010095,151.8534617557653,378.9524667004911,4,1,9550,23,udp,http,RSTR,Malicious,PartOfAHorizontalPortScan
0.010777531925020034,1128.8131672048066,56.01946416929527,39,0,6532,23,tcp,http,RSTR,Malicious,DDoS
0.03927805381427083,2215.008699186578,1190.4437339294861,17,5,13537,2323,icmp,dns,RSTR,Benign,None
0.0014419139984480763,1314.1537660235113,63.567996854914796,29,3,14579,53,icmp,ssh,SF,Malicious,DDoS
0.0019469166924160244,1230.6846239286854,48.26020588723877,94,1,29227,53,tcp,dhcp,RSTO,Malicious,DDoS
0.014905093842731997,1125.0810138561105,41.338416334739286,46,1,14706,8080,icmp,-,REJ,Malicious,DDoS
4.127923656001136,402.34747509740276,342.32847311898604,3,1,62874,443,tcp,dhcp,SH,Malicious,PartOfAHorizontalPortScan
0.14307648870989947,119.88580675241384,0.0,1,0,12616,2323,tcp,dhcp,S0,Malicious,Mirai
0.08144247963254551,1298.131055481833,1633.7706312841087,23,12,53832,23,icmp,-,S0,Benign,None
1.7247578617589454,68.26069362021478,587.7111235684378,4,3,56915,443,udp,dhcp,REJ,Malicious,C&C
1.9526426439550957,150.98162010766654,180.8042296620603,4,2,35570,22,udp,ssl,SF,Malicious,C&C
15.730315554289401,42.5304782521654,61.684702365335106,3,4,52416,443,udp,ssh,RSTO,Malicious,C&C
0.1825465454245432,1880.1151986977754,13322.42592923598,13,6,29204,80,udp,-,RSTR,Benign,None
0.027601486073289057,186.26466414383322,0.0,1,0,63380,80,udp,dhcp,S0,Malicious,Mirai
2.285125306378423,1911.5515150859324,29.63141184361272,6,11,5878,53,udp,dhcp,REJ,Benign,None
0.030520162467140285,124.02560730021251,0.0,1,0,31967,53,icmp,dhcp,S0,Malicious,Mirai
4.921507879612172,217.43244013111524,452.6079287658762,1,9,32572,8080,icmp,ssh,S0,Benign,None
3.257646558755998,500.84822173084564,4461.173691089761,5,5,20182,23,tcp,dhcp,SH,Benign,None
2.223914624802185,332.4595360411331,28.14856527934147,2,2,41981,80,tcp,ssh,RSTR,Malicious,C&C
0.017508853015256655,169.59115231606214,0.0,2,0,9696,80,icmp,ssh,S0,Malicious,Mirai
0.0025157476755899837,1323.3050378565542,32.70973825989198,58,2,45466,23,icmp,dhcp,SH,Malicious,DDoS
2.143876114843406,734.4358382178904,492.2638819274251,4,15,57874,2323,udp,dhcp,S0,Benign,None
5.508611956375898,930.3682149636207,399.07526777623445,5,1,3543,80,icmp,dhcp,SH,Malicious,PartOfAHorizontalPortScan
0.004417392842022756,1337.1984900907114,55.243628037468206,56,1,47828,22,icmp,dhcp,REJ,Malicious,DDoS
12.108821559681607,132.5981994165072,170.51229042654023,5,2,53641,80,udp,dhcp,REJ,Malicious,PartOfAHorizontalPortScan
0.6233996317124304,142.28383398873532,310.79037600314126,3,2,12746,53,tcp,ssl,SH,Malicious,PartOfAHorizontalPortScan
2.1911558514029874,58.77604234334731,263.17129370356616,3,19,44764,53,udp,ssh,SH,Malicious,PartOfAHorizontalPortScan
0.03431734785413697,142.47217990456997,0.0,2,0,44061,8080,tcp,dns,S0,Malicious,Mirai
0.26045930840389486,267.45000299070904,557.0908244457751,17,4,40134,80,udp,dhcp,RSTR,Benign,None
6.771033512438213,268.4535517225654,463.9011832148075,4,3,18293,22,udp,-,REJ,Malicious,PartOfAHorizontalPortScan
0.005125017651787924,1192.0429931900364,57.55493140430379,47,0,25605,22,icmp,ssh,RSTR,Malicious,DDoS
0.16115658811812358,290.9768758134907,27946.214816032276,17,6,65297,80,tcp,-,SF,Benign,None
2.165716493899234,1640.586544513061,3639.629031930957,7,2,41570,443,udp,dhcp,SH,Benign,None
0.003861791949822724,1027.184308332147,54.47569178089026,61,4,52618,8080,icmp,http,RSTR,Malicious,DDoS
0.018959880272802224,127.90790091689253,0.0,3,0,43193,443,udp,dhcp,S0,Malicious,Mirai
1.983769581092714,480.7948370698445,35.7036916375535,4,2,65124,22,tcp,dhcp,RSTR,Malicious,PartOfAHorizontalPortScan
0.061904738987352395,150.05031030969917,0.0,4,0,8113,2323,icmp,http,S0,Malicious,Mirai
2.0030694889063834,1451.5918915275447,1535.2083034879583,5,7,65082,8080,icmp,ssh,SH,Benign,None
0.0013933987094018729,1298.8067257144148,64.35901552047723,35,1,4590,23,icmp,ssh,SF,Malicious,DDoS
1.1994069783712467,1584.439178614022,2714.7090693986115,66,72,6728,443,icmp,-,SH,Benign,None
1.8584661597747756,218.41043692022296,127.22335737217828,3,2,45101,8080,icmp,ssl,REJ,Malicious,PartOfAHorizontalPortScan
2.9588389736619756,92.79995657304755,356.1856807200127,8,4,33735,23,tcp,-,SH,Benign,None
6.916922707286531,66.71995315578205,260.36226970881495,4,4,8700,23,udp,-,RSTR,Malicious,PartOfAHorizontalPortScan
0.7363701432349575,635.5656972656617,2161.3923527935062,11,13,44021,80,tcp,-,RSTR,Benign,None
0.17748902289475074,166.27681141301377,0.0,2,0,43392,23,udp,http,S0,Malicious,Mirai
1.717894740664143,3207.0188571426834,4313.940249957807,5,11,35313,8080,tcp,ssl,SH,Benign,None
0.017696072141598556,2040.2021601060624,3179.4939873520225,10,4,9413,443,tcp,dns,RSTR,Benign,None
0.03612974406960007,123.72745093467891,0.0,3,0,12036,2323,icmp,-,S0,Malicious,Mirai
4.1324604435314765,248.77778340813384,95.90588905029934,4,1,63654,2323,icmp,ssl,SH,Malicious,PartOfAHorizontalPortScan
0.06501731249156222,139.7842936474166,0.0,1,0,8811,443,icmp,ssl,S0,Malicious,Mirai
0.16761326479999641,186.16448018298297,0.0,3,0,50413,22,tcp,dhcp,S0,Malicious,Mirai
0.05721640822981816,177.43220616026656,68.94283332979131,8,2,26812,2323,icmp,dns,SF,Malicious,PartOfAHorizontalPortScan
0.00530924505201636,1128.744102850972,56.918415316310146,50,0,48801,23,udp,dns,S0,Malicious,DDoS
0.14438221428417194,125.84232052813218,0.0,3,0,40650,23,icmp,dns,S0,Malicious,Mirai
0.07841287424852186,117.1715390963459,0.0,3,0,42132,23,tcp,dns,S0,Malicious,Mirai
15.766096944857374,143.15758358534154,356.6199094759746,3,1,47642,53,udp,ssl,RSTO,Malicious,PartOfAHorizontalPortScan
0.08275017861822384,140.62630576691438,0.0,3,0,59922,80,tcp,dhcp,S0,Malicious,Mirai
0.030874359581280122,1183.5303952542074,38.928002021410016,42,1,52519,443,tcp,dhcp,REJ,Malicious,DDoS
0.8428938816744264,1113.5479796865657,15265.730658833785,5,4,47036,2323,udp,http,RSTO,Benign,None
0.07747965683554653,118.16010027414247,0.0,3,0,45428,443,icmp,http,S0,Malicious,Mirai
1.4258134816985724,114.38564759302784,347.31964371114435,3,5,44255,8080,icmp,http,RSTR,Malicious,C&C
0.02270928434662169,1197.1295928299646,49.564039655491854,47,2,20232,80,udp,ssh,RSTO,Malicious,DDoS
0.16028092700964425,1361.5715652264182,893.6875738665925,5,37,18663,80,udp,-,SF,Benign,None
0.755608691619226,2419.5333062482587,51.112863964541766,5,2,13401,80,udp,ssh,SF,Malicious,PartOfAHorizontalPortScan
0.15603659089618116,119.10515849358127,0.0,4,0,44660,80,icmp,dns,S0,Malicious,Mirai
0.003728869699436713,1222.4179484853792,45.48163271796479,31,2,2495,53,udp,http,SH,Malicious,DDoS
0.07145247441917674,131.11280818909205,0.0,3,0,35429,22,icmp,ssl,S0,Malicious,Mirai
3.015460194971567,282.88125877276985,2180.9343204084344,56,25,26569,80,udp,-,SF,Benign,None
0.4404932136149693,433.5886763003437,9256.154159308386,16,18,46037,443,udp,ssl,RSTR,Benign,None
0.1267751894777872,157.2279794253185,0.0,4,0,32504,8080,udp,http,S0,Malicious,Mirai
6.228125433797915,839.2745374483718,2959.075865520276,6,8,65505,8080,udp,http,RSTR,Benign,None
5.503327660220993,168.46989072044542,376.9184662057054,5,5,15778,443,udp,ssh,S0,Malicious,PartOfAHorizontalPortScan
3.9607219303786234,231.57494329277773,232.2946865929222,3,2,27750,53,icmp,ssl,S0,Malicious,PartOfAHorizontalPortScan
1.8337556572629927,203.63284676700934,7473.057471317504,15,6,4607,80,udp,ssh,SF,Benign,None
3.132648312267725,1981.7640361187232,4931.031533457663,6,10,29038,2323,tcp,ssl,RSTR,Benign,None
7.937512839098156,106.25764531871178,172.87507930746375,4,2,48232,53,tcp,dns,RSTR,Malicious,PartOfAHorizontalPortScan
0.8565585622052876,808.446594991465,8640.638940468987,10,5,9867,8080,tcp,http,SF,Benign,None
8.874860910058418,331.6711264806355,382.6833534516898,5,2,22274,53,tcp,ssl,RSTO,Malicious,C&C
1.7544851603293168,196.1926995515384,17.123183788147063,3,2,31008,8080,udp,-,REJ,Malicious,PartOfAHorizontalPortScan
2.4446572142067526,145.52739191008163,4819.7238313229755,7,4,12522,53,udp,-,SH,Benign,None
0.011423862112541023,171.5519290524871,0.0,2,0,35750,80,icmp,ssl,S0,Malicious,Mirai
0.14880010529067986,2699.6571711738616,4482.966829454427,10,162,60733,8080,tcp,ssh,REJ,Benign,None
0.027432184365971172,1082.4140229412756,46.675954507811106,93,4,61979,22,udp,dns,SH,Malicious,DDoS
0.04346174610690968,119.50453186265969,0.0,3,0,21612,2323,udp,http,S0,Malicious,Mirai
1.9170748208700166,724.6003302955568,229.37272236266975,1,16,23490,53,tcp,ssh,S0,Benign,None
0.026073108761718172,143.79478993995332,0.0,1,0,22510,2323,udp,http,S0,Malicious,Mirai
1.4580433166442512,320.0234980605852,142.03687535064896,5,11,12357,23,udp,dns,RSTR,Malicious,C&C
5.446440612954897,58.32386571444512,715.4686295137022,2,1,56039,23,tcp,dns,RSTO,Malicious,C&C
1.1731099631411803,428.108783157008,1151.9000660432432,12,8,52240,53,tcp,-,SH,Benign,None
3.2910937147662507,1054.9049652692802,1222.6972830431935,2,56,13562,53,udp,dns,RSTR,Benign,None
0.007638628619527248,1256.902814598146,48.3269557816602,68,2,9173,2323,udp,ssh,S0,Malicious,DDoS
4.028774199945219,166.7714879915795,669.8789562589284,4,2,37355,53,udp,dns,SF,Malicious,PartOfAHorizontalPortScan
0.003088806185509172,1291.308093949584,54.769034255848844,13,4,28758,53,tcp,ssl,SF,Malicious,DDoS
3.294660626856747,241.9686263095635,82.61462266961667,3,4,5551,53,icmp,dns,RSTO,Malicious,C&C
8.46346356037477,228.52051467382756,33.35637218396263,5,1,5160,443,icmp,-,REJ,Malicious,PartOfAHorizontalPortScan
1.6103632672828005,1438.2526309938132,7292.219712543834,6,24,49433,23,tcp,ssl,REJ,Benign,None
0.022887222601851984,1293.74343834877,47.66156784865868,26,4,57339,8080,icmp,dhcp,RSTR,Malicious,DDoS
0.0019782596844038483,1152.3776119295037,48.22000118790843,50,1,33545,443,udp,dhcp,SH,Malicious,DDoS
2.258004336949637,73.10607848216202,248.81898764602445,2,2,37184,53,icmp,ssh,S0,Malicious,PartOfAHorizontalPortScan
2.283324279872223,2341.9675577021876,1307.6198464272754,4,6,36861,23,icmp,http,RSTR,Benign,None
0.7392800043336349,371.5859736218465,3905.7735742763493,14,20,47041,8080,icmp,-,RSTO,Benign,None
0.004088067853604772,1117.6127235700515,39.06351966639489,61,0,43259,8080,icmp,http,RSTO,Malicious,DDoS
2.0676943739968854,766.6002332739474,1046.2344332077903,14,16,26572,22,icmp,dns,RSTO,Benign,None
0.022626374562700714,125.70886715354618,0.0,2,0,32977,53,icmp,-,S0,Malicious,Mirai
4.557801701639442,150.80990665223558,107.66256438018328,7,4,12993,80,udp,ssh,REJ,Malicious,PartOfAHorizontalPortScan
0.5081847631665801,1332.6786593466027,1744.518209711076,32,13,17383,2323,udp,dhcp,S0,Benign,None
4.592401787969914,254.62470942825988,88.8301272422896,2,2,2659,53,icmp,-,S0,Malicious,C&C
3.713737386221676,690.8623011904966,125.75621993097239,10,199,31396,53,tcp,dhcp,RSTO,Benign,None
2.0197805520429677,587.1832003415897,4610.048128053227,8,4,16289,80,icmp,ssh,S0,Benign,None
3.482030473278196,1858.5187497836048,3113.1648124438852,25,4,2944,22,icmp,dhcp,S0,Benign,None
0.017082282355491127,178.68691603271424,0.0,1,0,44489,53,icmp,-,S0,Malicious,Mirai
4.033681652394632,71.49625988417897,496.2202365610918,2,1,51282,53,udp,ssl,RSTR,Malicious,PartOfAHorizontalPortScan
0.047881279417146025,145.8997102781628,0.0,3,0,28141,23,tcp,ssh,S0,Malicious,Mirai
0.015840848673999892,159.71800012374086,0.0,1,0,4715,8080,tcp,http,S0,Malicious,Mirai
0.09105494890101068,134.8602735162382,0.0,2,0,22860,53,icmp,dns,S0,Malicious,Mirai
2.1804971363174483,308.362416586139,82.04562839005963,2,2,4929,53,udp,-,SH,Malicious,PartOfAHorizontalPortScan
0.2086235335677195,702.9603719133645,4617.417063646311,6,19,32410,2323,udp,http,S0,Benign,None
2.1188583047316762,274.83129841520804,245.84889045093962,2,13,7881,23,icmp,http,SH,Benign,None
0.8970474446336452,296.262832766429,50.62898752428538,2,1,37190,2323,icmp,-,S0,Malicious,PartOfAHorizontalPortScan
0.003476094207036561,1135.8077436452622,38.43871009926025,16,0,11886,2323,tcp,dhcp,RSTR,Malicious,DDoS
0.0005842536401836179,1205.8581581337946,67.12209256104171,22,0,42334,8080,icmp,dhcp,S0,Malicious,DDoS
0.20927505639376776,142.50675381855646,0.0,4,0,30551,53,icmp,ssh,S0,Malicious,Mirai
0.642396091503121,457.05617597466477,174.3975602001344,3,5,14009,2323,udp,http,S0,Malicious,PartOfAHorizontalPortScan
0.9662735740012701,1803.7130681155177,34006.738553367526,15,58,55992,2323,icmp,ssl,S0,Benign,None
3.665296280501322,172.74144670707526,32.16961324536452,6,12,24416,2323,tcp,-,RSTO,Malicious,PartOfAHorizontalPortScan
5.702392136807617,118.71346429151576,96.08316045101267,2,4,40265,22,udp,-,RSTR,Malicious,PartOfAHorizontalPortScan
0.0024226387600569145,929.1081268532685,49.73101432806908,45,4,46860,2323,icmp,http,S0,Malicious,DDoS
5.2900267881483165,174.51908342251338,184.60647971150425,3,1,10318,80,icmp,http,REJ,Malicious,PartOfAHorizontalPortScan
0.0015700165261263767,1135.3560636780458,55.94203731486044,25,3,6345,80,udp,dns,S0,Malicious,DDoS
0.022848983663135126,1134.2300282821902,42.99813309205377,35,0,27886,53,icmp,ssh,RSTO,Malicious,DDoS
0.8132751258975242,4095.1125603749283,10771.08231938299,7,15,3738,53,tcp,http,RSTR,Benign,None
7.038862739514955,174.8234960923999,89.21994023950616,3,3,37997,8080,tcp,ssl,RSTR,Malicious,PartOfAHorizontalPortScan
4.671634313401582,3019.7645896986724,998.198320041366,3,5,57028,22,tcp,ssl,RSTR,Benign,None
1.5242147770630812,1517.6534322211774,3077.892341082704,11,7,23954,8080,udp,dns,RSTR,Benign,None
0.7467014800364191,1534.1713893433655,2248.331642063104,17,5,25101,22,tcp,dhcp,SF,Benign,None
0.005802230553899708,1388.9049692779681,56.06120916907667,88,4,32748,443,udp,ssl,SF,Malicious,DDoS
5.829016061088527,878.1141459424275,933.380130978883,5,5,49722,23,icmp,-,SF,Benign,None
0.08774888183805087,164.72205746595333,0.0,1,0,52973,8080,icmp,ssh,S0,Malicious,Mirai
2.285992190924675,580.4513562174274,2956.4867000846752,10,52,10222,23,icmp,ssh,RSTR,Benign,None
2.5063862929938443,2575.8231245288944,2811.4512430903064,3,16,39837,53,udp,-,SH,Benign,None
0.8951339192901363,157.36720080611238,266.59930855188185,19,7,30118,80,icmp,ssh,RSTR,Benign,None
0.7740394940369596,3055.6652682913696,784.9651950499506,7,8,41229,2323,udp,dhcp,S0,Benign,None
1.7119838135453298,10011.302192158588,285.0637141039347,5,22,50535,8080,udp,ssl,SH,Benign,None
0.14532365514916842,169.55816538546222,0.0,3,0,62097,8080,tcp,dns,S0,Malicious,Mirai
0.8818562875195032,598.1227036515199,709.7841537448907,14,21,9038,23,icmp,-,RSTR,Benign,None
29.807535880924245,430.34752802915307,408.0412438611823,4,4,30960,80,tcp,dhcp,S0,Malicious,C&C
3.851062654905273,120.86598323350397,210.86398011917782,4,2,48826,2323,icmp,dns,RSTO,Malicious,PartOfAHorizontalPortScan
0.012203003779133463,1078.0120037888403,26.098886640902247,75,0,11736,8080,udp,ssl,REJ,Malicious,DDoS
0.00887481931276716,1116.9102169701723,46.99850997545136,50,1,56068,22,udp,ssh,RSTO,Malicious,DDoS
3.8642943993956993,556.038911635162,15195.054805182172,20,37,42718,53,udp,dns,RSTO,Benign,None
4.518805539393784,55.330468784420454,139.92829946763783,3,2,42636,8080,tcp,ssl,S0,Malicious,PartOfAHorizontalPortScan
9.52860840963855e-05,1341.2069430809279,61.94046983662575,73,2,23436,2323,icmp,dns,RSTR,Malicious,DDoS
4.719249993482305,217.33534412378276,244.47098161969473,3,1,8398,53,udp,http,RSTR,Malicious,PartOfAHorizontalPortScan
6.79722921449005,152.07103051668375,480.1741963942745,5,2,27481,23,tcp,dns,RSTO,Malicious,C&C
2.582981788448628,445.9368677558729,125.9968936037138,4,1,41930,53,udp,ssh,SF,Malicious,PartOfAHorizontalPortScan
1.3440600794562088,227.10412878526725,27.906540863962302,3,3,5261,2323,udp,http,RSTO,Malicious,PartOfAHorizontalPortScan
0.033816918964917994,949.8077158757683,528.3073628838046,5,2,18055,443,tcp,-,RSTR,Malicious,PartOfAHorizontalPortScan
0.004849383632847992,137.4347305383446,0.0,4,0,10719,22,icmp,ssl,S0,Malicious,Mirai
6.706545649149042,60.29420843268227,75.1480363664629,2,3,54167,2323,udp,ssh,SH,Malicious,PartOfAHorizontalPortScan
0.8497862708758531,4581.625697216995,1013.5390618382932,12,5,50018,22,icmp,ssl,SF,Benign,None
1.2990960530046278,641.5185939372259,362.06090071476035,2,3,6191,2323,icmp,dhcp,RSTO,Malicious,C&C
2.4587544606064067,223.68397758963673,50.353711950131995,8,3,2966,22,tcp,dns,S0,Malicious,PartOfAHorizontalPortScan
0.16711243062165967,138.00898696259262,0.0,4,0,48793,8080,icmp,ssl,S0,Malicious,Mirai
0.029039267635605128,1330.9998788233324,57.95165777536558,60,1,36575,23,tcp,http,REJ,Malicious,DDoS
0.9271469861954078,4162.001283908447,2621.713029369136,2,9,45753,22,udp,-,REJ,Benign,None
10.54167158492907,165.15299822205642,450.08331970200175,3,2,26584,80,icmp,dns,SF,Malicious,PartOfAHorizontalPortScan
0.1744381535182603,677.2405782383514,735.0347864175179,14,6,15606,8080,icmp,dhcp,SF,Benign,None
6.198951591317897,729.2876147425949,12314.111643616494,22,25,12207,53,tcp,http,RSTO,Benign,None
12.153229051041507,211.22593514820932,22.843119836314244,4,1,27750,23,tcp,dhcp,REJ,Malicious,PartOfAHorizontalPortScan
1.5272540271164554,424.63262368726447,485.29429630256266,3,2,51027,53,icmp,dns,SH,Malicious,PartOfAHorizontalPortScan
1.7639619396345865,491.3822436035969,2245.646075198196,18,12,63077,8080,tcp,http,REJ,Benign,None
8.591495904533891,162.08851069494293,431.3322179978259,2,2,47245,443,udp,dns,SF,Malicious,PartOfAHorizontalPortScan
0.003606967393550387,1310.872510139204,53.9696294642248,85,1,11557,2323,tcp,dhcp,RSTO,Malicious,DDoS
1.3425406689282062,219.7993487651529,29.542554091282256,2,2,1940,22,udp,ssh,SF,Malicious,C&C
0.0021927517290552478,169.01844237042332,0.0,4,0,15023,80,udp,dns,S0,Malicious,Mirai
0.0008560751231945346,1082.0086037506696,58.68030856910724,53,2,5729,80,tcp,-,S0,Malicious,DDoS
0.20891429283058893,152.60756702070174,0.0,4,0,26114,80,tcp,dhcp,S0,Malicious,Mirai
0.06921212539840753,151.05160706804796,0.0,2,0,33615,80,icmp,dhcp,S0,Malicious,Mirai
0.013587158051731064,1086.6280835776072,39.63863080624007,67,3,14373,80,udp,http,S0,Malicious,DDoS
0.03558569187939122,142.8389005952822,0.0,1,0,60475,443,tcp,-,S0,Malicious,Mirai
4.602357135895003,38.54145492802006,145.57937067084407,8,2,1940,8080,icmp,dns,SF,Malicious,PartOfAHorizontalPortScan
0.03316862114540535,1245.4068206073728,55.081906548516805,16,1,11916,23,icmp,ssh,RSTR,Malicious,DDoS
1.552788274899578,171.13483576791484,271.59290699165007,2,2,6668,80,tcp,dhcp,SF,Malicious,PartOfAHorizontalPortScan
0.006259420233757702,1200.9526377219802,41.83616446960846,96,1,42935,443,icmp,dns,RSTO,Malicious,DDoS
0.5871677251134094,528.9617127639452,14340.192962696075,6,31,25899,80,udp,http,SF,Benign,None
2.2065254594560395,21.279946853645672,70.78986227400068,3,3,7909,23,udp,-,SF,Malicious,C&C
2.710803903562038,62.62730849875626,74.42734528669718,2,4,13631,443,udp,dns,RSTO,Malicious,C&C
0.00033512518598964136,1226.6175805704552,64.16583823344692,88,2,6554,53,tcp,http,SH,Malicious,DDoS
0.9091655216740689,1485.3301877850247,163.7796939609363,14,4,41368,2323,icmp,dhcp,RSTR,Benign,None
21.51682111152858,715.7927215424389,306.44346179332985,3,1,39149,23,tcp,ssh,RSTO,Malicious,PartOfAHorizontalPortScan
0.019324959072983525,1340.4527024302754,56.02621232880945,11,0,39970,80,icmp,dhcp,S0,Malicious,DDoS
3.775986764986172,149.59805339258264,277.44353409307683,5,1,16828,22,icmp,ssl,RSTR,Malicious,C&C
7.543514668683752,920.5445273301971,149.2889085271721,5,1,22808,22,udp,http,REJ,Malicious,PartOfAHorizontalPortScan
6.623179262807943,259.19547437454776,224.87239263331855,5,3,60029,53,icmp,dns,RSTO,Malicious,C&C
0.7928232424590214,340.89752647238373,136.9249005861213,4,2,31238,22,icmp,ssh,SH,Malicious,C&C
5.711470191084805,615.5764418020735,902.8565003783516,9,21,37467,23,icmp,-,RSTR,Benign,None
0.11972845671415622,123.66542521895052,0.0,2,0,22174,22,udp,dns,S0,Malicious,Mirai
0.773942397819565,5947.28745175669,3383.425149701892,3,10,60458,8080,tcp,-,RSTO,Benign,None
3.1687821737841286,73.58109171065293,90.23393210135752,4,1,6532,443,tcp,ssl,SF,Malicious,PartOfAHorizontalPortScan
6.463613715101475,67.45186875634786,1184.1690516119975,3,1,36220,23,tcp,dns,REJ,Malicious,PartOfAHorizontalPortScan
0.022561635984711934,1273.6931092013479,43.51144262416131,73,4,18643,53,icmp,dhcp,RSTO,Malicious,DDoS
1.375137548374298,992.583266114341,5408.57351228915,3,22,18931,443,udp,ssl,RSTO,Benign,None
0.7881423467795108,143.25081976112548,82.7586529217489,4,2,9626,443,tcp,http,RSTR,Malicious,PartOfAHorizontalPortScan
2.6963393459268876,58.814089111279415,819.0141495143988,9,4,26688,80,udp,-,S0,Malicious,PartOfAHorizontalPortScan
7.052589876698979,91.25085195815129,48.62783190513118,2,1,42979,443,icmp,ssh,SF,Malicious,C&C
0.09042417529923562,179.61540408280317,0.0,1,0,32034,80,tcp,ssl,S0,Malicious,Mirai
0.28919081093187693,2354.74174077435,805.9096947616441,21,11,4876,2323,icmp,-,RSTR,Benign,None
0.11122596928900692,169.58831492507227,0.0,2,0,50612,443,tcp,-,S0,Malicious,Mirai
8.582145194509616,265.253107743496,85.99779412793984,5,2,62439,22,icmp,ssh,RSTO,Malicious,PartOfAHorizontalPortScan
1.9045660855798534,300.987151274346,57.88732021130327,6,0,24737,2323,icmp,dhcp,REJ,Malicious,C&C
0.004009188922776171,1222.2219113398453,53.868418195334684,54,3,35618,2323,udp,ssl,RSTO,Malicious,DDoS
0.002830647675678863,1267.3261361553707,60.17763153473349,16,4,45400,23,icmp,http,RSTO,Malicious,DDoS
6.664671677473707,371.3664983403756,41.54658194359216,3,1,24242,80,tcp,http,RSTO,Malicious,PartOfAHorizontalPortScan
0.8531488424190208,193.8355915318731,888.8571054398252,2,2,60156,22,icmp,-,RSTR,Malicious,C&C
0.003942673996674689,1040.5587423558716,44.04474327408142,77,1,38309,8080,tcp,-,SH,Malicious,DDoS
1.8866388557502152,132.39492391659564,14.923214156638196,5,6,20970,443,tcp,dhcp,SH,Malicious,C&C
0.2212373999844926,133.95973094087174,0.0,4,0,53991,443,udp,http,S0,Malicious,Mirai
0.007237394334482983,160.83643807907544,0.0,1,0,37419,2323,tcp,dns,S0,Malicious,Mirai
0.10556579869053616,148.13821442529223,0.0,2,0,5791,80,icmp,http,S0,Malicious,Mirai
0.005029467578472552,1415.9414371309313,57.224080067382694,41,0,14696,23,tcp,dhcp,SF,Malicious,DDoS
0.27833330652419214,1490.8542792568946,4500.830467982649,7,8,10473,8080,tcp,dns,RSTO,Benign,None
2.988069825926922,121.44940967593413,44.89630821636872,2,1,14142,80,icmp,http,REJ,Malicious,PartOfAHorizontalPortScan
3.4396870296882516,19755.98672749827,1341.1757169852815,20,9,26136,53,tcp,http,S0,Benign,None
1.5900145670641603,1434.3425929835314,923.9988908549228,9,2,62691,80,tcp,dns,REJ,Benign,None
0.37001722500904044,123.03874721812122,264.1843025016806,52,86,42248,23,udp,dhcp,REJ,Benign,None
1.6889185476525648,2658.436022498971,2242.0298989752328,13,2,19623,443,udp,-,RSTO,Benign,None
0.020747644982206923,1089.4688885488629,45.25144868776925,58,2,35615,80,icmp,dhcp,RSTO,Malicious,DDoS
5.306089366628392,1718.2608346630877,93.53789508268744,4,0,51488,443,udp,http,RSTO,Malicious,C&C
3.428561550904081,3737.220746027443,24444.156438586622,15,24,13743,22,tcp,-,SH,Benign,None
0.025792189862550198,222.5090518039604,1540.9211053537347,12,2,8954,53,tcp,ssh,REJ,Benign,None
5.329754181766736,30.54692867711671,248.21912342507918,4,6,56051,23,udp,-,REJ,Malicious,C&C
27.68525554415382,120.12579074788337,168.34022547867065,4,2,23619,53,icmp,ssl,RSTR,Malicious,C&C
22.742196775553328,497.3356695185107,160.78337506668197,6,5,51906,23,tcp,ssh,REJ,Malicious,C&C
0.1828112725460571,128.9458565459432,0.0,2,0,35754,80,udp,ssh,S0,Malicious,Mirai
2.122714213399279,294.31910785197334,784.1392692463635,5,4,63877,8080,icmp,dns,SF,Malicious,PartOfAHorizontalPortScan
1.8428948134184142,127.30046379417662,469.0471397862718,3,1,44657,53,tcp,ssh,SH,Malicious,PartOfAHorizontalPortScan
0.0010891678875720266,1278.3713745692687,44.19534469018579,15,2,19891,8080,udp,dhcp,SH,Malicious,DDoS
21.645293311128107,180.01636644538235,20.979750442480878,6,3,5107,22,icmp,dhcp,RSTR,Malicious,PartOfAHorizontalPortScan
0.033096795708520074,1165.5002420365938,60.741428568656694,55,0,50991,443,tcp,dns,REJ,Malicious,DDoS
1.4890151741674005,36.409733402327426,108.23388070665546,3,2,16853,53,icmp,ssh,RSTR,Malicious,C&C
2.0900484112405318,201.80967117270262,55.59297060050965,2,9,45066,23,icmp,dhcp,SH,Malicious,PartOfAHorizontalPortScan
6.125099156502053,984.2055361735662,187.48051953491628,18,10,25556,53,icmp,ssh,SH,Benign,None
7.415053187621005,246.52914485189845,121.63645809335085,5,2,9928,53,tcp,ssl,SH,Malicious,C&C
0.15957356545714532,137.8401425691699,0.0,4,0,3784,8080,udp,http,S0,Malicious,Mirai
0.9854551053454932,470.65107989966157,2415.2009423919194,4,27,34162,80,udp,ssl,REJ,Benign,None
0.18654904468009456,211.18551580827037,331.29537771628947,2,5,62213,8080,tcp,ssl,RSTO,Benign,None
3.360709338053598,146.88486118929123,231.40706003538122,4,3,53826,443,tcp,ssh,SH,Malicious,PartOfAHorizontalPortScan
0.07751839182778232,3274.4813468989396,3666.2094196976254,3,87,24960,22,tcp,-,RSTO,Benign,None
2.762523763506344,776.4169758712799,1390.0258997530561,15,24,38448,53,tcp,dns,SH,Benign,None
17.721147039105112,75.29241373076609,37.17231991842434,3,8,6499,443,tcp,-,RSTR,Malicious,C&C
0.3049041745305262,154.0556072560999,0.0,2,0,1883,23,icmp,http,S0,Malicious,Mirai
3.3878921681676353,930.6681312332432,1556.22247135133,3,59,16994,2323,tcp,-,S0,Benign,None
4.822567455449955e-06,1089.7781287361906,43.30423504287344,29,3,57615,443,tcp,dhcp,SH,Malicious,DDoS
0.05587779927426341,130.7164746203753,0.0,1,0,32784,2323,udp,ssl,S0,Malicious,Mirai
0.3976925816602149,165.56301996931907,0.0,1,0,30137,8080,udp,ssh,S0,Malicious,Mirai
0.006115671519466105,145.35716293543769,0.0,3,0,43241,80,icmp,ssl,S0,Malicious,Mirai
6.052987701973035,99.62815230824246,365.91158744462393,4,3,37280,443,tcp,-,RSTO,Malicious,PartOfAHorizontalPortScan
0.11239407758128883,162.67510293496926,0.0,2,0,1433,8080,icmp,http,S0,Malicious,Mirai
4.822770766574005,24.59675018403446,32.728474576831374,3,3,61952,8080,icmp,dns,RSTO,Malicious,C&C
2.207780608271443,1417.3068141382266,6655.965620497142,4,5,38482,2323,udp,dhcp,SF,Benign,None
0.03296963783263046,1069.6538442770577,63.17332247891845,21,3,46233,2323,tcp,http,SH,Malicious,DDoS
30.112679000114298,305.8185739453958,54.64239848459513,3,1,31084,22,icmp,ssl,SF,Malicious,C&C
0.45033019049820366,259.03551969964576,45.51861362100691,2,2,28526,22,icmp,ssh,S0,Malicious,PartOfAHorizontalPortScan
0.7344451899261761,2825.151548250819,10851.044851677905,37,3,1843,80,udp,ssh,SH,Benign,None
1.5111445124591876,178.77312244258962,67793.05162792513,5,7,48383,22,icmp,http,SF,Benign,None
0.3974913897390759,3228.813574171032,401.8456737154817,54,26,3958,443,icmp,http,S0,Benign,None
5.558815853040883,41.57009780438871,86.4581835832341,14,1,36634,80,udp,ssl,S0,Malicious,PartOfAHorizontalPortScan
0.008124163076692791,156.25049631646522,0.0,3,0,9167,80,icmp,ssl,S0,Malicious,Mirai
3.7731225009152967,3306.010654895994,2468.7422011240233,28,5,33529,53,icmp,ssl,S0,Benign,None
4.777361663884383,2926.558190712315,5462.924939251656,3,1,29521,443,udp,ssl,S0,Benign,None
10.211807743771242,381.0902940477889,138.4994611646588,4,2,61095,53,udp,dhcp,SF,Malicious,C&C
4.26335762372623,812.9527800194245,12701.281515475435,47,13,29377,80,udp,http,RSTO,Benign,None
9.934385602389199,70.41440001099814,326.1880972430139,4,1,15089,443,tcp,ssl,SH,Malicious,C&C
5.751828554898082,468.0258996668879,216.47276741368057,5,5,25141,22,tcp,ssh,RSTR,Malicious,PartOfAHorizontalPortScan
2.101374725002942,1354.97479738232,1576.659353472187,20,6,13209,23,tcp,ssl,SF,Benign,None
0.07723332363175023,172.77229398345568,0.0,1,0,8700,80,tcp,dns,S0,Malicious,Mirai
1.0525451932805892,307.2602126349023,10815.754941724786,19,17,61138,23,udp,dhcp,SH,Benign,None
5.068366459046882,856.4242616916115,543.0669832544314,3,1,29847,22,udp,ssh,RSTO,Malicious,C&C
4.939104051016864,124.57430529949498,198.40835337672493,2,1,55348,80,udp,dns,SF,Malicious,C&C
3.2670452552161877,3577.7041201537386,7412.839705583922,2,21,55169,8080,icmp,ssl,SH,Benign,None
0.7607722113409563,1180.9688046750289,1530.8070539550772,25,8,10938,23,icmp,dhcp,SH,Benign,None
6.259747881388892,56.482001875947816,119.69616880230161,3,3,13954,2323,tcp,-,RSTO,Malicious,C&C
0.2555206974570598,160.61973658724006,0.0,3,0,5312,80,udp,dhcp,S0,Malicious,Mirai
0.04359398770994093,214.30748392425664,0.0,3,0,25102,23,udp,ssl,S0,Malicious,Mirai
1.6191879111403351,118.10364003089602,3714.4633631184593,4,17,31357,443,udp,ssh,S0,Benign,None
1.2316159816910246,844.178362898447,3833.763341537433,8,7,63966,53,udp,-,REJ,Benign,None
1.9947742468265834,175.63823621700263,392.06764468543287,10,9,1193,80,icmp,ssl,SH,Benign,None
0.9649337423472232,537.2392408913611,4302.732322000113,10,12,6012,53,tcp,-,RSTO,Benign,None
0.013618527732273686,1245.2758081186314,59.376772648709945,56,2,16386,8080,udp,dns,RSTR,Malicious,DDoS
9.720450411096497,138.8380953227328,319.03312066722754,6,1,45700,23,icmp,http,SH,Malicious,PartOfAHorizontalPortScan
0.00018580107453426326,1271.6736753254957,54.540877083637376,58,4,3721,443,icmp,-,S0,Malicious,DDoS
1.1407417767299317,6.639747799744458,94.44260797060439,6,3,21491,80,udp,-,RSTO,Malicious,C&C
3.7343408830185503,49.90793787889794,139.7113653203471,3,1,15762,2323,udp,ssl,RSTR,Malicious,PartOfAHorizontalPortScan
5.980556589654472,142.7059452331471,51.897821005239344,4,5,49284,443,tcp,dhcp,RSTR,Malicious,PartOfAHorizontalPortScan
2.4472409488708458,1946.5655589155651,103.20168181700043,3,21,23639,8080,icmp,dhcp,SF,Benign,None
0.022469285208828963,1163.547813322602,41.11413043637987,27,4,8016,53,icmp,ssl,REJ,Malicious,DDoS
2.9429550696087716,677.2140527977541,1287.7538792880437,78,4,41024,8080,tcp,ssl,SF,Benign,None
1.4571974932052307,3155.941864586261,22183.487481186523,7,32,33888,53,tcp,ssh,S0,Benign,None
0.0039094673148732505,1242.7702735258576,40.871935287623344,66,1,8841,8080,icmp,-,S0,Malicious,DDoS
0.00029896179340432763,1069.0216734321464,46.833970116787576,85,3,1227,2323,icmp,ssl,RSTR,Malicious,DDoS
0.021401897154471553,1122.425380129248,35.412946656933386,57,3,30391,80,tcp,-,RSTR,Malicious,DDoS
0.046983228102143275,564.1029609575912,551.3319961533515,3,3,23702,23,icmp,-,SF,Malicious,C&C
0.8130373717581373,27.506783232435826,552.1284985703949,4,2,1681,8080,udp,dhcp,RSTR,Malicious,PartOfAHorizontalPortScan
1.702592549989027,272.92426311945064,430.52216218391936,6,84,15604,80,tcp,ssl,REJ,Benign,None
0.3016190407885382,138.43928650050836,0.0,2,0,38462,2323,tcp,dns,S0,Malicious,Mirai
0.6082263761439953,1982.9179048755811,171.45043203211367,34,16,11962,2323,tcp,http,S0,Benign,None
5.897918442029089,74.71804239611345,50.9816396240192,5,3,16407,443,udp,http,REJ,Malicious,PartOfAHorizontalPortScan
3.3779675847825956,610.261881816801,587.3411665383487,9,9,34782,23,udp,-,S0,Benign,None
0.14063954536622159,131.66585581170295,20.247198991748622,3,2,8362,80,udp,dhcp,SH,Malicious,PartOfAHorizontalPortScan
5.15574662921285,877.7709676530962,12336.173491244213,11,5,53639,22,udp,-,RSTO,Benign,None
7.748473551733754,2052.662109070161,8139.486958991185,21,6,34369,443,tcp,ssh,SF,Benign,None
0.080538339396325,155.97817354581423,0.0,1,0,27302,23,tcp,dns,S0,Malicious,Mirai
6.366596470672522,194.97051513841754,1533.8265325550308,5,1,53194,22,udp,-,RSTR,Malicious,PartOfAHorizontalPortScan
0.4695077006752628,693.4625456513734,507.35755725751125,2,2,11299,22,tcp,dns,SH,Benign,None
0.041030870059031464,158.1166750328444,0.0,2,0,32167,80,tcp,dns,S0,Malicious,Mirai
1.748848334692153,5768.5497646800195,320.3119489280007,1,5,58217,22,tcp,dns,RSTR,Benign,None
0.0870069809617907,401.1960535806936,2790.0812283409764,3,23,24433,80,tcp,dns,S0,Benign,None
0.008901445742473877,1142.650684372714,41.548018859144435,89,4,35675,22,icmp,ssl,S0,Malicious,DDoS
2.2201957917175212,4541.438832195303,10584.137178952284,29,13,45658,53,udp,dns,SF,Benign,None
0.0027182632436425565,1296.7611366122198,54.42406763825703,68,0,26610,22,icmp,dhcp,SH,Malicious,DDoS
1.079754706513661,125.97080551604034,115.0774075988963,3,2,21416,23,icmp,-,S0,Malicious,PartOfAHorizontalPortScan
0.12226504712959524,464.52202192684587,3315.5789935418316,15,5,27720,443,tcp,dhcp,SF,Benign,None
0.036237387942364294,161.78172149949197,0.0,4,0,14856,443,udp,ssh,S0,Malicious,Mirai
0.1979988878299166,133.43865613548027,0.0,3,0,48449,8080,icmp,dns,S0,Malicious,Mirai
2.6471575269148917,206.58873614696796,120.71615293401852,5,6,47554,53,icmp,http,SF,Malicious,C&C
0.0090824327847216,1126.2176550558263,37.903196798736396,71,2,60404,8080,tcp,dhcp,REJ,Malicious,DDoS
0.6172733807585163,119.99465813204462,84.21174447446161,2,2,19754,2323,udp,-,SH,Malicious,C&C
5.303884795320805,108.6678286557232,76.09595968276606,3,1,13833,53,tcp,-,RSTR,Malicious,C&C
0.12600951889315878,171.03983297985675,0.0,2,0,16608,80,udp,ssh,S0,Malicious,Mirai
15.184775951090527,1804.9233045118767,152.8696238968674,6,3,59303,8080,tcp,-,S0,Malicious,PartOfAHorizontalPortScan
0.7306666518461246,2093.7418017762334,4782.009188955734,5,79,25633,22,tcp,dns,RSTO,Benign,None
0.017267920185034157,1369.856792985096,47.50442801931749,92,4,25456,53,tcp,http,SF,Malicious,DDoS
0.003727247563738759,1262.5597720373487,44.185860660694104,19,0,28578,53,icmp,http,SH,Malicious,DDoS
0.012558264610909507,1374.8817058029058,54.26450103679949,63,0,21185,8080,tcp,http,SH,Malicious,DDoS
3.729704863937486,83.5334388358938,64.42227430219587,6,2,55360,53,tcp,ssl,SF,Malicious,C&C
1.5014169668103656,1016.3943966309278,2000.9780528321278,15,4,57716,23,tcp,dns,SF,Benign,None
0.17353985168156505,137.17493083157927,0.0,3,0,3823,80,udp,http,S0,Malicious,Mirai
0.005362967813331557,1125.5857695468374,35.691414160676175,16,3,53996,8080,udp,dns,REJ,Malicious,DDoS
1.0857679209466922,293.84802484696047,73.51447622393077,1,3,19494,2323,icmp,ssl,RSTO,Malicious,C&C
0.027398573954273805,1200.4227783558667,40.69359913025289,71,0,6083,53,tcp,http,SH,Malicious,DDoS
9.280371697064094,432.76309849582316,818.7426614672386,4,4,7184,80,udp,http,SF,Malicious,PartOfAHorizontalPortScan
0.006906891072093579,1114.864229964513,57.30157164031442,37,1,22801,2323,icmp,dns,SH,Malicious,DDoS
0.010879397928408497,1280.954575950078,56.260035517187724,57,3,31115,53,icmp,dhcp,SH,Malicious,DDoS
0.04548764157652312,147.96794034944725,0.0,3,0,44653,53,icmp,ssh,S0,Malicious,Mirai
1.195237850590737,387.42214084534214,2141.1582892084043,11,5,32456,53,icmp,http,S0,Benign,None
0.005320894751982538,195.3029707252335,0.0,4,0,49405,80,icmp,ssl,S0,Malicious,Mirai
0.8959545943498542,1987.710733999675,31467.189321777714,7,29,21297,2323,tcp,http,SF,Benign,None
12.857025948237842,1377.2164378521272,1980.4983873001747,20,16,53225,23,udp,http,S0,Benign,None
4.806740559160639,127.57892444156747,43.030596056719965,2,1,25371,80,udp,ssh,RSTR,Malicious,PartOfAHorizontalPortScan
3.5033697878229626,131.76748126875057,265.35665104863523,3,2,58971,8080,icmp,ssl,SF,Malicious,C&C
7.418709969243274,224.48514010165962,60.209710211104316,5,3,28222,23,tcp,dns,SH,Malicious,PartOfAHorizontalPortScan
3.7734583399047152,7258.864164456267,8759.070459939096,4,32,58674,8080,udp,dhcp,SH,Benign,None
9.306900298519423,196.9194035754066,147.38766943100393,2,3,43818,443,udp,http,S0,Malicious,PartOfAHorizontalPortScan
0.27769911457243057,156.85842896688675,0.0,2,0,14225,8080,udp,http,S0,Malicious,Mirai
0.001230457071620065,137.14384399524184,0.0,1,0,63497,2323,udp,ssl,S0,Malicious,Mirai
2.0208482253335855,1994.1010255202134,3807.0914901276215,3,10,42439,2323,udp,ssh,SF,Benign,None
0.025499016200664953,1100.710908856792,59.11389651114875,40,1,31768,22,icmp,dns,RSTO,Malicious,DDoS
0.03056612429883149,1275.78339180986,43.2373848938659,14,2,9935,23,udp,ssh,S0,Malicious,DDoS
0.943971887741496,1394.1634381973615,1032.721619003601,6,8,55148,443,tcp,dns,SF,Benign,None
0.08782727246226879,361.62726528947906,24867.84814765888,3,23,32725,53,tcp,ssl,SF,Benign,None
1.798393587755131,627.2757438858946,28275.97593138573,4,36,24089,80,icmp,ssh,SF,Benign,None
3.4888137091542064,271.8307609293852,21.479235514265273,4,1,37399,80,tcp,dhcp,RSTO,Malicious,PartOfAHorizontalPortScan
1.7502149365027746,163.59305870107804,243.54227840249794,3,4,41402,443,icmp,dns,SF,Malicious,C&C
3.1340497103469014,2063.627093869663,140072.66965452625,18,2,63492,22,tcp,http,SH,Benign,None
5.0022817041942576,3768.5099874738316,7787.1495738111,4,4,21311,8080,tcp,ssl,SF,Benign,None
0.03255461800057917,121.31854673329528,0.0,1,0,41104,2323,icmp,ssh,S0,Malicious,Mirai
0.24811305126884486,149.98753646200257,0.0,1,0,24677,443,tcp,dns,S0,Malicious,Mirai
1.4345114027629833,271.15393970903585,1891.3080941276621,3,47,19907,2323,icmp,ssl,RSTO,Benign,None
5.517437757056829,2056.4100098180184,350.36040187617857,7,5,4634,22,udp,dns,REJ,Benign,None
6.423066123279961,93.35152068729124,369.8595791231632,2,4,7123,80,icmp,-,RSTO,Malicious,PartOfAHorizontalPortScan
0.07672371105087043,682.0187197813601,2194.039850494385,5,10,40157,80,icmp,-,RSTR,Benign,None
0.8316646894696348,1602.0510701956441,79449.11938286113,45,39,56126,53,tcp,dhcp,RSTO,Benign,None
1.2931383952132414,3372.1389697009836,2873.081898732664,18,6,11305,53,udp,ssl,S0,Benign,None
0.11482179032270322,153.14049634469578,0.0,2,0,41571,53,icmp,dhcp,S0,Malicious,Mirai
0.36409859049138077,191.58987723087958,186.65590490330663,3,1,10024,23,tcp,ssl,RSTO,Malicious,PartOfAHorizontalPortScan
1.6213888732383888,1332.6522271374988,6131.243080482892,12,68,1767,22,udp,ssh,RSTR,Benign,None
8.189443589921103,64.71072252231788,38.246962774143086,3,1,41921,53,tcp,dns,REJ,Malicious,C&C
0.008646638763601696,1266.863583518759,45.37736216938194,21,0,63845,22,udp,ssl,S0,Malicious,DDoS
1.5593496688874642,1025.3593818511372,26.378842475264122,5,1,3105,80,udp,dns,SF,Malicious,PartOfAHorizontalPortScan
0.035592625137687246,1234.3110663431366,58.1168339475522,31,2,63272,80,udp,dhcp,S0,Malicious,DDoS
9.997335735954126,2991.424165198728,57.81326741575833,3,22,50188,8080,icmp,-,S0,Benign,None
0.09820316250619093,202.7389367315868,0.0,4,0,2847,2323,tcp,dns,S0,Malicious,Mirai
0.11465559786103914,139.26858628210925,0.0,2,0,29560,443,udp,http,S0,Malicious,Mirai
17.29927813329876,194.92863375686034,86.79354478503586,4,1,64453,443,udp,ssl,SH,Malicious,PartOfAHorizontalPortScan
0.7641613485304164,17.679694849996334,175.4957602665662,9,2,15502,80,udp,ssh,SF,Malicious,PartOfAHorizontalPortScan
0.006220904462819702,1298.048102846442,56.960560561591386,13,2,46872,443,icmp,ssl,S0,Malicious,DDoS
19.879702199169255,82.00620163344293,258.6973619629011,2,1,17918,8080,tcp,dns,S0,Malicious,C&C
1.1130190945440162,125.17501452558214,20.071725239932793,3,4,49744,8080,udp,http,SF,Malicious,C&C
0.7482799711826662,74.55832639530672,100.05086842641492,4,2,35242,2323,udp,dhcp,SH,Malicious,PartOfAHorizontalPortScan
5.125315076581285,114.25729125317734,980.4976424978748,3,4,6222,2323,tcp,-,S0,Malicious,C&C
17.45734443966692,259.6901333141224,366.09226007785674,4,2,42348,80,tcp,dhcp,SH,Malicious,PartOfAHorizontalPortScan
0.3867202282100317,184.18469367195485,0.0,4,0,9935,22,udp,-,S0,Malicious,Mirai
7.998957081860593,112.85158466243143,478.7266543326798,2,1,26141,53,icmp,ssl,REJ,Malicious,PartOfAHorizontalPortScan
3.297795135457791,319.1987067142605,803.8903650467927,2,3,24112,80,icmp,ssl,RSTR,Malicious,C&C
3.5135569091362218,15.439134069015918,117.4841162432837,3,1,30935,2323,icmp,http,REJ,Malicious,PartOfAHorizontalPortScan
0.008315751657073255,1201.5672831838933,57.86747631524257,54,4,23838,2323,tcp,dns,S0,Malicious,DDoS
1.28818041015236,19.512474642609583,88.43974143626137,4,2,8855,53,tcp,ssh,SH,Malicious,C&C
0.003033746665314726,1238.9114561358015,58.18127280458948,40,2,1411,80,udp,-,REJ,Malicious,DDoS
0.07346002606453735,132.17872572961113,0.0,2,0,35072,22,udp,-,S0,Malicious,Mirai
0.000311795563435312,1398.5779549373067,63.41305874842286,93,1,41940,53,icmp,-,SF,Malicious,DDoS
3.2909446551530324,668.0669558170796,1589.4130956443046,61,5,6171,80,tcp,dns,SF,Benign,None
2.9080523733754435,2787.872194068277,2149.3212254465498,30,294,29194,8080,udp,ssl,RSTR,Benign,None
0.13961726485223694,126.11326876245637,0.0,2,0,40788,22,udp,http,S0,Malicious,Mirai
3.473135961475761,279.64500586979955,1258.563326563512,22,14,47684,8080,icmp,-,S0,Benign,None
0.9939141347306911,8827.886875623186,7404.819065570289,3,21,54281,80,tcp,http,RSTO,Benign,None
0.005602130424026301,1392.7830772967131,47.685361674810466,18,4,1739,23,icmp,ssh,SF,Malicious,DDoS
2.290109050682084,47.2148744590245,126.25915311915352,4,5,21795,443,udp,dns,RSTO,Malicious,PartOfAHorizontalPortScan
0.10610982909349286,161.93787407003208,0.0,2,0,22797,443,udp,dhcp,S0,Malicious,Mirai
0.9267297166178609,696.7044442807385,3226.076238558131,2,10,50057,2323,icmp,ssh,RSTO,Benign,None
0.09526154915740077,155.29821590062488,0.0,3,0,41838,2323,icmp,-,S0,Malicious,Mirai
0.015323283919892136,1201.6015621815675,42.06274410709658,42,2,46090,2323,tcp,ssl,RSTO,Malicious,DDoS
1.720545894596681,231.11081058607257,314.48527481036496,4,2,38934,2323,tcp,dhcp,RSTO,Malicious,PartOfAHorizontalPortScan
3.434385973417921,274.2898366076002,591.0078873239423,4,2,23314,23,udp,ssl,RSTO,Malicious,PartOfAHorizontalPortScan
2.538515764783662,783.3765942111984,3765.692770800442,10,14,37622,80,tcp,-,SH,Benign,None
11.313232564697175,52.81154629916312,1239.061425696455,5,3,49891,80,icmp,ssl,SH,Malicious,C&C
0.03637586265983583,131.2602825298303,0.0,2,0,60379,443,icmp,-,S0,Malicious,Mirai
0.29854502462082605,726.6257535167338,906.2447051704105,4,13,24574,23,tcp,-,S0,Benign,None
0.010107723049769472,1179.390685175274,44.39297793784776,73,2,50814,22,udp,-,SF,Malicious,DDoS
0.018705279544109513,153.0331054380316,0.0,1,0,21426,23,udp,-,S0,Malicious,Mirai
0.7599015075508995,84.4243182633794,496.78905932148973,2,3,61760,53,udp,dns,RSTR,Malicious,C&C
0.2269672794109054,2182.4354510656012,6712.5290932762455,2,43,12889,22,udp,http,RSTO,Benign,None
1.9181528848408913,10948.265859807247,11658.938075607182,3,2,52289,2323,tcp,-,S0,Benign,None
0.007779188737252436,1323.7262585163228,42.417842619414195,18,0,56620,8080,icmp,ssh,REJ,Malicious,DDoS
2.2387979463097367,1159.7273553661487,1032.8709148809635,11,20,3872,8080,udp,ssh,RSTR,Benign,None
3.2328048249653096,46.22814667666661,729.0000463266229,3,5,7656,22,icmp,http,REJ,Malicious,C&C
0.10703367565054474,128.16836984826165,0.0,2,0,39421,8080,udp,http,S0,Malicious,Mirai
0.0011244939427917729,1226.4717868113469,50.838926193460914,60,4,54350,443,icmp,dhcp,SF,Malicious,DDoS
0.25090960285553904,437.58604685931294,26117.605789644862,24,4,14786,22,icmp,ssl,RSTO,Benign,None
0.0037829502521392246,1024.8920099010193,55.851649465310054,89,4,30417,8080,icmp,dns,RSTR,Malicious,DDoS
1.2067473538476305,1222.5375173793811,2686.157591814996,18,2,48689,53,icmp,ssl,SH,Benign,None
0.0006382487857394058,1392.4037843838748,59.12659137551725,95,1,15230,2323,udp,-,S0,Malicious,DDoS
0.0902995120597178,125.56982494382781,0.0,4,0,56786,8080,tcp,ssh,S0,Malicious,Mirai
1.4538969600844167,320.778141186467,142.61720314522967,3,5,38963,53,udp,ssh,SH,Malicious,PartOfAHorizontalPortScan
0.011250321550619242,1286.9669429805294,48.48822326647634,41,4,54060,22,icmp,ssh,REJ,Malicious,DDoS
0.7425372540993008,1823.3798235469233,1416.9566476362418,20,45,6470,443,udp,ssh,REJ,Benign,None
0.0729910785459013,172.8734368396094,0.0,2,0,25873,443,tcp,ssh,S0,Malicious,Mirai
0.048859410731670015,145.61826003576556,0.0,1,0,9090,22,udp,dhcp,S0,Malicious,Mirai
0.7460524972327576,2194.0538778504774,115.20466375724212,2,6,30123,53,tcp,dns,S0,Benign,None
6.2295884460620465,54.17884519664479,42.776546980955835,3,5,56148,23,icmp,http,RSTO,Malicious,C&C
0.002806704131535746,537.9184144749146,2614.922158195058,4,11,42013,23,udp,ssh,SH,Benign,None
0.001900081353302203,1376.2225994386085,41.49770057861687,70,3,18674,8080,udp,ssh,RSTR,Malicious,DDoS
0.11606721505400619,1288.6082950495418,4392.194527755579,4,12,62505,443,tcp,-,RSTR,Benign,None
0.0034149392470105002,1143.8859084227397,42.598208545838844,97,1,32835,8080,icmp,ssl,SF,Malicious,DDoS
0.01293257389144986,156.57182849709528,0.0,4,0,1095,53,udp,dns,S0,Malicious,Mirai
0.19533395832470132,2558.3841672459234,3758.5561789449175,24,13,7858,23,tcp,dhcp,REJ,Benign,None
1.8109732395391775,332.51007402613266,62.999915194234845,3,2,55523,2323,icmp,-,RSTR,Malicious,C&C
1.0182554805103226,483.1326234980199,330.22881795167353,9,6,40604,23,udp,-,REJ,Benign,None
3.5972230980328774,1820.2692209089157,2911.8635512439446,9,29,25266,22,udp,http,SF,Benign,None
0.009019740199317533,1187.7011542462249,53.23710151800451,54,2,30004,80,icmp,http,REJ,Malicious,DDoS
0.2062372623831081,145.97645685193294,0.0,1,0,14249,23,udp,http,S0,Malicious,Mirai
0.029343998766219796,1108.6895122164435,28.784826707101757,42,3,20068,53,udp,-,RSTO,Malicious,DDoS
0.07774466302175988,149.87654051440035,0.0,2,0,51221,23,udp,ssh,S0,Malicious,Mirai
0.1415360102083165,130.93844423400938,0.0,3,0,27806,23,udp,dns,S0,Malicious,Mirai
1.0865368906570825,91.72525538123367,95.86428691430368,6,9,5866,443,tcp,ssh,RSTO,Malicious,PartOfAHorizontalPortScan
0.012266527943808916,1160.7387267915576,35.71214073459249,54,0,44317,23,icmp,http,RSTO,Malicious,DDoS
1.1533597573836472,90.07659847118893,47.648111222555045,5,7,47757,23,udp,ssl,REJ,Malicious,PartOfAHorizontalPortScan
12.31893748165379,471.1430192927197,109.28558646813556,7,0,56801,53,tcp,http,SF,Malicious,C&C
4.889491349965604,306.0167745304537,133.99630437544727,4,1,6019,2323,icmp,dhcp,SH,Malicious,PartOfAHorizontalPortScan
0.4175234267853096,1783.9583763878406,2716.1761995038946,8,50,40041,53,tcp,dns,RSTO,Benign,None
0.5824158756430955,1758.1282829341146,41272.84619911793,7,5,12053,2323,tcp,dhcp,S0,Benign,None
0.4302212017404253,980.8962324187684,923.4497833511824,22,4,35079,53,tcp,dns,SF,Benign,None
0.006701133265212643,1308.5046255908162,49.47674052251304,46,2,21313,23,icmp,http,REJ,Malicious,DDoS
10.70202239961112,322.64367694368866,119.55391390096672,2,3,56441,443,icmp,-,SF,Malicious,C&C
9.329159406187783,135.85016487362978,313.13771491092314,3,4,47563,80,icmp,ssh,SH,Malicious,C&C
0.5248378104616734,378.9218219107682,1156.532187602321,4,24,9466,8080,udp,dhcp,RSTR,Benign,None
0.1144533294790435,104.64822533693646,0.0,1,0,6318,22,udp,-,S0,Malicious,Mirai
0.015280685740891196,140.82613442354887,0.0,4,0,59901,443,udp,-,S0,Malicious,Mirai
0.2613611197730995,149.8768154057974,0.0,4,0,26953,22,tcp,http,S0,Malicious,Mirai
0.11914981130836574,37.44079524482136,495.8121999053512,2,2,17008,53,udp,dns,RSTO,Malicious,C&C
4.911391800902421,3628.3264456106513,1725.6511259859606,5,9,27110,53,tcp,-,REJ,Benign,None
0.004176355307269118,1190.8308487176369,37.53544891078957,18,0,51483,8080,udp,ssh,RSTR,Malicious,DDoS
5.77676190131538,450.9199912834431,5282.843721385881,4,8,50484,80,udp,dns,REJ,Benign,None
0.1259708448875982,133.0391897719261,0.0,2,0,20637,53,tcp,dns,S0,Malicious,Mirai
0.003008348801550699,1392.5019290389278,41.77180734475611,93,1,63100,53,udp,dns,RSTO,Malicious,DDoS
0.011324352718646999,1232.9848990265502,58.484396464540666,11,2,34019,8080,tcp,http,REJ,Malicious,DDoS
0.09109166759387136,105.51957408776488,150.07279441687407,3,1,29679,8080,icmp,dhcp,RSTO,Malicious,C&C
6.327618146282604,155.0635707381663,125.82396534073597,2,2,32090,2323,tcp,ssl,S0,Malicious,PartOfAHorizontalPortScan
1.251749847470278,337.46916128915234,13680.67069109422,21,2,36020,23,tcp,dns,S0,Benign,None
4.119547796026476,73.6335216165088,45.279672954513465,7,2,23121,2323,icmp,dhcp,SH,Malicious,PartOfAHorizontalPortScan
1.1464333787107408,66.23169982151241,180.9345942434356,7,2,41662,8080,tcp,http,REJ,Malicious,C&C
4.4006070133948,225.42047194384386,159.93121606606306,4,10,14854,2323,udp,ssh,RSTR,Benign,None
3.526293504427705,72.28280341788599,38.296883718103146,2,1,34808,80,udp,http,SF,Malicious,C&C
1.7215200893930516,1258.7560835111196,1863.0843313073044,4,5,9862,8080,udp,http,REJ,Benign,None
3.7809714284839058,2016.5490215034642,13243.961689653648,30,4,46765,22,tcp,-,S0,Benign,None
0.3286738805556438,120.08814458995782,0.0,3,0,27142,23,tcp,ssl,S0,Malicious,Mirai
1.2553803059595128,199.3956005900869,11262.739561702942,8,77,12357,53,icmp,ssl,RSTR,Benign,None
2.224114262519846,2283.3541169787286,9240.574864904429,9,28,57169,80,udp,dhcp,REJ,Benign,None
2.8565949048009642,321.93629843311066,66.00026213036442,3,4,44957,443,udp,dhcp,REJ,Malicious,PartOfAHorizontalPortScan
0.0009070894104530682,1176.2691951957445,53.96065471107366,30,1,58723,23,udp,dhcp,SH,Malicious,DDoS
2.122303078006548,109.27618007445297,208.26274712309737,2,2,46231,22,icmp,ssl,REJ,Malicious,PartOfAHorizontalPortScan
0.15465759481798613,690.2180521802622,4567.905062596246,5,6,19985,22,udp,ssl,RSTO,Benign,None
1.6598924246895408,304.191151104161,97.8753495230623,2,3,31715,53,icmp,ssh,RSTR,Malicious,PartOfAHorizontalPortScan
0.21529356335249122,430.7026906307963,44.60254643628117,3,2,17943,23,tcp,ssl,S0,Malicious,PartOfAHorizontalPortScan
0.04176535714344261,126.8924690101406,0.0,2,0,32057,23,udp,dhcp,S0,Malicious,Mirai
0.3189712025861207,190.40482405755213,66.47853251397844,4,2,60321,23,icmp,-,S0,Malicious,C&C
0.5234156592810486,105.25050845789028,273.5954982790075,5,11,40680,53,tcp,dns,SH,Malicious,PartOfAHorizontalPortScan
0.37947522415248647,620.5182866513197,17131.1107562419,22,23,33383,2323,icmp,dns,S0,Benign,None
0.3736384944894074,595.6702378814794,1786.0215252878368,24,18,18290,53,icmp,-,SH,Benign,None
1.3655274579882228,1509.4875503081548,7590.6195640497,18,8,10369,2323,udp,ssh,RSTO,Benign,None
1.7244874053397334,3899.2349410484408,461.65774142512066,3,8,10575,53,tcp,http,RSTO,Benign,None
0.10398013607527604,132.33302790684107,0.0,2,0,29736,23,tcp,http,S0,Malicious,Mirai
0.041782518343813496,154.65195584552623,0.0,2,0,29106,8080,udp,dhcp,S0,Malicious,Mirai
4.456929646565164,126.13887086960875,69.71106778586405,2,4,47294,443,udp,-,SF,Malicious,C&C
2.279541162091989,167.50655341697927,63.413554703801914,2,2,61859,2323,tcp,dns,S0,Malicious,C&C
0.03055615400738822,1172.3484636807375,59.37447515151537,25,1,31436,443,tcp,ssh,SF,Malicious,DDoS
5.152948867702504,832.1829239697535,20462.743830124455,2,21,41681,53,icmp,ssh,SH,Benign,None
0.04234808837194295,136.63211890735883,0.0,3,0,42759,22,icmp,dns,S0,Malicious,Mirai
0.0064441016211143985,1260.0884448841405,53.12958125436249,59,4,30195,443,tcp,ssl,REJ,Malicious,DDoS
0.0020647785717475883,1202.3723626632475,49.41388578398456,89,3,9278,23,tcp,dns,REJ,Malicious,DDoS
0.3125919636527446,165.30693492704972,459.1319672961736,4,1,46265,22,icmp,dhcp,REJ,Malicious,C&C
3.212617382107348,51.09615408049014,60.74324625335507,3,3,25744,53,icmp,http,SH,Malicious,PartOfAHorizontalPortScan
1.2514291308904384,411.27762700277674,104.4162709546585,3,3,40014,23,tcp,ssl,SH,Malicious,PartOfAHorizontalPortScan
3.796057913479393,5906.978368330779,5059.125847175614,3,46,31392,22,icmp,ssl,S0,Benign,None
2.2315569182623465,133.1211668605681,281.361596031647,5,3,51783,22,udp,-,REJ,Malicious,PartOfAHorizontalPortScan
8.817589190991104,177.32333795813767,96.41705927736987,3,2,55230,8080,icmp,dhcp,S0,Malicious,C&C
1.8773372037231497,871.489578539435,2399.960684987063,9,65,37332,23,udp,dhcp,RSTO,Benign,None
1.4857826665775995,1636.6098774244333,581.0657723564722,29,10,59747,23,udp,http,S0,Benign,None
3.1452192769634904,1115.4370531232346,299.3992454950794,9,24,55606,80,icmp,dns,RSTR,Benign,None
1.361745800000279,2105.9789478095477,2175.616572376543,12,2,14246,23,tcp,dhcp,RSTR,Benign,None
0.005992985442158352,1410.5975674165536,53.82882122595565,29,3,33776,53,udp,dhcp,REJ,Malicious,DDoS
1.363212572637226,93.47116948752634,168.89380199285796,4,5,32058,443,udp,ssl,SH,Malicious,PartOfAHorizontalPortScan
0.15982738251871362,2469.441802526574,9628.888619702117,11,10,35412,23,udp,dns,S0,Benign,None
1.2232601324145427,105.37689745199972,137.98535414626622,2,2,27604,443,udp,ssl,RSTR,Malicious,C&C
0.1530144366764736,149.7505918605987,0.0,4,0,32468,53,icmp,dns,S0,Malicious,Mirai
0.0062056908561333715,631.705026797711,2970.5225327607595,2,21,62357,53,icmp,ssl,S0,Benign,None
5.04198581181027,56.2412182337547,69.82007710841404,2,3,64690,443,icmp,ssh,REJ,Malicious,C&C
10.310932838131484,268.15599993994135,62.27664839476447,2,3,34737,80,tcp,ssl,S0,Malicious,C&C
0.00579502446772756,217.13247424890662,6431.233373573812,9,26,1413,53,tcp,-,RSTO,Benign,None
0.005904479160153527,1142.0403073039051,51.88933410314267,67,4,35719,8080,tcp,-,SH,Malicious,DDoS
0.16403707225453257,160.33458038251604,0.0,1,0,9474,8080,icmp,ssh,S0,Malicious,Mirai
0.23705836622180498,859.4326341706624,1517.2071609561374,3,6,2512,80,icmp,ssh,REJ,Benign,None
0.004525075605234394,150.8250080676698,0.0,4,0,52876,53,tcp,-,S0,Malicious,Mirai
0.5249842163613497,387.6535780138574,7560.747091295131,3,4,60565,22,icmp,http,REJ,Benign,None
0.011287984609216392,142.02922494019856,0.0,4,0,16931,80,tcp,-,S0,Malicious,Mirai
0.13087738570648802,178.57448934253176,0.0,3,0,2318,443,udp,dhcp,S0,Malicious,Mirai
0.24106980068599806,159.38240709729507,0.0,4,0,41192,22,tcp,ssl,S0,Malicious,Mirai
1.7731904323390337,205.1447937769847,364.5178402970209,6,1,60689,80,icmp,http,RSTR,Malicious,PartOfAHorizontalPortScan
0.004281180254108786,1010.5932382015196,33.87288145235098,14,2,21893,443,udp,dns,REJ,Malicious,DDoS
0.5729234633632182,271.2678179690727,3596.726008321977,3,24,15929,53,tcp,-,REJ,Benign,None
0.30699616996898044,1758.31766512722,1436.4881520636116,30,29,40108,53,icmp,ssh,SH,Benign,None
0.03770014932159338,132.29186987215004,0.0,1,0,55114,22,icmp,-,S0,Malicious,Mirai
1.926736090223444,189.66799087203017,2037.178184487212,5,68,36837,443,tcp,ssl,SH,Benign,None
0.03560578620723911,146.10433261770785,0.0,4,0,6111,53,udp,-,S0,Malicious,Mirai
6.608549244860583,57.63676152513143,653.0529268341253,2,5,32736,53,udp,ssh,RSTO,Malicious,C&C
3.04596761575909,71.41461805495356,73.29610486997349,2,3,44817,443,icmp,dhcp,S0,Malicious,PartOfAHorizontalPortScan
5.558172979929737,619.5116849281404,5.135996715092946,5,3,23130,443,tcp,dns,SF,Malicious,C&C
0.011262420368479444,142.7762055235418,0.0,2,0,38903,53,icmp,ssl,S0,Malicious,Mirai
0.04944236193937085,149.88772718898292,0.0,2,0,64577,53,icmp,ssl,S0,Malicious,Mirai
0.021956586120917415,147.6415124090227,0.0,4,0,13292,2323,udp,ssh,S0,Malicious,Mirai
5.566019988024889,314.8615152345352,984.0600279231293,5,2,38654,23,udp,ssh,REJ,Malicious,PartOfAHorizontalPortScan
3.4848144429959036,395.69294260423965,3529.3919743351453,4,43,5483,8080,tcp,dns,REJ,Benign,None
2.3599601752878856,727.3030911050557,6927.199752855397,18,34,27118,8080,udp,dhcp,S0,Benign,None
0.20115678444315196,933.6328561774175,7270.450649520645,7,12,33942,22,icmp,dhcp,S0,Benign,None
0.17324238491294772,2667.283494485023,10361.543799754643,44,32,39437,53,icmp,ssh,RSTR,Benign,None
1.593866770475406,72.22685923783303,39.28317452048209,6,1,6568,443,icmp,http,SH,Malicious,PartOfAHorizontalPortScan
0.6437812988664677,799.8972779932353,563.5642335803806,13,33,26609,53,udp,ssh,REJ,Benign,None
0.0005802958151674084,1274.0684003923598,48.53037569153608,65,1,60096,23,udp,http,S0,Malicious,DDoS
0.1303187679744481,177.27259264737106,0.0,1,0,49080,22,udp,dns,S0,Malicious,Mirai
2.0343903765493696,138.65412351681292,452.3045690250014,3,2,61950,8080,udp,ssh,SH,Malicious,PartOfAHorizontalPortScan
0.020420184269151702,1104.8097821107,50.95124382069408,53,4,47577,22,icmp,http,S0,Malicious,DDoS
0.00782299915497819,125.16723291087445,0.0,4,0,3822,443,icmp,dns,S0,Malicious,Mirai
5.802290368924695,109.23213610869024,174.86311951043388,3,1,18217,8080,icmp,ssl,REJ,Malicious,C&C
6.659263728561876,89.19771748836426,247.27047050793163,5,1,24759,22,icmp,-,SH,Malicious,C&C
4.9872715066831494,281.8116606234916,74.68425387957366,4,2,19752,23,tcp,ssh,SH,Malicious,PartOfAHorizontalPortScan
12.3341308967712,177.2516399575194,70.96822696508335,2,3,1659,2323,icmp,ssh,RSTR,Malicious,C&C
4.998983877930888,29.927077673271928,81.12547440763251,2,3,60151,80,udp,ssh,SF,Malicious,PartOfAHorizontalPortScan
0.4774517251092341,2502.6309217988974,1709.7681048440245,5,18,56759,443,udp,http,REJ,Benign,None
0.0244822043287168,1092.2919803150007,54.66271259773238,58,4,47252,22,tcp,ssh,SF,Malicious,DDoS
10.28072136746189,35.435509410299964,156.81014703102173,1,3,23742,53,udp,http,RSTO,Malicious,C&C
2.5655193208737304,526.5017714671342,285.5012836901864,3,4,13387,80,tcp,http,REJ,Malicious,PartOfAHorizontalPortScan
15.650615643823754,671.9133077517993,212.64578372401851,3,4,61183,8080,icmp,ssh,S0,Malicious,C&C
0.23515100519956122,158.7664717074805,0.0,1,0,21381,80,tcp,-,S0,Malicious,Mirai
2.335428985952586,464.4100281898903,106.8384159905933,3,2,50867,53,udp,http,REJ,Malicious,PartOfAHorizontalPortScan
0.03893263490065657,133.07111250368155,0.0,1,0,23268,53,udp,dns,S0,Malicious,Mirai
0.06299508107984757,147.23935605062746,0.0,4,0,11435,2323,icmp,dhcp,S0,Malicious,Mirai
5.046764004910445,1331.6307469911515,752.7029208178317,12,29,41108,2323,tcp,http,RSTO,Benign,None
1.00164512979783,703.6117616240174,403.4145561789666,6,14,57607,23,udp,ssl,SF,Benign,None
0.4388859734322628,413.72460642425534,1848.4084366633783,8,58,22852,80,icmp,-,RSTO,Benign,None
2.189526980534003,1265.7071580997879,1044.3032430145888,3,6,59326,22,udp,dns,SH,Benign,None
0.00029751682115655253,1142.9059600507342,37.28459749721777,89,0,41057,8080,udp,ssh,RSTR,Malicious,DDoS
7.808022553807474,266.1952885446604,45.436748478417826,12,4,4415,2323,tcp,dhcp,RSTO,Malicious,C&C
0.0002712344382317456,1186.4145102907307,46.51482534040183,60,2,10993,22,icmp,dhcp,S0,Malicious,DDoS
6.664174337810106,109.47167723844841,82.47306713176405,3,1,56903,53,udp,dns,SH,Malicious,C&C
0.05798877932311092,149.69105815285158,0.0,2,0,47421,443,udp,ssl,S0,Malicious,Mirai
2.1007762604037015,3843.1032195635617,8734.774462902877,31,4,6087,23,icmp,dhcp,RSTO,Benign,None
1.066714309364611,87.97113298290583,117.92363862839915,3,9,17665,443,icmp,ssh,SH,Malicious,PartOfAHorizontalPortScan
7.5520660847823775,50.21017172460963,64.79494980755157,3,4,24689,80,tcp,-,SH,Malicious,C&C
0.9525986706619858,8800.973281464101,7028.435090850514,13,8,12526,53,tcp,ssh,RSTO,Benign,None
0.008017614071582732,1223.3930750811724,55.684305457289724,53,3,5987,80,udp,ssl,RSTR,Malicious,DDoS
1.7521507010176391,19798.34415647069,585.5591409352762,93,7,31651,23,tcp,-,SH,Benign,None
1.2066190994573949,286.2239069165331,17044.261115661564,11,67,56281,8080,tcp,-,REJ,Benign,None
0.10141686904260172,156.969838469685,0.0,2,0,35024,22,udp,dns,S0,Malicious,Mirai
13.306781082812913,34.73961508304865,95.57188930156623,3,2,46662,80,icmp,http,SH,Malicious,C&C
0.21430788867900327,156.13303855169525,0.0,2,0,29329,80,tcp,ssl,S0,Malicious,Mirai
1.4936175512812435,1629.2176005711713,8017.343010359301,4,59,56941,22,icmp,ssl,S0,Benign,None
13.25136626813332,89.53926262042229,67.32094663514417,4,2,7670,22,icmp,ssl,REJ,Malicious,C&C
0.23122618586121735,550.1735507068611,1577.6324623699363,10,169,47086,53,tcp,-,REJ,Benign,None
0.01019355449997655,974.5396183582786,54.31062129396453,39,1,26084,53,udp,http,SF,Malicious,DDoS
0.0008208000799278291,504.9107551263753,12155.495951706567,3,55,30501,443,icmp,dns,SH,Benign,None
0.016098341566840313,154.99318300356745,0.0,3,0,36584,443,tcp,http,S0,Malicious,Mirai
2.775956479432491,319.69656223079454,77438.16836795202,11,10,28763,80,tcp,-,SH,Benign,None
5.567219627822862,118.87527685256238,135.98950125884568,3,1,30341,2323,tcp,dns,SH,Malicious,C&C
1.5996469462717466,324.06909916982517,28509.856107000534,9,14,43464,22,icmp,ssh,REJ,Benign,None
0.002851852308796535,1198.2733253711067,64.59176347676083,67,4,7558,80,tcp,http,SH,Malicious,DDoS
8.229955978637435,124.40674116620585,257.03607131303295,3,3,4377,22,icmp,ssh,SH,Malicious,C&C
0.05230131914645424,134.23719580780713,0.0,3,0,15020,53,tcp,-,S0,Malicious,Mirai
1.0773958062412607,109.43016916800569,280.6644263877566,3,3,31385,8080,udp,ssh,RSTR,Malicious,C&C
0.20862159839586625,268.02142901756264,40.092126311624696,5,7,44669,443,icmp,ssh,S0,Malicious,C&C
1.5352250498896072,2313.9709355939544,3447.0786202232607,7,7,2794,23,tcp,dns,S0,Benign,None
0.018183886718528608,1073.4266760513055,42.213286523601184,60,0,23971,22,tcp,dhcp,REJ,Malicious,DDoS
0.02836738706117778,140.1846035199392,0.0,2,0,18695,8080,icmp,ssl,S0,Malicious,Mirai
2.534506058025996,1595.42798046534,3262.9192139382412,14,9,2857,8080,icmp,dhcp,RSTO,Benign,None
0.48218729035460756,74.75060371936122,587.6054462465593,3,3,49163,8080,udp,-,SF,Malicious,PartOfAHorizontalPortScan
0.013559076764877508,324.9439462403498,145.18231355915748,3,2,1037,23,icmp,-,SH,Malicious,C&C
0.47266275439713457,64.50912629292006,335.52342165989876,4,3,63798,23,udp,http,RSTR,Malicious,C&C
0.005456478072453281,1201.3533907913022,55.512822282374714,72,4,32065,443,udp,dhcp,SF,Malicious,DDoS
1.0248099027149675,54.135288103603706,39.52941418598479,4,2,30023,80,udp,http,REJ,Malicious,C&C
2.188090986856687,71.44351713754813,140.20222386854212,2,4,27647,80,udp,dns,SF,Malicious,PartOfAHorizontalPortScan
6.1486829325105035,22.07404931545498,102.31836091587436,3,1,16958,23,tcp,dhcp,REJ,Malicious,C&C
0.7921971410645998,876.4558629868842,75.36530359160828,5,2,20446,2323,tcp,-,REJ,Malicious,PartOfAHorizontalPortScan
0.005588851248641366,1126.571324894722,44.80179625443828,88,2,50991,443,tcp,ssh,RSTR,Malicious,DDoS
0.3804162274998976,771.5299950628481,2609.995710450579,5,34,18096,23,icmp,ssh,RSTR,Benign,None
0.06252661276076125,194.23460700792427,0.0,2,0,52193,53,icmp,dns,S0,Malicious,Mirai
0.2383955152372942,414.9515387294616,112.84484202922168,3,2,7790,2323,tcp,ssl,SF,Malicious,C&C
7.516116409077203,402.89353118995984,206.67250452572125,7,1,63259,53,icmp,http,RSTO,Malicious,PartOfAHorizontalPortScan
0.13639676150381788,26.447602399481266,106.291673212789,2,3,32522,8080,icmp,dhcp,REJ,Malicious,C&C
7.460943152471142,97.39516951896786,689.7421803184011,4,1,59623,23,icmp,ssh,SF,Malicious,PartOfAHorizontalPortScan
0.3602139316242154,114.99714856784892,188.44841819953197,5,1,15308,2323,tcp,ssl,REJ,Malicious,PartOfAHorizontalPortScan
0.00063233815125746,1210.357652177507,60.66836955641918,90,0,26586,53,udp,dns,S0,Malicious,DDoS
0.9817871057470127,1780.2317975895178,2538.555505531057,13,37,47897,8080,tcp,http,RSTO,Benign,None
5.7760417672373965,4342.432959177603,11294.098951559494,115,48,57063,53,udp,ssh,S0,Benign,None
0.0031178031310882975,1202.1024248252263,54.53476404644068,79,3,21180,80,icmp,-,SF,Malicious,DDoS
0.1179443576818108,117.86748562574374,0.0,4,0,55117,22,icmp,ssl,S0,Malicious,Mirai
0.003853308639280798,1097.4932533789724,48.6714870446884,87,0,43995,443,icmp,http,RSTO,Malicious,DDoS
0.07077001071614877,201.22557331437946,1391.6171548679824,7,9,54630,23,icmp,ssh,S0,Benign,None
0.4823239330165163,446.3327738754133,30.681149338384277,5,1,3390,53,udp,-,RSTR,Malicious,PartOfAHorizontalPortScan
0.6599794702332733,360.6691686273162,220.00760514748842,4,2,25025,443,tcp,http,SF,Malicious,PartOfAHorizontalPortScan
26.260385699292886,300.9343615775964,175.14084956125802,3,1,58759,2323,icmp,http,REJ,Malicious,PartOfAHorizontalPortScan
0.13915268314869245,142.77329226616908,0.0,2,0,58866,22,udp,-,S0,Malicious,Mirai
0.7852620436420267,144.84035813279962,19.264606060842606,2,1,3994,443,tcp,ssl,SF,Malicious,C&C
0.0017642317158789134,640.2946864208006,946.7481128677464,4,38,13323,80,udp,http,REJ,Benign,None
0.1558595694004058,158.82171230001495,0.0,1,0,20342,53,icmp,dns,S0,Malicious,Mirai
5.281000118733297,1166.7029070558244,2127.51402820308,5,30,14083,443,udp,ssh,SH,Benign,None
3.6382656311799644,4417.535150501875,236.12157812396572,1,71,9690,53,udp,http,S0,Benign,None
1.3641276897666266,43.22108022876637,194.99176550774487,3,2,54761,23,icmp,http,SH,Malicious,C&C
1.2401764574892629,3623.5898654307152,37002.46028560811,42,15,59218,22,icmp,http,REJ,Benign,None
0.1311184700427208,174.70693873334514,0.0,3,0,21258,2323,udp,dns,S0,Malicious,Mirai
2.40724706306617,596.7624183632795,105.15569784275327,3,6,29376,80,tcp,dhcp,SF,Malicious,PartOfAHorizontalPortScan
0.2602171329985826,2405.778224686144,8519.088433613675,3,3,16096,8080,udp,dhcp,SH,Benign,None
0.23617956881445057,160.1439165174578,0.0,3,0,46678,80,tcp,-,S0,Malicious,Mirai
0.17345599070993345,59.734274082754645,321.888782481596,4,2,14059,22,udp,ssl,RSTR,Malicious,C&C
1.792681222997406,2017.0764407282138,60804.80601678261,15,3,36647,443,tcp,dhcp,RSTR,Benign,None
0.23433320245505787,168.21484707295437,0.0,4,0,46676,53,icmp,ssh,S0,Malicious,Mirai
17.550681381549715,199.44903210587967,204.5284082281826,9,2,53413,80,udp,dhcp,SH,Malicious,C&C
1.4794971996018367,387.4656228015641,163.67470452165634,8,2,4581,23,tcp,dns,RSTO,Malicious,C&C
2.468709011595997,129.13199590221683,78.66497976613681,3,2,42227,443,udp,ssh,SF,Malicious,PartOfAHorizontalPortScan
0.005645454088221458,1283.3837024956802,64.73970807003462,21,3,48801,443,tcp,ssh,RSTR,Malicious,DDoS
0.7859889788384775,50.45535597015453,57.32954007931808,2,3,36207,23,tcp,dns,REJ,Malicious,C&C
0.9649507193315621,1996.8932471106768,930.0379239253249,3,3,56043,2323,icmp,http,SF,Benign,None
1.8005519292619286e-06,1198.9159660274759,36.64128355454411,88,2,11671,2323,icmp,ssh,REJ,Malicious,DDoS
12.71208185960293,232.20857096762631,776.9534664624952,5,2,34554,8080,udp,-,REJ,Malicious,PartOfAHorizontalPortScan
2.1964698353003347,118.30860931824874,238.3282426227641,3,4,27583,2323,tcp,dns,RSTO,Malicious,PartOfAHorizontalPortScan
2.341600602868716,2241.295186601356,9582.736544547997,5,4,47485,2323,udp,ssl,SH,Benign,None
0.7936852786694626,106.65195970542469,64.74553337271865,5,0,49852,80,icmp,dhcp,S0,Malicious,C&C
8.871182947145437,196.03555504872557,42.69567597527113,3,2,4187,23,icmp,-,RSTR,Malicious,PartOfAHorizontalPortScan
3.5505994511925953,1904.8881178665415,1408.7896535454768,3,17,30937,22,icmp,ssl,S0,Benign,None
0.09457048829812387,1256.6412557811566,31913.803054520427,8,10,23009,53,udp,dhcp,RSTO,Benign,None
0.09993374811428213,130.78729780137064,0.0,4,0,32335,8080,udp,dhcp,S0,Malicious,Mirai
9.827025904997837,60.399408791057525,168.97809551960532,3,4,54984,22,icmp,dns,RSTR,Malicious,C&C
0.5872427313363967,413.7929971822494,7835.51117692638,2,6,16451,443,icmp,http,SF,Benign,None
0.003325587898020611,1198.9507650131013,33.565249976361386,80,4,62912,80,tcp,ssl,SH,Malicious,DDoS
0.004875806336127621,1202.357831208792,35.9515687940901,17,3,23329,23,udp,dhcp,SH,Malicious,DDoS
0.2161116227253393,163.69456717272493,0.0,2,0,23471,22,icmp,ssl,S0,Malicious,Mirai
0.0029888811307134866,1239.6045964402217,58.544236637116335,22,1,28494,22,tcp,ssh,RSTR,Malicious,DDoS
5.817394491378257,17.101684677423865,280.42099584933516,8,1,64199,443,udp,ssh,RSTR,Malicious,PartOfAHorizontalPortScan
0.021751482998131583,1049.9776937468432,57.61558732117613,37,0,55410,23,tcp,-,RSTR,Malicious,DDoS
0.01586530918291266,1351.6521822367804,44.17994904114798,12,3,61476,22,tcp,ssl,RSTR,Malicious,DDoS
1.365372427316508,87.23670692974137,520.3302382668481,4,2,55229,53,icmp,http,REJ,Malicious,C&C
0.573092916904204,2162.7316050454424,4161.289529356756,3,9,23331,22,udp,http,SF,Benign,None
5.865434853741034,439.19325668107115,120.37443116938807,2,5,30816,53,tcp,dns,S0,Malicious,PartOfAHorizontalPortScan
0.0398203601405588,147.24426042654332,0.0,4,0,33268,8080,tcp,http,S0,Malicious,Mirai
0.25454431304613745,278.8194356838441,1407.8765255587625,6,10,19235,22,tcp,ssl,RSTR,Benign,None
0.7921601978860034,4205.954075159598,14737.455925565608,40,14,55042,23,icmp,http,SF,Benign,None
4.176364459569335,492.7425908736823,6481.213971262326,5,11,65451,80,tcp,ssl,RSTO,Benign,None
1.4601727836690088,150.13121968151717,95.61989759847908,2,1,45436,443,tcp,dhcp,SH,Malicious,C&C
0.010824684379968285,1127.2956424691358,34.623525647490844,38,4,5542,22,udp,ssh,S0,Malicious,DDoS
2.693084358164862,966.3349788302313,38593.21556464042,32,10,48454,23,icmp,ssh,S0,Benign,None
2.4757380952740404,475.6836049842774,522.5456753757218,7,31,48658,443,udp,http,SH,Benign,None
1.1090515513348946,695.2484622134734,1527.5530342982913,10,5,57041,80,tcp,http,RSTR,Benign,None
0.42899030449712233,3721.3180762956126,1873.3917577980328,10,3,63292,2323,icmp,ssl,RSTO,Benign,None
19.563209886900147,807.9327168088597,141.0839120958909,3,7,5218,2323,icmp,-,REJ,Malicious,C&C
0.0008547630929578141,1161.633405968594,38.23541842867846,67,3,32068,443,tcp,dns,SH,Malicious,DDoS
2.7147510830940975,36.059867470686825,41.84783972796398,3,2,23927,2323,icmp,-,S0,Malicious,C&C
0.3320703855043824,127.95946636480078,0.0,1,0,30381,443,tcp,ssh,S0,Malicious,Mirai
0.41019284950558454,901.1347584514954,42.60297333390437,3,3,48696,53,udp,ssh,RSTO,Malicious,PartOfAHorizontalPortScan
0.007627255119851405,1261.166950809859,33.88139681281968,11,2,53574,53,tcp,dns,RSTR,Malicious,DDoS
0.1924920837586996,335.7455227818049,9358.376183870176,6,32,52462,8080,icmp,ssh,S0,Benign,None
0.7162914175892275,2196.8049894967558,4465.905133707511,22,18,29472,443,udp,ssh,RSTR,Benign,None
0.002750246298388244,989.4140152866412,55.20452916096068,54,3,33658,23,tcp,ssh,S0,Malicious,DDoS
0.1791798116429587,419.01467808696054,96.14322330554278,2,1,33629,443,tcp,-,RSTO,Malicious,PartOfAHorizontalPortScan
0.10657353508473898,171.30716243355974,0.0,1,0,65045,53,tcp,-,S0,Malicious,Mirai
1.4178891110570286,90.0745227498537,54.855124887490064,3,7,10294,53,icmp,dns,S0,Malicious,C&C
1.1313761435741354,625.7431722147264,5645.277799425448,8,26,40256,23,tcp,ssl,RSTO,Benign,None
0.005416134278194917,1264.4802819196511,36.13034524428152,81,3,63253,2323,udp,-,SH,Malicious,DDoS
0.16993826757289426,981.6102600769647,1124.6405158210773,9,19,60167,2323,udp,http,SH,Benign,None
3.6473729066935814,217.35017554644466,737.5491047391221,5,2,57159,2323,tcp,-,RSTO,Malicious,PartOfAHorizontalPortScan
0.031522239980837946,18.936094198817173,222.95141172083277,4,1,1024,2323,tcp,dns,SH,Malicious,C&C
0.008480399060815855,1219.0835297807257,53.444977865033685,61,2,9552,53,udp,-,SH,Malicious,DDoS
2.2060453155360467,258.2803365601058,132.21496995607635,3,1,45762,443,tcp,ssl,RSTR,Malicious,PartOfAHorizontalPortScan
0.002076777003143352,1015.8160425425721,44.645937412550296,63,0,26543,23,tcp,ssh,REJ,Malicious,DDoS
7.419602923198124,232.72827607809103,39.82800031699474,10,4,39353,22,tcp,ssl,S0,Malicious,PartOfAHorizontalPortScan
0.1036034663610888,137.1681627398065,0.0,2,0,31190,23,icmp,http,S0,Malicious,Mirai
0.7792081279399917,6383.273750335556,4141.940058844785,2,5,54117,8080,udp,ssl,RSTO,Benign,None
2.987950670119781,95.26143340878791,109.95243573280716,2,3,50426,23,udp,dhcp,REJ,Malicious,PartOfAHorizontalPortScan
0.007156216766087564,1145.3844046524478,56.964543838660965,82,4,45421,22,tcp,http,SH,Malicious,DDoS
0.17316911093934567,105.7956417435093,91.66027081335865,3,4,45424,80,tcp,http,RSTR,Malicious,C&C
0.09697945847825637,139.08986945167337,90.93097456220075,3,1,62885,53,tcp,-,RSTO,Malicious,PartOfAHorizontalPortScan
0.011877151799492504,1204.6178724012734,71.9720869287914,33,3,17543,80,tcp,dhcp,SH,Malicious,DDoS
14.466618251781387,910.9917277744214,177.59796535170784,13,2,51871,22,icmp,http,S0,Malicious,PartOfAHorizontalPortScan
1.4897084047720046,1001.4541981884257,419.72470427879017,7,8,60368,53,udp,ssh,SF,Benign,None
0.012199268002122406,129.31122285597257,0.0,2,0,35701,53,udp,ssh,S0,Malicious,Mirai
1.5683692956128317,1016.0200292869611,794.7917876282282,5,7,31691,53,icmp,http,REJ,Benign,None
3.5489585206958325,221.80419380140236,52.70255297858064,11,4,53733,23,tcp,dhcp,RSTR,Malicious,PartOfAHorizontalPortScan
0.558810365726395,803.2748163854047,2307.339934026465,48,4,31541,8080,tcp,ssl,RSTO,Benign,None
0.006795140720309775,1340.1358652683082,50.98358484137075,95,1,26214,53,icmp,dhcp,SF,Malicious,DDoS
2.5146755209968985,459.5985217557525,58.794959753242594,2,2,28508,80,udp,http,RSTR,Malicious,C&C
0.11877442664977254,127.33025149964058,0.0,2,0,28552,8080,icmp,ssl,S0,Malicious,Mirai
1.1422440271931351,2950.7352142060035,510.5524017034981,5,10,44502,80,udp,dhcp,S0,Benign,None
0.017752964199372945,1284.7313425711607,59.04755908065491,78,2,35787,8080,udp,dhcp,SH,Malicious,DDoS
0.005457427734909084,1087.9205262507899,50.82114870800597,18,3,49983,53,icmp,http,RSTO,Malicious,DDoS
2.7764362447604074,402.58383853948953,123.3709504971946,3,2,60342,22,udp,ssh,SH,Malicious,PartOfAHorizontalPortScan
0.14573817358217062,188.2523711695639,0.0,4,0,62218,443,udp,ssl,S0,Malicious,Mirai
1.14027314828814,636.8940536549791,3292.75496630647,5,7,10098,443,udp,dhcp,SH,Benign,None
3.6719849904061106,410.89217563632707,2121.67322595918,1,3,1949,8080,tcp,ssl,REJ,Benign,None
0.19523554410543545,67.18562522713255,87.1716859215776,2,2,8245,22,udp,ssh,SF,Malicious,PartOfAHorizontalPortScan
1.4579057805804394,857.5806591513743,2573.822034534612,2,7,4134,443,udp,ssl,RSTO,Benign,None
0.018425049214508528,133.32565442942538,0.0,1,0,54489,8080,tcp,ssh,S0,Malicious,Mirai
0.6001468550683013,132.04331280126038,346.2147352334585,3,2,41431,8080,icmp,dns,RSTO,Malicious,C&C
0.5195020934639926,1558.133877275042,52098.770911337306,2,4,37060,8080,udp,dhcp,RSTR,Benign,None
0.5008462273218754,2327.4433353971776,82878.17523046887,10,10,13462,2323,udp,dns,S0,Benign,None
0.2148581737607405,157.45730377915103,0.0,2,0,13407,23,icmp,-,S0,Malicious,Mirai
0.033101446972271714,117.43052284945092,0.0,3,0,60993,8080,tcp,ssh,S0,Malicious,Mirai
0.012913838005777431,1310.2374139203912,39.32630248661441,23,0,58107,53,udp,ssh,REJ,Malicious,DDoS
0.005929572696479726,1106.6221386607974,39.95401368629066,54,4,49409,8080,tcp,ssl,RSTO,Malicious,DDoS
0.717511948415191,577.8425033829773,4602.054507032362,12,31,63132,443,tcp,-,REJ,Benign,None
0.003841952208834244,1208.551590820812,53.90631220451271,80,4,50741,80,icmp,http,RSTO,Malicious,DDoS
4.3769620499929625,134.83871006743576,62.11557865435307,4,2,20524,443,icmp,-,RSTO,Malicious,C&C
1.6701395071405638,951.1830798374962,386.4955453509483,12,45,59328,80,tcp,http,RSTR,Benign,None
3.319024169044912,274.68941915490944,222.85121377837962,3,9,51998,443,icmp,dns,SF,Malicious,PartOfAHorizontalPortScan
0.276928666086436,166.5978380004018,0.0,4,0,12905,23,icmp,http,S0,Malicious,Mirai
0.043880153982786885,621.0303242381435,3311.468840033032,11,12,4806,23,tcp,http,RSTR,Benign,None
0.19815925970172188,548.2816816343526,806.9927247497176,30,25,48553,23,icmp,ssh,S0,Benign,None
4.917604363824864,1682.9111984806593,202.83640609467932,4,11,6505,443,icmp,http,SF,Benign,None
10.779850930078576,44.58296051817375,1277.4984264838183,4,4,35198,53,tcp,ssl,S0,Malicious,C&C
0.5589952740221633,137.3124995913402,41.371598191068635,3,4,48028,22,udp,ssh,SF,Malicious,PartOfAHorizontalPortScan
0.07135823414634145,116.509187632867,202.0673495628857,2,1,24081,443,icmp,ssl,RSTR,Malicious,PartOfAHorizontalPortScan
0.014936429408016627,1220.1895216064252,53.09323498720218,64,2,5525,22,tcp,http,REJ,Malicious,DDoS
8.282142035813738,424.0003820060608,934.8665249393104,4,3,64592,53,udp,http,RSTR,Malicious,C&C
0.6127310330861785,901.2666053190628,43670.669086894144,7,62,42593,22,icmp,ssh,SH,Benign,None
0.73507197186236,363.01559893060664,1081.2664148971783,14,26,7981,22,icmp,dns,SH,Benign,None
1.4339127897828103,901.824139292107,1035.8518801424373,11,12,3591,80,tcp,ssh,REJ,Benign,None
0.002126399110738662,1136.032657920759,49.1239502378774,52,1,50203,2323,udp,ssl,REJ,Malicious,DDoS
6.585049395166294,252.23479242697604,2551.906824360732,10,99,41452,22,tcp,ssl,REJ,Benign,None
5.841048773650047,13.872811552298565,82.269963529857,3,1,52546,22,icmp,ssh,SH,Malicious,C&C
6.650443414548297,1450.1286364252792,176.96606435474098,3,19,10923,23,icmp,dhcp,REJ,Benign,None
0.14063366928602622,156.64981961578755,0.0,4,0,41210,23,tcp,ssl,S0,Malicious,Mirai
2.4544256660702977,390.1434658931932,208.34752390837536,5,22,30700,8080,icmp,dns,S0,Benign,None
0.06078360149813595,1216.1674465467818,46.84972009044661,11,1,18469,2323,udp,ssl,SF,Malicious,DDoS
3.8683422169588786,53.583010261240304,311.5673917728791,2,4,9824,8080,icmp,dns,RSTO,Malicious,PartOfAHorizontalPortScan
6.382439562402553,1439.5124762301928,15202.983858265052,4,4,59874,23,udp,http,SH,Benign,None
0.8788711384748124,511.81945491395635,929.7313631844949,6,40,46485,8080,tcp,ssl,RSTR,Benign,None
10.599486430204374,85.8226657425023,45.38593008025741,2,3,29398,23,tcp,dns,S0,Malicious,PartOfAHorizontalPortScan
0.2398394555826604,163.4987266454746,0.0,1,0,17133,80,udp,http,S0,Malicious,Mirai
0.02628970736577633,1183.7660241556143,28.94357474344964,45,0,25940,22,udp,ssl,REJ,Malicious,DDoS
0.19820141267128222,152.26334918857472,0.0,4,0,41609,2323,udp,dns,S0,Malicious,Mirai
9.989556399528505,1229.1194840086473,86.29908377341678,4,6,14052,53,icmp,-,RSTO,Malicious,PartOfAHorizontalPortScan
0.7266276431893961,851.6053486969095,16252.665365204111,42,14,24106,443,udp,dns,S0,Benign,None
12.578573443085075,171.3797342549762,169.95629464144668,2,1,46987,22,tcp,ssl,SH,Malicious,C&C
1.70728888820017,6.302283237904938,243.98155191162812,4,2,13430,443,tcp,-,REJ,Malicious,C&C
0.0002618088707045207,975.8359290831871,68.10526087567177,15,0,61421,22,tcp,dhcp,SH,Malicious,DDoS
4.429008394793095,4879.132070832485,11235.48674418045,12,10,3000,53,tcp,ssh,RSTR,Benign,None
2.0035899992934207,528.6752904792023,1006.2616592469776,10,8,52596,22,tcp,dns,RSTO,Benign,None
2.208860888155752,1092.4407815188595,155.23984787385064,4,2,56509,53,icmp,dns,RSTR,Malicious,PartOfAHorizontalPortScan
3.4358021203478364,104.50427839839726,274.10052967315573,2,2,55309,23,udp,-,SF,Malicious,PartOfAHorizontalPortScan
0.020143091272182136,1177.0356998623026,57.79922164828575,89,2,29412,23,udp,ssh,SF,Malicious,DDoS
1.5049766958044064,1844.5715009169537,18583.572238996036,5,15,62781,443,udp,http,SF,Benign,None
0.4731725875592898,1483.3633057869401,7133.690178195307,10,45,33546,23,icmp,http,REJ,Benign,None
0.018440606494074356,1242.9718376671162,51.47878608890187,90,2,56535,2323,udp,ssl,RSTR,Malicious,DDoS
0.04077041206753125,153.02170562371626,0.0,4,0,26378,2323,icmp,-,S0,Malicious,Mirai
2.881915024137695,293.8675762822315,85.39008443827251,2,1,53968,80,udp,dns,RSTR,Malicious,PartOfAHorizontalPortScan
2.94658575292958,610.7489665418132,579.3707861127648,2,3,6876,2323,icmp,http,SF,Malicious,C&C
0.0001230901892259253,1280.2029935270957,44.480276122315225,85,1,36813,23,udp,dhcp,RSTR,Malicious,DDoS
1.8735766479857179,410.4192826147424,1266.5322536165597,6,43,21805,53,tcp,dhcp,RSTO,Benign,None
0.9982896750275874,365.2248231966167,1958.8756430115457,1,15,3420,53,udp,dns,RSTO,Benign,None
0.0367162331760161,1097.27815440187,10381.3845108606,2,18,36364,23,udp,http,SH,Benign,None
0.6578403449499511,430.1049371779941,45.60023005638414,4,73,49532,2323,icmp,ssl,S0,Benign,None
0.00028017139551379935,1059.862081235462,54.06071881137514,93,1,50247,23,icmp,http,RSTR,Malicious,DDoS
0.2907608592089129,169.38396055898818,0.0,4,0,22110,2323,tcp,dhcp,S0,Malicious,Mirai
12.145160515005383,809.6538176704731,985.9560412825504,1,2,1517,443,icmp,dns,RSTR,Malicious,PartOfAHorizontalPortScan
0.32740118294621096,938.1089422214444,669.2803453157665,13,6,45097,53,udp,http,RSTR,Benign,None
0.4186753364645545,329.79741082450204,23.092955096738265,2,5,45765,53,udp,ssh,REJ,Malicious,PartOfAHorizontalPortScan
4.739813700566302,42.20778534560213,162.12490912361994,2,1,25456,443,icmp,-,RSTR,Malicious,C&C
3.881255464787154,36.495308330215664,64.56056604551915,2,1,35697,8080,udp,-,SF,Malicious,C&C
6.856445949017625,499.08472040119017,26.02406643551567,2,3,47720,80,tcp,dhcp,RSTR,Malicious,C&C
0.00345445868790939,1106.6109865987967,44.86559507066934,64,2,5010,8080,udp,-,S0,Malicious,DDoS
1.4260447055691103,236.23875509404994,89.18229446257784,2,2,18948,53,tcp,ssl,SH,Malicious,PartOfAHorizontalPortScan
0.0035629051860586293,1121.7550222677924,55.93639464375631,46,1,7900,2323,tcp,-,SF,Malicious,DDoS
0.26854110797760294,181.7682958091147,0.0,3,0,2618,443,tcp,ssl,S0,Malicious,Mirai
0.043078693488115584,1211.8186808977596,42.684930657710495,74,3,21035,22,tcp,-,REJ,Malicious,DDoS
0.18330017998967674,146.46154158682415,0.0,4,0,5614,53,tcp,dhcp,S0,Malicious,Mirai
3.6446679518805034,4222.188027864878,1848.5877837415553,14,8,53073,80,udp,dns,SH,Benign,None
0.004114075834287623,1222.8640138880105,71.56474167608187,46,3,16242,443,udp,dns,REJ,Malicious,DDoS
0.007225840631748592,1240.568952705809,44.26705646213435,83,3,48801,80,icmp,dns,S0,Malicious,DDoS
0.0157003956243681,1225.35796064072,46.185294869644174,33,1,28586,23,udp,dns,SF,Malicious,DDoS
0.010566283716103818,1114.9600894585901,35.28836617243397,96,2,4299,23,icmp,http,S0,Malicious,DDoS
0.11780353560374213,292.1925447336295,46.62925767844142,3,1,24256,8080,icmp,ssh,RSTR,Malicious,C&C
0.020823031179143366,1233.953708121227,40.72726581604488,26,1,29544,80,icmp,dns,S0,Malicious,DDoS
1.7532191413975755,153.47488495229587,1012.0982439020739,4,25,53178,8080,icmp,-,REJ,Benign,None
1.492766093967948,2085.131871807422,4314.276594394317,7,20,34089,23,icmp,ssh,RSTR,Benign,None
1.9918635357859849,646.339822199329,804.0813201296676,10,15,36974,8080,icmp,dhcp,REJ,Benign,None
0.17737109374674018,90.36761960645116,159.53629921535295,4,3,59553,80,tcp,dhcp,SH,Malicious,PartOfAHorizontalPortScan
2.663483179988396,162.98709605075007,801.5811466173568,4,3,53409,22,udp,dhcp,RSTR,Malicious,C&C
8.014220157403201,94.76044111553965,693.9146382921117,3,3,38483,53,icmp,-,SF,Malicious,PartOfAHorizontalPortScan
16.952409652381228,343.9781170380394,89.34954018572485,2,4,29830,22,udp,http,SH,Malicious,PartOfAHorizontalPortScan
0.047630110398946976,1044.752971568657,54.351893393308565,5,4,24017,80,tcp,ssh,SH,Benign,None
2.497578415319836,104.05309705569042,29.781002428997002,4,2,47403,23,tcp,dns,SF,Malicious,C&C
0.009148785810603481,170.21677928383545,0.0,3,0,29942,443,icmp,ssl,S0,Malicious,Mirai
0.0011188210939700634,1267.5238428720397,43.444277715618675,41,1,56827,2323,udp,ssl,REJ,Malicious,DDoS
1.4624376598105835,1024.2882090518399,10145.498533074538,11,5,56278,22,icmp,dns,SF,Benign,None
0.010963578308936413,1244.3760314621547,49.227868710793395,64,4,24926,8080,icmp,dns,SF,Malicious,DDoS
0.004501217329564189,1177.2143210278873,56.82708539092871,71,2,59983,23,tcp,ssl,SH,Malicious,DDoS
3.179578241866721,312.25516226469074,280.53967326846487,2,1,16608,2323,icmp,-,RSTO,Malicious,PartOfAHorizontalPortScan
0.06978086381465465,131.81766362644385,0.0,1,0,32849,2323,tcp,dhcp,S0,Malicious,Mirai
2.541756282390482,773.8201596543005,783.3976279796589,7,60,3692,8080,icmp,dns,SH,Benign,None
0.060832031447782486,75.70773304261435,735.2046764328343,1,1,53234,80,udp,dhcp,S0,Malicious,C&C
4.4627270969903305,189.97897308589376,84.6988502248407,4,2,56668,22,tcp,ssl,RSTR,Malicious,C&C
0.029304772733390733,122.87754096082584,0.0,1,0,38136,2323,icmp,ssh,S0,Malicious,Mirai
0.0007782096905078076,1022.4241710193746,53.71563906356799,12,1,10363,2323,icmp,ssh,RSTR,Malicious,DDoS
3.3187002019693965,139.37885133809868,37.70130710676259,9,3,52417,22,tcp,dhcp,RSTO,Malicious,C&C
4.0198431850789165,19.116684893349476,1071.2448552395595,3,4,8945,443,icmp,ssl,S0,Malicious,C&C
0.10824089361560278,73.69476975447444,10.252451998561735,3,5,7164,2323,udp,dhcp,REJ,Malicious,C&C
0.011995881384285298,163.45099349135873,0.0,3,0,19970,22,icmp,ssl,S0,Malicious,Mirai
0.0007082466146847198,1134.5523327696312,33.477035498914596,65,1,54626,443,udp,dns,SF,Malicious,DDoS
2.6277285090206397,1089.9278547902084,164.33485600620034,3,7,63532,2323,tcp,-,REJ,Malicious,C&C
3.893841486133833,120.86661862354744,126.23903851135856,2,2,18513,23,tcp,ssh,RSTO,Malicious,C&C
0.21277565674085933,157.19037763066478,0.0,1,0,37583,22,icmp,dns,S0,Malicious,Mirai
0.05886934367850869,113.04804885964876,0.0,4,0,39215,8080,tcp,ssl,S0,Malicious,Mirai
0.5002004973873113,2115.001972228643,11776.989575964939,2,23,47244,53,icmp,http,REJ,Benign,None
0.2952966140952656,93.91112106914173,765.757079518713,3,3,46251,22,tcp,ssh,RSTO,Malicious,PartOfAHorizontalPortScan
0.01837099693062223,1233.660925265874,42.44170484314354,18,1,20303,8080,icmp,-,SF,Malicious,DDoS
2.1196992835001183,148.14406967320673,290.80272375828764,4,3,5374,8080,tcp,http,SH,Malicious,C&C
2.605739353325825,227.60150607706217,38.950397355052836,7,2,9940,8080,icmp,-,RSTR,Malicious,PartOfAHorizontalPortScan
8.063664392515756,57.704259563728044,100.07828348701571,4,4,62565,53,udp,dns,SF,Malicious,PartOfAHorizontalPortScan
0.13189527837672319,5447.7848033052105,5565.359919408841,6,12,19307,2323,tcp,dhcp,RSTO,Benign,None
7.622901889722732,46.02565644696694,45.635010750862236,3,2,50303,53,icmp,dns,RSTO,Malicious,C&C
0.11001563566304623,144.75585751107002,0.0,4,0,10109,2323,tcp,ssh,S0,Malicious,Mirai
2.9586311002131467,805.157998159371,1583.4488715640975,23,16,42005,22,udp,ssl,RSTO,Benign,None
0.022935379175964936,1188.090374517627,43.69444733805344,75,2,35655,8080,udp,http,SH,Malicious,DDoS
0.08676817085065235,160.24055286530518,0.0,1,0,54821,23,icmp,dhcp,S0,Malicious,Mirai
0.4549709613223623,251.11251606950742,513.0965942238075,6,33,27548,443,udp,-,RSTO,Benign,None
0.41765542863616983,162.33926357297364,0.0,2,0,57758,2323,udp,dhcp,S0,Malicious,Mirai
2.377987997159535,617.8665591696471,1578.2197243270634,6,32,13789,8080,icmp,http,RSTO,Benign,None
2.822183952013995,280.4590250589913,2932.793797437338,7,9,41320,2323,udp,dhcp,REJ,Benign,None
0.0021112785896608634,961.0012821964218,61.21365403467164,59,1,4994,443,icmp,-,REJ,Malicious,DDoS
0.0025431383841525135,1140.087760729446,58.08576405990583,30,3,48504,23,icmp,ssl,RSTR,Malicious,DDoS
3.6677284012140294,217.00230395110248,20.88889516879931,2,2,33417,22,tcp,http,REJ,Malicious,C&C
2.2332134812030815,931.05886593645,61.52633513879111,3,6,59152,443,icmp,http,REJ,Benign,None
5.397214354285058,3737.9826467073444,6429.679811981302,8,12,35040,443,udp,ssl,REJ,Benign,None
1.7261726360651128,298.01364601449814,51.113286673162285,4,1,32259,80,udp,ssl,SH,Malicious,PartOfAHorizontalPortScan
0.09089654575255375,116.00040386751307,0.0,3,0,16529,53,icmp,dhcp,S0,Malicious,Mirai
0.007797247967054744,148.54906769452978,0.0,1,0,12434,2323,icmp,ssl,S0,Malicious,Mirai
0.2220406612644943,1500.955592282051,672.1579130032047,9,5,42708,53,udp,dns,RSTO,Benign,None
5.460923497720166,297.79710523761673,188.02594472021767,2,1,22156,22,icmp,dhcp,RSTO,Malicious,C&C
0.0015355577061022115,1235.6459685130874,49.95662546822663,85,2,14006,443,tcp,ssl,SF,Malicious,DDoS
0.9836078777633773,2362.5903504201397,18178.910803536626,1,77,11134,23,tcp,ssh,SF,Benign,None
0.5113720655497616,3214.7666175536756,4825.775435988149,10,48,50308,2323,tcp,http,RSTO,Benign,None
4.699781830652078,78.1451915337706,129.10319093719716,2,2,32217,2323,tcp,http,SH,Malicious,PartOfAHorizontalPortScan
1.7035546265854138,1326.2838927171513,172767.90104113056,4,10,13732,22,icmp,http,RSTO,Benign,None
1.3398545921236817,256.95959155303933,2161.1249214729887,6,10,57421,80,icmp,-,REJ,Benign,None
2.0598722970329844,107.3442254616683,17.02866559892019,4,2,65377,80,udp,dhcp,RSTR,Malicious,PartOfAHorizontalPortScan
0.08113066582557851,321.99803813618774,14792.7674252154,14,16,50647,8080,icmp,http,S0,Benign,None
3.661517073769256,81.71396955810681,96.94036841656998,3,2,11352,2323,icmp,ssh,SH,Malicious,PartOfAHorizontalPortScan
9.028661310790106,37.781972440850964,546.1459076358315,2,3,20917,8080,udp,dhcp,RSTR,Malicious,PartOfAHorizontalPortScan
3.8992299221551607,134.99623021087598,466.9258431394099,3,4,38718,8080,icmp,-,SF,Malicious,PartOfAHorizontalPortScan
8.259911423000489,389.1794060685646,174.25507719148877,2,2,42919,2323,tcp,ssh,REJ,Malicious,PartOfAHorizontalPortScan
0.015004526053040161,1231.6178563975964,48.00628805270168,67,0,11530,2323,icmp,http,SF,Malicious,DDoS
3.720562163226992,2443.1126684525793,31546.731342386418,5,16,49154,443,tcp,http,RSTR,Benign,None
1.4571605865088912,676.1536924105518,149.46998184735287,6,3,30132,22,udp,-,REJ,Malicious,PartOfAHorizontalPortScan
1.6892821963927847,785.4196214463714,1480.9836685358418,6,44,11929,8080,icmp,ssh,RSTO,Benign,None
8.401988940203417,82.02182590196308,28.54050809791602,3,1,37069,80,tcp,dns,S0,Malicious,PartOfAHorizontalPortScan
7.385964356921798,94.50671193566005,178.84382070043924,2,4,38403,443,tcp,-,RSTO,Malicious,C&C
6.594378985280742,870.3751964861058,115.97378184387507,3,4,18514,8080,udp,ssl,REJ,Malicious,C&C
0.3982689882500507,296.6528538672695,1045.0428565642605,51,42,56742,2323,icmp,http,SF,Benign,None
4.21007306961914,466.5827241087974,3226.0860646410933,2,6,22364,8080,udp,ssl,S0,Benign,None
0.3843898958435654,1099.4523394445766,34623.49757997803,3,30,52374,8080,icmp,dns,REJ,Benign,None
10.778988469941124,25.441194807219485,52.06813957185282,4,2,46308,22,udp,dhcp,RSTR,Malicious,PartOfAHorizontalPortScan
0.00905186303895068,1103.5493606737232,68.7341512361215,44,1,23367,8080,icmp,dns,S0,Malicious,DDoS
5.7034936416062445,67.84602044957667,60.23435312597454,3,2,3181,23,udp,dns,SH,Malicious,C&C
0.8601280133828398,400.7628785933317,48417.37948352277,6,46,32217,23,udp,http,S0,Benign,None
0.0032300822845049587,1257.650995275608,51.484419788441095,66,2,60426,22,tcp,ssl,REJ,Malicious,DDoS
4.655433237473032,156.99967662343096,535.9567133034604,5,1,22110,80,udp,dhcp,REJ,Malicious,C&C
0.12305075932450377,133.41251691922614,0.0,2,0,50381,22,tcp,http,S0,Malicious,Mirai
9.906042663631076e-05,1221.3798391390014,49.05128570360274,40,1,46860,2323,icmp,ssl,RSTR,Malicious,DDoS
0.9797897433955598,514.0780147321899,11207.446403820752,14,27,53049,53,udp,ssh,REJ,Benign,None
0.009344289476834616,1313.8093617354068,47.360157030827885,68,0,62494,23,tcp,http,RSTO,Malicious,DDoS
0.016786245525479557,1152.036543374921,49.90188408397803,39,2,59914,80,tcp,-,RSTR,Malicious,DDoS
0.009579924550029208,1243.0392894263775,51.681288658906006,65,2,51102,22,icmp,http,S0,Malicious,DDoS
0.001996039864443922,990.102627215995,52.90337635241637,79,1,11643,23,tcp,ssl,SF,Malicious,DDoS
0.5743748608995024,33.33616391345071,244.5391137419008,4,3,61345,53,icmp,ssh,S0,Malicious,C&C
2.704929663725831,1427.4137285281427,357.6565362248607,5,16,7607,22,icmp,ssh,SF,Benign,None
0.0047168977191824266,1124.6235527654167,49.51461657013698,81,2,15446,443,tcp,-,REJ,Malicious,DDoS
13.663320283648277,306.2793887632306,128.97044637576005,3,2,24618,53,udp,dns,SH,Malicious,C&C
20.706288901087984,235.42123644855138,134.01385931409283,2,3,62969,23,udp,ssh,S0,Malicious,C&C
2.2564349031157267,969.6893492162802,16754.073411747406,10,17,46603,2323,udp,dns,RSTR,Benign,None
2.162542374685637,3620.2880580174988,2991.3877676660136,15,2,52342,8080,icmp,ssl,SF,Benign,None
2.8813566590441235,207.67442072907218,117.48361466725623,3,2,9062,2323,tcp,dns,RSTR,Malicious,PartOfAHorizontalPortScan
0.06160156794780052,481.3150308806052,3321.3232777613516,35,36,38729,443,icmp,http,REJ,Benign,None
1.4417565659807257,616.5786379559921,7437.2521192889535,8,14,13475,80,tcp,-,SH,Benign,None
0.11350498062088761,150.3481847670521,0.0,2,0,38597,443,udp,dhcp,S0,Malicious,Mirai
0.004464361097002424,1193.1929332731547,55.267254766333835,21,4,9797,23,tcp,-,SH,Malicious,DDoS
1.4954102806341447,1906.0101311218489,1952.7538303497802,14,22,11127,22,icmp,-,SH,Benign,None
4.087072829577056,666.4748764144903,5379.970242263708,38,29,31483,443,icmp,ssl,REJ,Benign,None
3.026713549025748,308.9344160353307,162.94977412927358,2,3,19793,8080,icmp,-,RSTR,Malicious,PartOfAHorizontalPortScan
6.3994792083301135,1012.9609376642611,156.90432934331605,3,6,32218,23,icmp,ssl,RSTO,Malicious,C&C
0.06701244445454978,160.546993389348,0.0,4,0,18359,2323,icmp,-,S0,Malicious,Mirai
0.0253627387651432,1003.7078865845076,49.136635654002475,91,1,44919,80,udp,dns,S0,Malicious,DDoS
0.007194366867676005,1213.3383508486584,48.35302047142028,11,0,6711,80,tcp,ssh,RSTR,Malicious,DDoS
0.44303268639158366,129.84740361719665,0.0,4,0,27838,443,tcp,-,S0,Malicious,Mirai
0.33763995072158287,1689.8116875151427,3184.364158651039,4,100,12104,22,icmp,dhcp,SF,Benign,None
1.4045368742654392,877.791431609483,5871.893491626844,5,4,34684,2323,icmp,ssl,S0,Benign,None
17.66933028989078,97.3218119198845,222.58167446402257,4,3,22589,23,tcp,ssl,SH,Malicious,PartOfAHorizontalPortScan
6.688949229716625,103.87911811630566,85.24014334991443,4,2,43600,22,udp,dns,RSTO,Malicious,PartOfAHorizontalPortScan
0.0007991696135267849,1387.65934667888,50.83119016328193,39,1,36721,443,udp,ssh,SH,Malicious,DDoS
0.040743818042221755,86.7785451633172,82.75979896047457,2,1,51836,53,tcp,http,SH,Malicious,C&C
1.913547367544987,364.79877960048515,810.6890959484203,62,10,26310,443,tcp,http,SF,Benign,None
6.0658634830817375,756.9666084241744,11042.91908992032,3,32,16130,8080,tcp,dhcp,SF,Benign,None
0.1576019769361389,101.04895832434086,132.84152382985098,1,2,50517,23,tcp,ssh,RSTR,Malicious,C&C
10.285490677675117,444.2812611658559,1265.3621662148842,7,0,15101,443,udp,ssl,SH,Malicious,PartOfAHorizontalPortScan
1.988766655318701,1820.8949005632753,757.6258393677717,5,2,43973,80,udp,ssl,RSTR,Benign,None
3.3027713143838278,129.20131785781473,19.446422608421162,2,5,26576,80,udp,ssh,S0,Malicious,C&C
0.756395689134831,96.56857102345319,128.99324653317885,2,3,62969,443,icmp,ssh,SH,Malicious,PartOfAHorizontalPortScan
2.006428096328002,8029.941890538137,6315.312829324617,10,3,51602,22,udp,ssh,SF,Benign,None
0.01906513614460695,1347.2732464522783,51.42951876553646,10,2,45707,23,udp,http,SH,Malicious,DDoS
5.330280371760795,1129.3942327377488,1613.3163234148071,3,3,53921,2323,icmp,ssl,SH,Benign,None
0.0007988633722703788,1240.0271165953525,63.60893677117648,26,4,51907,443,tcp,http,SF,Malicious,DDoS
0.47060852330518627,2736.3814314820997,445.39009979369973,6,32,52274,53,icmp,ssh,RSTO,Benign,None
0.9456554865972591,398.11292309406764,1420.971459030877,3,3,43780,23,udp,-,S0,Benign,None
1.482136023902913,1183.146904669512,255.16841570732467,4,30,59777,53,tcp,http,RSTR,Benign,None
1.6247671160413941,36.960054780025686,79.27665966845029,7,3,39533,22,tcp,-,RSTR,Malicious,C&C
0.09596021356456902,167.8929093668108,0.0,1,0,4507,23,tcp,-,S0,Malicious,Mirai
6.524315357436593,849.7689384108282,1471.355251519998,4,10,3849,8080,udp,ssl,S0,Benign,None
1.6080742958653247,251.59459542011592,74.03400939260186,5,2,53351,8080,udp,-,REJ,Malicious,C&C
0.02907067747082909,1192.1327503976618,42.897786691350596,56,2,62876,8080,udp,dhcp,SH,Malicious,DDoS
0.015839579709067946,160.8027264368973,0.0,3,0,33923,443,tcp,ssh,S0,Malicious,Mirai
13.325834355102383,52.92637390345505,71.87827425849595,5,4,43604,23,udp,dhcp,RSTR,Malicious,C&C
0.007274805568254799,1217.1984304292766,55.29696191338625,71,4,24218,2323,udp,ssl,REJ,Malicious,DDoS
0.0010964855665894409,933.3511758224662,43.7124840075967,10,2,62641,80,icmp,-,RSTR,Malicious,DDoS
0.167718883149109,158.9399935814981,0.0,4,0,2331,22,tcp,http,S0,Malicious,Mirai
0.003957592381848099,139.47279325209337,0.0,1,0,51427,23,tcp,http,S0,Malicious,Mirai
1.931875651552367,725.7139497489995,1895.4549570917982,3,9,47055,22,icmp,-,SF,Benign,None
0.008659282587061931,1247.3992127598863,52.180785729448004,97,1,42030,443,tcp,-,SH,Malicious,DDoS
3.0425646901053756,212.12145917304926,181.987545811255,2,3,12392,53,icmp,ssl,RSTR,Malicious,PartOfAHorizontalPortScan
3.6507817349038145,108.90682387639302,66.70427347648156,4,1,11377,2323,udp,-,RSTO,Malicious,PartOfAHorizontalPortScan
2.731882062295757,831.9369596856279,1765.598384297128,9,30,1176,443,icmp,ssl,S0,Benign,None
3.183600749586171,760.5716602709048,65.68444863665243,3,2,40904,443,icmp,dhcp,SH,Malicious,C&C
0.026646377349978257,153.96115101450465,0.0,1,0,18318,23,icmp,dns,S0,Malicious,Mirai
0.020700697247731995,1244.8773127961715,42.57555140287497,98,2,64684,8080,icmp,dhcp,SH,Malicious,DDoS
0.41062088570993166,1186.3215046102905,4244.845896871684,3,3,25846,80,icmp,ssh,S0,Benign,None
0.35225540941639977,351.4792923478904,548.3756248021783,3,12,65148,53,tcp,http,SF,Benign,None
6.077599649960458,586.0977991592159,2451.535087323369,16,3,39192,443,udp,ssh,RSTO,Benign,None
0.0033892353104694063,1113.960944822436,60.785036857130834,47,4,4614,22,udp,dns,S0,Malicious,DDoS
0.1647153871529691,69.36974993478947,149.93800215434956,3,4,9503,8080,udp,ssl,RSTO,Malicious,PartOfAHorizontalPortScan
0.13261844040883616,426.926446609264,3755.5622822565624,4,8,8694,8080,tcp,dhcp,RSTO,Benign,None
1.0619423481085513,245.36254958708616,14102.232671827678,3,18,49010,22,icmp,dhcp,SF,Benign,None
3.169435587791339,611.6633662427535,2420.0585735025484,11,4,56270,22,tcp,-,REJ,Benign,None
0.7505005584470652,903.6360770655492,106.58654341433922,2,0,19081,80,icmp,dns,REJ,Malicious,PartOfAHorizontalPortScan
0.0006485648181838707,1090.2485329894832,56.82140595363747,15,3,4553,443,udp,ssh,RSTR,Malicious,DDoS
1.1186380743649214,177.85944443433056,56.78317132445394,2,3,5014,80,tcp,-,SH,Malicious,PartOfAHorizontalPortScan
0.24400525787731103,9638.13428472407,879.6065337285246,3,25,2326,22,tcp,http,S0,Benign,None
0.11362604903600189,177.37853634843304,0.0,3,0,59651,22,tcp,dns,S0,Malicious,Mirai
0.013914288162716199,1400.9973518293523,38.6727018338702,94,0,38583,53,tcp,ssh,REJ,Malicious,DDoS
0.40257844754201544,712.7991604852989,657.780627037347,2,1,27325,2323,tcp,dns,RSTO,Malicious,C&C
0.011213929543688146,1360.847629514177,47.4769343451013,66,4,5215,2323,icmp,dhcp,RSTO,Malicious,DDoS
3.761270895808795,3545.7755801877956,360.7785789230424,32,3,65342,443,icmp,dhcp,RSTR,Benign,None
0.03134420362452253,1140.2622541206586,48.96704406636508,96,3,61609,22,tcp,ssl,SH,Malicious,DDoS
0.00334779057377488,1093.7288239356565,60.14508030327775,68,0,51454,8080,tcp,dhcp,REJ,Malicious,DDoS
0.0022331550546931178,1239.8904836523295,35.459713964796656,50,1,14658,80,tcp,http,RSTR,Malicious,DDoS
6.1169195720204375,562.6004004804925,87.40256525961621,3,2,40454,22,tcp,dns,REJ,Malicious,C&C
0.026310777968675755,207.70828997211186,882.793138301245,8,2,12568,2323,icmp,dhcp,RSTO,Benign,None
0.026173197217598237,132.02108049111763,21.02172546381152,5,5,23455,22,tcp,dns,SH,Malicious,PartOfAHorizontalPortScan
0.009917490114490444,1147.4642444971312,38.65834358662691,28,3,32197,53,tcp,-,SF,Malicious,DDoS
0.3961239611255628,109.51271771718217,194.57629511676404,6,1,32927,2323,udp,ssh,SF,Malicious,PartOfAHorizontalPortScan
3.931869918754028,75.06925521394507,123.72012236449022,2,2,61061,23,icmp,dns,REJ,Malicious,C&C
0.03527753011464946,147.7011577799176,0.0,4,0,45112,2323,icmp,ssl,S0,Malicious,Mirai
0.026676064471136775,1182.9763309452114,43.53587120409143,32,0,38629,443,icmp,dhcp,REJ,Malicious,DDoS
5.406298341023935,354.972725915558,277.6412875327529,5,2,56981,80,udp,dhcp,S0,Malicious,C&C
0.17037945746155658,166.452382590481,0.0,1,0,16569,80,tcp,http,S0,Malicious,Mirai
5.84029599792516,3321.079264196585,1922.2239296494706,18,11,11939,2323,icmp,-,RSTR,Benign,None
0.022866245036238655,1286.703164288005,55.419375160893985,77,1,31318,443,icmp,ssh,S0,Malicious,DDoS
3.133691203571691,139.5838985336908,121.01063268748597,3,3,43067,23,udp,http,S0,Malicious,C&C
0.9597038232370618,808.3210533070991,1653.2504660213058,12,12,33463,80,udp,ssl,REJ,Benign,None
6.667792381957829,16111.8839892172,7653.997550989431,22,23,62109,22,udp,dns,RSTR,Benign,None
8.661811860880333,1016.3318265320104,232.04592737712244,9,3,21788,8080,udp,ssl,REJ,Malicious,PartOfAHorizontalPortScan
2.05518724691227,1705.2231738921244,1086.5033947048623,3,6,27436,22,icmp,dhcp,SF,Benign,None
0.02164327574898955,123.53599085494209,0.0,1,0,37422,443,icmp,dhcp,S0,Malicious,Mirai
5.360895677134035,1285.8279244193216,75.20422907351515,3,2,36420,8080,udp,http,RSTO,Malicious,PartOfAHorizontalPortScan
0.02618994143317871,156.4767780775617,0.0,4,0,32181,80,icmp,ssh,S0,Malicious,Mirai
0.016632150214248572,1024.500672583396,41.14128557684286,28,3,33692,22,udp,-,RSTO,Malicious,DDoS
9.567274469777105,467.64817339411996,283.9471717320494,3,7,40605,8080,udp,dns,RSTO,Malicious,C&C
5.488843789228048,1924.3680627254282,4375.741295847217,3,15,28889,53,icmp,ssl,S0,Benign,None
0.012503174235974274,115.05273702658032,0.0,2,0,62724,22,udp,dhcp,S0,Malicious,Mirai
0.03624867939097698,131.81261366578366,0.0,3,0,25258,443,tcp,ssl,S0,Malicious,Mirai
4.3349366634178645,37.55176265845323,60.48912220415986,2,6,44323,23,udp,ssl,RSTO,Malicious,C&C
0.0034307513279073355,1327.14747160858,48.167442697622796,90,4,37733,22,udp,-,RSTR,Malicious,DDoS
0.04157693847649722,967.8295639716567,629.079745726031,42,6,39076,443,udp,dns,SF,Benign,None
0.28912958890230644,135.24289740719198,0.0,2,0,8160,8080,icmp,ssh,S0,Malicious,Mirai
1.5780546322193922,82.98085999384901,41.38875218928192,2,1,19777,53,tcp,dhcp,SF,Malicious,PartOfAHorizontalPortScan
0.16426708359408818,151.32628607584252,0.0,3,0,24917,443,tcp,dns,S0,Malicious,Mirai
1.0896805666657348,26505.15396104619,4087.6220976911272,6,70,20249,443,udp,-,SH,Benign,None
0.178926170991369,122.64349404765412,0.0,1,0,54514,23,tcp,ssl,S0,Malicious,Mirai
0.00963705216079682,1258.950775582393,57.168092823731214,94,3,7000,53,icmp,ssh,SF,Malicious,DDoS
0.07050878308815929,173.15010358260992,0.0,1,0,50269,53,tcp,dns,S0,Malicious,Mirai
0.15182487789656174,156.27699183872127,0.0,3,0,41999,8080,udp,dhcp,S0,Malicious,Mirai
3.272829453288437,67.0175032683571,95.94071980593571,4,4,43628,2323,udp,ssl,REJ,Malicious,PartOfAHorizontalPortScan
0.0028486778824588876,1121.38143791127,48.35997082045352,79,0,1316,23,tcp,dhcp,REJ,Malicious,DDoS
0.008787702867439422,162.7960017588426,0.0,1,0,25337,80,icmp,ssl,S0,Malicious,Mirai
0.002098151995198682,1134.313590755447,53.58230949181456,14,4,4231,2323,tcp,dhcp,S0,Malicious,DDoS
0.06771410361079483,6.029441527602249,514.231925424643,5,1,40348,22,tcp,ssh,RSTO,Malicious,C&C
3.465025251481551,207.15647786060978,114.65709545327032,2,4,47595,22,tcp,http,SF,Malicious,C&C
0.8689001601789056,801.5066867200959,1248.6569413331683,8,4,34513,22,tcp,ssl,S0,Benign,None
4.972260516491794,164.2517692469877,37.980269281691605,2,4,14843,443,udp,-,SF,Malicious,C&C
1.3720772733181026,281.5458177176009,6373.665987747222,19,15,6401,23,icmp,dhcp,REJ,Benign,None
3.3116807804540622,753.393586469611,10.216220873222342,1,2,8815,80,icmp,-,SH,Malicious,C&C
4.153752133025288,119.09702518760594,1484.5287009038002,22,3,24849,8080,icmp,-,S0,Benign,None
9.1951854106084,79.5229164881408,1068.6696259462747,3,2,64790,8080,udp,dhcp,SH,Malicious,C&C
3.1974077163743826,268.07553513655887,34.63622426997373,4,1,60349,22,udp,http,SH,Malicious,PartOfAHorizontalPortScan
0.1308648980514211,187.49192874656586,0.0,1,0,9498,80,udp,http,S0,Malicious,Mirai
0.09828253204184388,202.79464514743282,0.0,3,0,33445,443,tcp,dns,S0,Malicious,Mirai
0.008422123225473817,1158.9824431722177,36.980135578055695,31,0,38846,2323,tcp,dns,RSTO,Malicious,DDoS
21.163227737957,61.11371123343409,59.90601203952296,3,1,4542,443,icmp,-,RSTO,Malicious,PartOfAHorizontalPortScan
4.881110775573162,785.1534737817911,268.177377450108,6,2,20978,8080,icmp,ssh,SF,Benign,None
0.00571484107246184,147.58910664298637,0.0,2,0,39650,2323,tcp,dns,S0,Malicious,Mirai
0.474094559651115,112.25812951604317,0.0,2,0,44595,8080,udp,http,S0,Malicious,Mirai
9.624614888382672,520.9721797725175,462.81332789179345,3,5,28165,2323,icmp,ssh,SF,Malicious,PartOfAHorizontalPortScan
0.08948979028777354,133.92740107286113,180.69228214829604,6,1,27967,443,icmp,dhcp,REJ,Malicious,PartOfAHorizontalPortScan
1.699219736666696,65.97008047633703,62.052091373057095,2,1,40153,8080,icmp,http,SH,Malicious,C&C
0.055207977194308644,142.312136180663,0.0,2,0,49890,2323,icmp,-,S0,Malicious,Mirai
3.953112753304109,43.10403190715048,1105.3736918090688,5,1,51345,443,udp,ssl,RSTO,Malicious,C&C
0.04532440607689661,157.98536047344555,0.0,2,0,50536,8080,icmp,ssl,S0,Malicious,Mirai
0.4827661311284351,3375.8439552629807,6057.056977307695,4,10,61923,443,udp,http,REJ,Benign,None
1.1880491452905353,5578.755781278928,2884.9097205180065,9,98,25378,53,icmp,dns,REJ,Benign,None
0.30922544919331213,159.5743298311998,0.0,3,0,24793,22,tcp,http,S0,Malicious,Mirai
1.7218841810646033,125.15829154669822,54.93974432865952,2,1,6639,53,tcp,http,SH,Malicious,PartOfAHorizontalPortScan
0.02968032785354151,144.15707874116794,0.0,1,0,38270,2323,udp,dns,S0,Malicious,Mirai
0.2312358580631691,8178.192734950957,3006.309985986212,13,11,19727,2323,icmp,dns,REJ,Benign,None
2.973986353750924,1130.3966545631515,4797.798329887618,26,27,3963,2323,udp,ssh,RSTR,Benign,None
1.466512819919514,764.1478160442243,122.77316611744368,3,1,5485,80,icmp,-,S0,Malicious,PartOfAHorizontalPortScan
9.468244928386948,51.87867571219292,84.64464253294602,5,2,40152,22,udp,ssh,SH,Malicious,C&C
0.10814473742606419,163.47993534749148,0.0,3,0,64548,53,udp,dns,S0,Malicious,Mirai
7.923534461457046e-05,1036.781934393337,47.860342767733805,65,1,17297,2323,udp,http,SF,Malicious,DDoS
0.003907251773216495,1153.260940096084,46.445682008072005,71,0,53668,2323,tcp,dhcp,RSTO,Malicious,DDoS
0.009168960267166888,136.2688523375424,0.0,2,0,41982,8080,tcp,ssl,S0,Malicious,Mirai
5.111904145433744,423.6802103248449,3457.7664130800185,43,6,3109,8080,udp,-,SF,Benign,None
1.5130225740599488,299.5894768417128,87.53680009320658,2,0,36220,443,udp,dns,RSTR,Malicious,PartOfAHorizontalPortScan
0.09808862975852406,417.0363447379378,2022.9364897238684,5,18,52198,80,icmp,ssl,RSTR,Benign,None
0.5042050611787806,2375.7140075521743,403.82092804248487,5,30,51110,23,tcp,http,REJ,Benign,None
1.1531285698906861,4681.599832943242,3928.2589001286974,7,5,59814,2323,icmp,dns,REJ,Benign,None
6.913178138994099,33.63857803393354,459.8184893128288,4,2,31141,2323,udp,ssl,REJ,Malicious,C&C
11.567717672920288,341.3293030220198,227.25851647339937,3,3,17674,80,icmp,ssl,RSTO,Malicious,C&C
6.467602498081062,88.21906118716072,39.86476349922133,5,4,34644,53,udp,-,RSTO,Malicious,C&C
1.6490621278276365,143.48630300349924,119.23933731544088,2,0,25408,23,icmp,-,RSTR,Malicious,PartOfAHorizontalPortScan
1.779061639945973,296.3453120292599,1067.7476385715904,4,10,14538,443,udp,dns,S0,Benign,None
12.821713299554983,126.27055702245762,67.16111776325904,3,2,12173,443,tcp,ssl,S0,Malicious,PartOfAHorizontalPortScan
7.107244171746021,532.7500067534331,583.4669724346329,10,19,48804,23,tcp,dns,RSTR,Benign,None
0.0049784151148974665,157.74293313538166,0.0,3,0,62151,2323,tcp,http,S0,Malicious,Mirai
2.962997971398378,3683.4937851701657,7769.661915476433,40,7,23157,443,udp,dhcp,SF,Benign,None
0.003685613790645474,1233.4305551788605,21.03075362902002,78,4,46052,23,icmp,ssl,S0,Malicious,DDoS
0.5411332336205122,1709.2945936266813,1180.6351996189467,4,6,60981,80,udp,http,SH,Benign,None
1.034076277526692,827.9811738292185,160.77072020813594,4,2,13394,22,udp,ssh,RSTR,Malicious,PartOfAHorizontalPortScan
0.014355312350334453,1233.0031553933297,45.694124288843035,28,1,21874,53,udp,ssl,SH,Malicious,DDoS
1.4394187521466768,62.756125787043345,120.11122625220833,4,5,42512,2323,icmp,ssh,S0,Malicious,C&C
0.0011756044218729452,1308.1277901646429,33.575140500550525,41,1,62285,80,icmp,-,RSTO,Malicious,DDoS
2.0851075689711087,650.6276934997289,2441.120065732696,5,3,52553,22,icmp,ssh,S0,Benign,None
1.8709606381236692,206.3488842255253,480.93201803656586,4,1,25483,443,tcp,ssl,S0,Malicious,C&C
0.7294169548160967,133.58653386645614,174.65735464749974,3,2,63868,23,tcp,dns,SH,Malicious,PartOfAHorizontalPortScan
0.711938154812155,3695.922689598321,836.763814107961,9,39,19290,443,udp,-,SH,Benign,None
0.0011888451471886543,1317.2988777228138,47.484223474098535,32,2,26296,53,tcp,dns,S0,Malicious,DDoS
5.482839229109656,170.29153594554168,141.73386084309553,3,2,15878,8080,icmp,http,SF,Malicious,C&C
0.28027018474653614,1116.1307701436176,8325.047590505354,3,58,56548,2323,udp,dns,SH,Benign,None
0.01879175610139355,1293.787225737303,44.006683953604444,88,0,49812,80,icmp,ssh,RSTO,Malicious,DDoS
17.628580948021046,298.7185290714741,223.64526929486215,5,3,51655,2323,udp,dhcp,REJ,Malicious,PartOfAHorizontalPortScan
1.3942945192695888,234.2261453205055,60.29892036666976,4,1,57332,2323,tcp,ssh,RSTO,Malicious,C&C
0.008011113490208723,1248.995229276551,50.97513725517126,67,1,9070,2323,udp,dhcp,SH,Malicious,DDoS
5.685642883343106,359.18314090810895,297.34716346639993,3,3,6104,2323,udp,dhcp,RSTO,Malicious,PartOfAHorizontalPortScan
1.2536571253274358,1504.7409230217447,5310.857122857249,10,13,19186,53,icmp,dns,REJ,Benign,None
1.8860453911631303,508.7385111170295,19517.848508661664,28,92,45912,23,tcp,ssl,SF,Benign,None
10.829194472452745,559.3503068713474,182.81313348266113,1,1,26340,8080,icmp,dns,RSTO,Malicious,C&C
0.0399612472453372,166.4192352085931,0.0,3,0,23193,53,udp,ssl,S0,Malicious,Mirai
8.774858878641997,322.8502965702737,429.53249716019576,2,5,65413,53,icmp,dns,REJ,Malicious,C&C
4.19225486913767,168.8471995456592,162.1565041445527,4,1,50851,8080,tcp,ssh,REJ,Malicious,PartOfAHorizontalPortScan
0.03523124121447373,1160.605076094791,38.65992765724712,10,2,54376,443,udp,http,RSTR,Malicious,DDoS
0.5444552918774423,918.3007531812384,83.18561064919078,21,4,56342,80,icmp,http,REJ,Benign,None
4.866021023020309,152.9391184415605,290.876716732212,6,2,4395,80,tcp,dns,SH,Malicious,PartOfAHorizontalPortScan
0.028551873937185657,149.16362123206463,0.0,3,0,46027,80,icmp,dns,S0,Malicious,Mirai
1.2549040363561546,715.4814004315291,2133.330949835138,4,30,41733,80,icmp,-,SH,Benign,None
0.6902002852710176,929.0891489129967,3845.5605247730978,8,9,38912,80,tcp,dns,S0,Benign,None
0.0009598697066713742,180.77417329508222,0.0,1,0,54971,8080,udp,http,S0,Malicious,Mirai
0.029091576147527116,172.96259690346548,0.0,1,0,45016,80,icmp,http,S0,Malicious,Mirai
0.03784976528944793,181.78701131887738,0.0,2,0,46275,8080,udp,dns,S0,Malicious,Mirai
1.9518594655255872,80.62717895415038,326.10704256032153,3,1,32112,23,tcp,ssl,REJ,Malicious,C&C
0.9728042602297917,1261.161946402764,2543.603906398434,5,6,27202,53,udp,http,RSTO,Benign,None
11.287718661191676,115.40803250521793,21.9088921731093,5,3,53421,8080,tcp,ssh,SF,Malicious,C&C
0.014524103458581562,175.4878080441891,0.0,1,0,50363,2323,udp,ssh,S0,Malicious,Mirai
0.0005396418266751581,1038.096314717806,44.588870867810115,22,4,49925,8080,tcp,dns,REJ,Malicious,DDoS
7.249126880202842,797.1750590200852,2907.9382840258204,3,1,63623,53,icmp,http,SH,Benign,None
5.394161080351595,648.0216410542865,5611.84498730452,4,3,24999,2323,tcp,http,S0,Benign,None
1.456026995350975,87.35514213560592,72.7544807334824,3,1,62565,53,tcp,dhcp,REJ,Malicious,C&C
7.725653395364515,253.83143509617088,100.5153000376236,2,9,63577,8080,icmp,-,SF,Malicious,PartOfAHorizontalPortScan
2.163283060450984,880.907486780971,200.2899440345412,11,2,44122,53,udp,http,S0,Malicious,C&C
1.4550089283534744,577.8304365402118,387.6476348126303,3,17,36862,53,tcp,-,SF,Benign,None
0.05916614879544172,200.77181187300872,1550.2009975338399,2,360,17103,8080,tcp,ssl,RSTO,Benign,None
5.643731806979128,52.19209422583217,53.47180154053914,4,4,21089,2323,tcp,ssh,RSTR,Malicious,C&C
0.7215025834251361,177.00142060343777,107.10978673624597,2,2,21468,80,udp,http,S0,Malicious,PartOfAHorizontalPortScan
0.011909322237917857,1269.9185251535077,50.73243301439237,12,2,7142,443,icmp,-,SF,Malicious,DDoS
1.8347105394786813,346.0061222943567,128.87589588825983,2,1,41438,23,tcp,ssl,RSTR,Malicious,C&C
1.2262000308652101,27.22009736682315,66.22077302763718,2,2,5356,2323,icmp,dhcp,RSTO,Malicious,C&C
1.1593065106093856,2218.4107842666094,7343.128740736449,10,43,25985,23,icmp,dns,RSTO,Benign,None
0.5793949754321243,1404.6862979932612,1477.031444491638,3,26,1258,443,icmp,dhcp,SH,Benign,None
0.04006875854690951,227.58169566369432,11405.811657545184,11,8,15009,8080,icmp,http,RSTR,Benign,None
11.256669620915043,53.088914264395065,309.29879711259554,3,2,2786,443,udp,ssl,S0,Malicious,PartOfAHorizontalPortScan
3.486152021739764,2402.863312755844,965.9602832973403,5,5,3499,443,tcp,ssh,RSTO,Benign,None
0.32350555273595283,1699.8647483386414,3039.0557968225557,7,20,42030,22,tcp,ssh,RSTO,Benign,None
3.6604789740327632,46.83142625062222,45.230150616161964,2,2,45747,53,icmp,ssl,RSTR,Malicious,PartOfAHorizontalPortScan
0.0024001878134366364,1212.871520125984,40.987280823367335,56,4,49181,53,tcp,http,SF,Malicious,DDoS
0.41025650657207996,369.34765735861106,5252.88072572048,10,24,33290,443,tcp,dns,RSTO,Benign,None
6.4879617947252886,258.4327443710622,128.04154992862007,1,4,18128,80,udp,ssl,RSTO,Malicious,C&C
0.46122897247551065,220.85863404579254,413.05286846036034,4,5,59361,22,udp,ssh,SF,Malicious,C&C
3.355746552000133,771.1620252430571,390.1980852126063,2,4,61284,53,udp,ssh,RSTR,Benign,None
0.06087321341123242,123.50081870926846,0.0,3,0,18352,8080,udp,ssl,S0,Malicious,Mirai
0.8114828677658315,222.06989776846274,687.6750406019404,2,1,53156,53,udp,http,SF,Malicious,C&C
0.003145713698598835,1016.2426961255551,47.95323213685049,97,3,18252,443,udp,ssh,RSTO,Malicious,DDoS
0.49023660933316504,127.46665311282474,653.1513038601634,3,5,61804,443,icmp,ssl,SH,Malicious,PartOfAHorizontalPortScan
0.01256367166938601,1205.5714473331352,50.77257209783451,70,2,34996,53,udp,dhcp,REJ,Malicious,DDoS
0.09055713830844386,140.96733307875968,0.0,1,0,34123,2323,tcp,http,S0,Malicious,Mirai
1.7524964467504303,1197.340362790156,9064.515205923919,26,9,9508,80,udp,ssl,SH,Benign,None
0.025626218654739134,1137.6989592623056,44.67314820846848,31,2,56893,8080,tcp,-,RSTR,Malicious,DDoS
5.70724518986168,625.0795527797932,18119.896449577165,8,7,47846,53,tcp,ssh,RSTR,Benign,None
5.178154272143879,90.06079805795392,556.5210710494939,3,2,50886,23,udp,http,REJ,Malicious,PartOfAHorizontalPortScan
0.07313299838401754,164.05654494499782,0.0,4,0,29018,2323,udp,ssh,S0,Malicious,Mirai
0.6331700266631972,354.82134509261545,39.21829198853411,2,2,60314,22,tcp,-,S0,Malicious,PartOfAHorizontalPortScan
0.3982094085969979,99.72488982330482,1272.8099220435054,22,8,37597,2323,icmp,ssl,SH,Benign,None
0.6544432275566087,373.9664112295759,236.3258209813323,3,2,3478,443,tcp,dhcp,SH,Malicious,PartOfAHorizontalPortScan
3.9016938127923777,272.7541016325684,993.5838062290344,11,4,61795,53,tcp,http,SF,Benign,None
1.432509840381756,45.95160776449135,111.8416685438436,5,1,53417,53,udp,http,RSTR,Malicious,C&C
1.167149303588287,291.96648818620037,213.0959730069875,3,1,55761,443,icmp,-,SF,Malicious,PartOfAHorizontalPortScan
22.894663256049327,20.178523590878417,349.57544994999944,3,2,33530,2323,icmp,dns,REJ,Malicious,C&C
1.7557054541964892,265.49944525879613,1062.0639821145032,2,2,35510,22,udp,ssh,RSTO,Malicious,C&C
8.3507328381547,74.45721072793961,121.90055279132969,3,5,42585,80,tcp,ssh,SF,Malicious,PartOfAHorizontalPortScan
0.5355995385030111,386.92057453374235,5837.897871633549,2,12,61138,8080,icmp,ssh,S0,Benign,None
0.21665159672859985,1898.911980205162,5784.506973604891,9,30,54325,23,udp,dns,RSTR,Benign,None
3.8377122542404942,470.48335930641343,1209.7484613519061,19,11,40523,2323,tcp,dhcp,REJ,Benign,None
0.06558826533432627,146.94002978879774,38.90576039011646,4,3,10373,8080,tcp,ssh,S0,Malicious,C&C
0.1189267665834347,155.72755658077344,0.0,3,0,23702,22,udp,-,S0,Malicious,Mirai
3.9246182657006754,143.02452888039207,145.51300839348943,7,2,58879,2323,udp,-,S0,Malicious,PartOfAHorizontalPortScan
0.561445051314099,134.05653439774818,296.7867061483223,2,1,59077,53,tcp,dns,S0,Malicious,PartOfAHorizontalPortScan
1.4218108711024982,256.9569700628881,65939.06169457683,34,5,45552,443,udp,-,SF,Benign,None
0.9450998982744511,728.3051760725677,8516.370727441545,2,7,10812,2323,tcp,ssh,RSTO,Benign,None
1.5823542819245815,4850.0307220764,779.3529163231628,20,49,43969,53,icmp,ssl,RSTO,Benign,None
3.7656053935814553,107.82106802931676,61.13362119358984,3,1,24967,2323,tcp,http,SF,Malicious,C&C
3.1918864016879516,472.6451678896256,8016.191617269725,3,6,3028,443,udp,dhcp,REJ,Benign,None
0.2015032001901437,189.49543238845993,68.56790820236117,4,1,23078,53,tcp,ssh,REJ,Malicious,C&C
0.22460889688992083,140.01002525000405,0.0,2,0,58323,23,udp,-,S0,Malicious,Mirai
0.0012659641660037186,1215.6470679092474,53.53723376190878,63,0,15285,53,tcp,dhcp,SH,Malicious,DDoS
4.590008214025601,81.09942249559413,869.3284851307985,3,4,7892,23,tcp,dhcp,RSTR,Malicious,PartOfAHorizontalPortScan
0.0007670283571881579,1101.770775676257,60.17021521601615,96,4,8096,2323,tcp,dns,SF,Malicious,DDoS
0.07133120821920895,141.0977092269815,0.0,3,0,56191,443,udp,ssl,S0,Malicious,Mirai
0.03383744927391085,143.9314874303071,0.0,1,0,60627,443,udp,ssl,S0,Malicious,Mirai
3.5712762127216924,77.04220351370972,149.9204858484405,9,1,12762,53,icmp,ssh,RSTO,Malicious,C&C
0.8802585633951169,193.44314095476284,182.72023919249563,18,5,33180,443,icmp,http,RSTO,Benign,None
0.060448074815907284,157.04068960372695,0.0,3,0,58419,53,tcp,ssh,S0,Malicious,Mirai
0.6623847094215355,491.5419316988868,6176.142654608361,3,9,30420,2323,icmp,dns,SF,Benign,None
1.4058326003036874,2724.0928053023104,14936.654713843825,41,4,59781,2323,udp,http,REJ,Benign,None
0.8449726066275174,2089.2276388887303,2990.9877405183024,2,7,33525,443,tcp,ssh,RSTO,Benign,None
5.708979119387632,523.0981877928673,54.880654928071316,4,3,8788,8080,icmp,dhcp,S0,Malicious,PartOfAHorizontalPortScan
0.3186787582398614,2796.4750006766817,106050.13461145367,13,8,18169,8080,udp,ssl,RSTR,Benign,None
0.07067177677924741,197.37448024900604,0.0,2,0,47819,53,icmp,ssh,S0,Malicious,Mirai
0.9180176413235029,1402.6329329850819,15907.43959368206,11,20,22434,2323,icmp,ssl,RSTO,Benign,None
5.292541542303826,288.4637425757592,52153.69910598264,27,13,11011,80,udp,-,SF,Benign,None
0.016387894450523296,1208.5389251915567,53.59582169795834,85,4,43452,443,tcp,dns,RSTR,Malicious,DDoS
7.746758815536942,955.1681612738274,7047.979584547912,13,41,10190,443,udp,ssh,RSTR,Benign,None
0.2937545548571173,33.440703455361785,39.49859214412601,5,5,34614,80,udp,-,RSTR,Malicious,PartOfAHorizontalPortScan
0.0012114057149679328,1110.0587013422266,51.85126156937716,30,1,8890,80,udp,dns,S0,Malicious,DDoS
9.488652719846296,1468.4893804399733,2069.924471366534,9,11,45130,80,udp,dns,RSTO,Benign,None
0.3469536171943841,104.50262311994466,0.0,1,0,58464,80,tcp,dns,S0,Malicious,Mirai
0.14180117900449626,142.30235336031322,0.0,1,0,33915,443,tcp,-,S0,Malicious,Mirai
5.734842852143499,136.1438433230105,67.05066653451014,5,2,17039,53,udp,http,SH,Malicious,C&C
0.29992652653336466,110.13950566295773,0.0,1,0,46673,2323,icmp,-,S0,Malicious,Mirai
9.004129417326794,296.5357782093837,63.33409908642517,3,3,43067,8080,udp,dns,S0,Malicious,PartOfAHorizontalPortScan
0.12403773479648597,178.44160729051632,0.0,2,0,62257,53,udp,-,S0,Malicious,Mirai
0.005177823772480501,1305.3538959466232,60.97255020829753,97,2,40893,53,udp,http,S0,Malicious,DDoS
0.44153786893731195,2955.783574457478,13915.606362812534,7,37,41266,80,udp,dhcp,RSTO,Benign,None
1.4451447318428932,1240.8370506960946,1269.6790817823414,3,7,26388,443,icmp,-,REJ,Benign,None
1.2892789951295223,51.942592123933046,170.4029038786345,4,4,41534,2323,icmp,ssh,SH,Malicious,C&C
0.6402105216514555,36.816655534535336,187.7747859314732,5,4,28152,443,icmp,http,SF,Malicious,PartOfAHorizontalPortScan
0.19256953065840923,153.41393963280964,0.0,3,0,10073,80,icmp,dhcp,S0,Malicious,Mirai
4.384102710828089,189.09335698159416,26.45550637684125,3,1,53624,22,tcp,dhcp,S0,Malicious,C&C
0.02579699905260145,1398.436388266919,51.690642519903356,32,4,52290,443,udp,dns,SF,Malicious,DDoS
3.1359094699708456,84.38397217385709,90.17059297080306,3,8,57022,23,udp,-,S0,Malicious,PartOfAHorizontalPortScan
0.02738105519511385,1040.167881208295,50.23576749089034,13,4,64776,443,icmp,dns,REJ,Malicious,DDoS
0.00725556800670139,1143.1349932223295,41.79585922100096,88,4,30283,443,icmp,http,RSTR,Malicious,DDoS
3.1572492364139797,168.576999805886,72.13109460979585,2,2,56992,2323,tcp,dhcp,S0,Malicious,C&C
1.2191274911881025,1245.8130518783732,72670.14026450418,7,6,43821,53,icmp,dhcp,S0,Benign,None
9.853982728628292,57.84644043637009,33.38484829156004,4,4,46451,80,udp,ssh,S0,Malicious,C&C
0.006414519604444055,122.68243686684414,0.0,2,0,27388,23,tcp,http,S0,Malicious,Mirai
0.016547466424074796,1148.0650308278227,30.477661591967802,52,3,35076,22,icmp,dhcp,RSTR,Malicious,DDoS
0.20496284598555348,144.71444960890096,0.0,2,0,38504,53,udp,ssh,S0,Malicious,Mirai
0.9473058006693212,369.0438293783938,47.24342609259155,1,1,45875,443,udp,ssh,S0,Malicious,C&C
3.32700465793276,2469.23049146601,24198.388650682027,19,61,26171,443,tcp,-,SF,Benign,None
0.2429770734701065,172.21160635017472,0.0,4,0,55911,53,udp,http,S0,Malicious,Mirai
0.008439197431915336,1120.1529788650935,56.378853740438856,47,4,22714,443,udp,ssl,S0,Malicious,DDoS
0.13455843014344854,143.20519330927604,0.0,2,0,25329,23,tcp,dhcp,S0,Malicious,Mirai
0.010574450738132528,1077.177275099429,49.93266223886734,53,1,63560,80,udp,ssl,S0,Malicious,DDoS
0.07843249812897486,138.2260196320824,0.0,2,0,47038,22,tcp,dhcp,S0,Malicious,Mirai
0.2390387848719415,1250.7448382752464,10503.865550355506,6,35,43670,23,tcp,-,SF,Benign,None
2.912574305437887,227.981508369029,217.4101246920483,6,4,11243,23,icmp,dhcp,SF,Malicious,PartOfAHorizontalPortScan
0.006402434986044032,1236.7188912899253,47.9173639135651,79,1,1235,22,udp,-,SH,Malicious,DDoS
0.38316820786569034,614.1022632248071,5775.5246560547885,10,23,35335,8080,udp,ssl,RSTR,Benign,None
0.024541824479226707,157.34025693596698,0.0,1,0,29974,80,udp,ssl,S0,Malicious,Mirai
0.04625679569005832,141.05731821108867,0.0,1,0,45685,8080,udp,dhcp,S0,Malicious,Mirai
0.002880941418016463,1088.6708687512148,40.25499184863531,73,0,37176,8080,icmp,http,RSTO,Malicious,DDoS
1.785684064551682,576.8236811473781,5493.999263933103,4,13,24396,53,tcp,dhcp,RSTR,Benign,None
7.8195192157895175,135.93350689741257,137.811958488342,4,3,45205,8080,icmp,ssl,SH,Malicious,C&C
0.0005944862663284011,149.4984580668785,0.0,3,0,27985,53,icmp,dhcp,S0,Malicious,Mirai
0.02940171334938617,139.14757025756148,0.0,1,0,8203,80,tcp,http,S0,Malicious,Mirai
0.13888764022978461,128.1095704449219,29179.728781665126,18,7,16411,80,icmp,ssh,SF,Benign,None
0.007116148536253871,1270.4214701913904,41.537329781327806,53,1,43493,2323,tcp,dns,RSTO,Malicious,DDoS
0.0976160016580749,119.05030621782144,0.0,1,0,61297,53,icmp,-,S0,Malicious,Mirai
0.03890396438900835,1548.4326559094693,113.24588959737991,2,2,12700,443,icmp,http,SF,Malicious,C&C
0.891645019346759,145.21988405255104,66.89561965605283,2,2,48722,23,tcp,http,S0,Malicious,C&C
1.5688037818989373,273.9087936967318,552.0947196555079,4,2,46467,2323,tcp,-,RSTR,Malicious,PartOfAHorizontalPortScan
0.06719686012832925,161.20768163214368,0.0,4,0,52191,8080,icmp,ssl,S0,Malicious,Mirai
2.988089644791775,380.18127736045716,164.6641222722899,7,3,7156,2323,udp,dns,S0,Malicious,PartOfAHorizontalPortScan
0.44018074726625284,75.50624797365461,181.7275209012121,6,3,25858,53,icmp,ssh,SF,Malicious,C&C
3.126887852900517,1108.655790981452,78094.2970068533,8,36,9062,2323,udp,ssl,SH,Benign,None
0.02204591714267134,1251.644399047559,54.657867821063206,52,2,23672,23,tcp,ssh,RSTO,Malicious,DDoS
0.2295433797315819,164.59137112042424,0.0,2,0,26075,443,icmp,-,S0,Malicious,Mirai
1.1012310599122084,2475.3055997675665,2194.5702395959415,5,7,55219,23,udp,dns,RSTO,Benign,None
0.023138435608445,1169.3536719981946,39.8016885916402,53,4,34354,22,udp,-,SF,Malicious,DDoS
2.847972950728617,234.25289598239988,24449.876995572027,3,11,2338,443,udp,http,RSTO,Benign,None
0.016188146031471756,1160.8650306233023,49.37945148207275,45,3,39657,443,udp,ssl,S0,Malicious,DDoS
8.113542867463702,33.72844129413229,421.22389805292335,8,1,51687,53,icmp,dns,RSTR,Malicious,C&C
2.0245791859658886,1700.4469627508681,1718.7056759603904,15,22,46233,22,tcp,dns,S0,Benign,None
0.006582895937697323,1347.0213510550393,73.88312514870404,27,4,45723,8080,tcp,-,SF,Malicious,DDoS
3.0646739956132723,117.92685585501579,38.59390366502728,6,1,42381,2323,icmp,ssh,REJ,Malicious,PartOfAHorizontalPortScan
7.348475791485446,406.67766616967873,186.2609108988918,2,2,11573,443,udp,dhcp,RSTR,Malicious,PartOfAHorizontalPortScan
0.017167510062927743,1359.5934783421176,48.81812396393882,20,4,55492,80,udp,dhcp,RSTO,Malicious,DDoS
0.008133361337663443,1156.3910647651408,57.64167797800482,25,4,47492,8080,tcp,ssh,SH,Malicious,DDoS
0.013759855280008138,1364.5998558018684,50.65727715080179,18,3,48588,2323,tcp,-,SF,Malicious,DDoS
0.016851257785496933,1448.9613603513776,52.819154560817765,33,4,39041,2323,icmp,dhcp,RSTO,Malicious,DDoS
0.0017964504688518183,1243.59243670857,41.73024666136356,64,3,32744,22,icmp,dns,S0,Malicious,DDoS
0.017780029410771555,1258.6690216553848,38.382394966250445,35,4,60767,22,icmp,dhcp,RSTO,Malicious,DDoS
1.9161251297354418,2105.509184920918,14631.026591205418,27,27,64001,53,tcp,-,SH,Benign,None
14.658961283555556,102.31069786047394,116.36564528024329,4,2,15284,22,udp,http,S0,Malicious,PartOfAHorizontalPortScan
2.7187372831456686,171.65826268983906,74.6896638032664,5,1,13665,2323,icmp,-,S0,Malicious,C&C
3.6112013801707072,740.5408107831404,1694.5333165732438,11,41,22532,23,tcp,-,REJ,Benign,None
1.631481024270829,2472.729542390421,1145.2172594027397,3,29,21010,53,icmp,-,S0,Benign,None
6.66588965965932,2330.2830649231364,950.3318321449386,6,11,56160,53,icmp,ssh,RSTO,Benign,None
0.0063719825835343285,1263.9501463981765,42.42365127909688,22,2,6997,23,udp,ssl,REJ,Malicious,DDoS
4.236181747689209,67.97136640653287,90.58498443255367,3,6,55706,80,udp,ssl,REJ,Malicious,PartOfAHorizontalPortScan
1.2652061471025033,2112.4218137870766,1606.1479616625952,15,20,44563,23,udp,http,SH,Benign,None
0.00040088155076727186,977.6956819263048,42.747642657147274,12,2,18671,2323,udp,http,S0,Malicious,DDoS
10.392188723398357,872.1638835288234,5057.676570307859,12,11,36395,53,icmp,-,SH,Benign,None
0.7968789399485489,2062.9427573318544,12126.212442515474,6,19,46931,22,icmp,-,SH,Benign,None
1.3950310452224137,158.38605722864241,537.1723608710857,2,1,25382,8080,icmp,-,S0,Malicious,PartOfAHorizontalPortScan
12.35200276203615,1299.7776881334655,3894.780831907125,6,6,4292,443,tcp,-,RSTO,Benign,None
6.0937178401202265,161.60034653195194,41.90929305093191,5,1,60220,23,tcp,http,REJ,Malicious,C&C
9.919109483483279,783.932768411612,282.2591371704543,3,10,61026,22,udp,ssh,RSTO,Benign,None
2.949682343422964,2020.719463547547,1026.8906764211122,8,29,16807,2323,tcp,-,RSTO,Benign,None
0.9107582403921423,3333.8667148001687,393.41127921236114,24,10,15387,8080,tcp,dns,S0,Benign,None
0.02552448053168621,181.256465312875,0.0,2,0,22642,23,icmp,http,S0,Malicious,Mirai
0.011615675776631649,1246.0550267847639,62.29902635218236,35,0,57513,8080,tcp,ssl,RSTO,Malicious,DDoS
1.6625185333515602,634.1203771837122,319.3491643935541,3,1,33520,2323,tcp,dhcp,S0,Malicious,PartOfAHorizontalPortScan
0.005311319447192823,1144.4515031664014,44.913642306057774,63,1,57027,23,udp,dhcp,RSTO,Malicious,DDoS
4.915539321374334,257.91683436505355,48.648850394024954,3,2,52016,53,udp,ssh,S0,Malicious,C&C
0.7444970259080479,179.96889017439347,23.94697077390789,3,1,25541,22,icmp,http,REJ,Malicious,C&C
5.6305469355491375,26.972465747911496,359.91554799252526,6,5,62599,443,udp,ssl,REJ,Malicious,C&C
0.001861537944272131,1298.7327129510452,61.174752515841185,64,3,7179,2323,icmp,http,S0,Malicious,DDoS
3.2802009826196734,285.2424758162595,14492.056544435703,13,11,63976,8080,udp,dns,S0,Benign,None
25.622907495959844,163.28149972874593,69.15992746945994,2,3,25117,22,udp,-,RSTO,Malicious,PartOfAHorizontalPortScan
0.035688585237196584,128.16125689618363,0.0,4,0,10199,80,tcp,ssl,S0,Malicious,Mirai
0.08691701196488293,101.30146737016749,585.7424542166576,4,5,17983,443,tcp,ssh,SF,Malicious,C&C
0.12910918879007108,154.60468227475022,0.0,1,0,22231,23,udp,http,S0,Malicious,Mirai
0.0032337924742078623,1080.021976533116,45.01562943467088,21,1,46236,23,udp,ssl,RSTR,Malicious,DDoS
7.1870141350308785,42.09959712284798,113.43399930567462,3,3,45739,23,icmp,dhcp,SF,Malicious,C&C
0.9477875532843041,51.72998888769383,98.333044198002,5,0,18211,443,tcp,http,RSTO,Malicious,PartOfAHorizontalPortScan
0.0015480289027811006,1122.4630988242895,43.592439350072354,13,3,23772,8080,udp,ssl,RSTR,Malicious,DDoS
0.01241278623628508,1147.6181436330974,51.214828100716375,12,1,57032,22,icmp,ssh,RSTO,Malicious,DDoS
0.1575259209655897,107.68516883746457,0.0,1,0,5187,2323,tcp,-,S0,Malicious,Mirai
1.7093842693644477,83.33429626398268,251.37215230652976,1,4,28277,22,udp,dns,SH,Malicious,C&C
0.050501292480537835,145.19300425604305,0.0,4,0,47078,2323,udp,http,S0,Malicious,Mirai
0.39762574822803054,227.98504349610062,4311.789533416572,109,17,55515,2323,icmp,http,RSTR,Benign,None
0.9174841179260295,1050.3767365207514,52.99917791075116,3,1,23787,2323,tcp,ssh,REJ,Malicious,PartOfAHorizontalPortScan
0.0013182374114291957,1182.0396241911105,42.361094078317585,54,1,11500,53,udp,-,SF,Malicious,DDoS
3.269345344689784,468.8882827433442,34.875489177876496,3,2,29024,23,udp,dhcp,REJ,Malicious,PartOfAHorizontalPortScan
0.2314232584440853,143.25571805443573,0.0,2,0,50036,8080,udp,-,S0,Malicious,Mirai
1.0995647367372172,4424.498135496221,13006.037407489232,3,7,8560,22,udp,-,RSTO,Benign,None
1.8960569094505029,36.970362491862446,156.1703008739289,3,2,59953,2323,icmp,ssh,RSTO,Malicious,PartOfAHorizontalPortScan
0.00489976563754339,1113.5432164606787,45.00847800988487,71,0,59097,22,tcp,-,REJ,Malicious,DDoS
0.2168649818956705,513.260042408303,375.5583330464317,15,10,1632,80,tcp,dhcp,RSTO,Benign,None
6.494395493344253,30.093568570865337,876.1944428366844,4,2,11916,8080,icmp,ssh,RSTR,Malicious,PartOfAHorizontalPortScan
2.7266917653601173,87.38766016046822,286.02133276039757,6,1,32756,53,tcp,dhcp,RSTR,Malicious,PartOfAHorizontalPortScan
0.0340593212298364,1267.0387976804157,60.77395861622561,20,2,41641,443,udp,http,RSTR,Malicious,DDoS
0.0034156483065021156,1303.2412971334597,41.9673254105189,65,2,64794,2323,icmp,dns,SH,Malicious,DDoS
0.8192771075933547,28.642763650787337,186.62874889695584,2,4,26335,23,udp,-,REJ,Malicious,PartOfAHorizontalPortScan
6.5850826823158135,16.571777399826868,151.92943157319877,5,4,15678,23,tcp,dhcp,RSTO,Malicious,C&C
1.1021656107953064,1483.789369805822,225.9597021672588,7,11,52493,443,udp,dhcp,S0,Benign,None
2.960377783940929,170.38494108458067,113.43150393203344,4,1,59539,53,tcp,ssh,RSTO,Malicious,PartOfAHorizontalPortScan
2.175501254628584,47.99642543390018,83.74489597931507,2,4,14971,23,tcp,dns,SF,Malicious,PartOfAHorizontalPortScan
0.5021171704352454,158.3023799666518,37.28342161263037,9,0,40956,22,tcp,ssl,SH,Malicious,C&C
0.0037163025554829403,1073.1721920742436,51.57081593748853,52,4,43802,2323,tcp,dhcp,SF,Malicious,DDoS
6.458063065814353,273.22626328343375,465.99920914317926,5,3,31851,23,udp,dhcp,SF,Malicious,C&C
2.599100350963179,280.3098893302883,39.978191707908756,2,3,49356,23,tcp,http,SF,Malicious,C&C
4.0047824159153835,254.66318536052037,308.0270166835376,3,1,57154,2323,icmp,ssl,RSTR,Malicious,C&C
0.08256123205921978,143.44995109995654,0.0,3,0,48801,80,icmp,dhcp,S0,Malicious,Mirai
3.6542681428981947,59.81277640268105,480.88242741557434,4,6,61140,2323,udp,ssh,REJ,Malicious,PartOfAHorizontalPortScan
0.6064729677318322,279.51193198976426,717.5571146815224,99,42,3240,80,udp,ssh,SH,Benign,None
0.027221993016964516,1305.2181262606364,34.02674659477266,12,3,39134,23,udp,ssl,RSTO,Malicious,DDoS
0.0147796660698787,132.0619879363527,0.0,2,0,41788,23,udp,http,S0,Malicious,Mirai
0.10237199415101439,143.1792092004216,0.0,3,0,55633,22,tcp,http,S0,Malicious,Mirai
0.21379667385836676,162.27362056233267,0.0,1,0,17345,53,tcp,dhcp,S0,Malicious,Mirai
1.0793391923802993,786.6804799067305,1624.6112049540016,5,4,10686,23,udp,ssh,SF,Benign,None
0.44108894207943355,3855.483998891284,51113.10064932065,6,8,53632,22,tcp,dns,RSTO,Benign,None
0.054331827956958074,518.0956444164419,66.93026984230185,5,7,11281,80,icmp,-,RSTO,Benign,None
1.3861803091600682,2708.7521017154736,67043.310403585,14,33,7644,22,udp,ssh,RSTR,Benign,None
2.57495151856602,1392.1237684220016,988.4825776715859,12,49,31702,8080,icmp,dns,S0,Benign,None
3.157809869531418,142.15079207072742,654.0212113093163,5,2,54893,2323,tcp,dns,REJ,Malicious,C&C
0.016952496208995887,1189.2973012579869,47.05778585918671,12,4,17857,443,tcp,-,REJ,Malicious,DDoS
0.04912887584141523,324.28254281448505,395.1907478387054,5,3,2483,80,tcp,http,S0,Malicious,PartOfAHorizontalPortScan
0.9883581737924396,472.3162831269201,180.75451493475632,4,2,9524,22,tcp,http,RSTR,Malicious,C&C
0.012221581234349839,1225.7921352848075,47.58812147243057,42,2,18840,443,icmp,-,REJ,Malicious,DDoS
2.0740974090856934,124.48650994389688,1390.8700130110958,5,11,6289,443,udp,ssh,RSTO,Benign,None
4.3794286415987695,864.8438490198746,8554.9522081348,6,3,25467,8080,tcp,ssh,SH,Benign,None
1.3030069058889906,231.79565484025733,42.18523666010835,2,21,53955,443,udp,dns,RSTO,Malicious,PartOfAHorizontalPortScan
0.4251724421905756,126.93702350802366,0.0,2,0,17590,53,icmp,-,S0,Malicious,Mirai
0.006889038873718132,1106.0221946457361,46.232469679285515,29,1,10985,53,udp,http,S0,Malicious,DDoS
0.008514576254472524,1122.2692063268148,50.51844682751932,72,0,64662,8080,icmp,dns,REJ,Malicious,DDoS
5.037781027646293,736.764515982911,15144.40776511778,15,20,21574,23,udp,dns,S0,Benign,None
0.14917463221382782,191.95772057300175,0.0,1,0,38993,23,tcp,dns,S0,Malicious,Mirai
2.6921363890449856,1771.0562051395093,5248.0511407709755,5,2,50784,2323,icmp,dhcp,RSTO,Benign,None
0.7449764239818089,239.29951785645775,76.6613001517504,3,1,42367,23,icmp,dhcp,S0,Malicious,C&C
0.13293210534896815,2148.4466680094565,19105.41387577263,2,5,40510,443,udp,ssl,RSTO,Benign,None
0.058143597001083326,105.06914060637715,0.0,4,0,53386,8080,udp,dhcp,S0,Malicious,Mirai
0.15724529646695867,244.94622928291523,348.59584380688455,7,3,31818,53,udp,ssl,REJ,Malicious,PartOfAHorizontalPortScan
6.200078130357855,123.6726552340961,79.91563368439547,2,4,22048,23,icmp,ssh,RSTR,Malicious,PartOfAHorizontalPortScan
0.015017716493661999,123.96529164117425,0.0,4,0,43728,8080,tcp,ssl,S0,Malicious,Mirai
1.0267099160362905,165.35151838194682,327.63264984687015,2,4,30543,53,udp,dns,SH,Malicious,PartOfAHorizontalPortScan
0.020548074140417642,1019.3483822731109,64.37767758456897,66,1,42527,2323,tcp,ssh,S0,Malicious,DDoS
0.013121912092673193,1297.8363481994472,55.28774254808337,44,3,6365,8080,tcp,-,RSTO,Malicious,DDoS
1.7819041809640501,245.07787323637697,48.63148484258848,2,2,65163,443,udp,ssh,S0,Malicious,PartOfAHorizontalPortScan
0.03570263034569284,159.42029308113368,0.0,3,0,47591,23,icmp,ssh,S0,Malicious,Mirai
17.22885099732828,297.9140179537775,235.93862330628426,3,1,3486,80,udp,dns,SF,Malicious,PartOfAHorizontalPortScan
5.311865158639693,48.02727866523835,74.11546643440902,3,3,59553,2323,udp,dhcp,SH,Malicious,C&C
0.002606322411961981,1326.6201293437105,57.79515458685868,16,4,48873,53,udp,http,RSTO,Malicious,DDoS
1.4756407347547074,274.98400865921514,89.4830051154312,8,9,38794,53,tcp,ssh,RSTR,Benign,None
3.872590532176011,1700.8558205275885,2813.449920560045,6,44,29085,22,udp,dhcp,REJ,Benign,None
4.785786720055492,2671.3783024707873,7577.770583762008,3,14,57753,53,udp,http,SH,Benign,None
9.60874482571228,56.84371724041698,308.2414730078296,3,4,44436,22,tcp,dns,SH,Malicious,C&C
0.002706224959032938,1101.4410598448358,49.89577403820724,80,0,18358,23,icmp,-,SF,Malicious,DDoS
0.05091614735776332,125.29138731711637,0.0,4,0,46653,2323,udp,dns,S0,Malicious,Mirai
0.00957020393236387,1110.8814240010313,46.05095023225527,22,3,25055,8080,tcp,http,SH,Malicious,DDoS
2.9254308775952627,2107.621930522014,5175.83020219995,5,3,61856,23,tcp,ssh,SH,Benign,None
0.27110060767142374,150.34511643821628,0.0,2,0,1763,23,icmp,-,S0,Malicious,Mirai
10.375548822962191,32.042982637588814,211.69421773313985,2,1,59553,22,tcp,dns,S0,Malicious,C&C
1.1098327881128396,1694.3245664231933,466.2330625132807,5,13,51579,22,udp,http,SF,Benign,None
0.031360645130246854,151.26722699261313,0.0,2,0,28870,22,udp,-,S0,Malicious,Mirai
0.017382037632902803,1161.5924860910661,56.25983041235666,99,1,46633,22,icmp,http,RSTR,Malicious,DDoS
0.2903737338208225,154.970360403799,139.71305403600493,4,2,32610,2323,udp,ssl,RSTO,Malicious,C&C
2.717631111671041,231.68446168983016,924.4265261863183,4,2,17801,2323,icmp,ssh,SF,Malicious,C&C
2.4278257994377266,263.05759576872424,180.56734905886836,4,3,16004,443,udp,http,RSTR,Malicious,C&C
0.01249663739750551,1295.735394278943,52.6464451328584,87,0,59510,2323,icmp,dhcp,RSTO,Malicious,DDoS
1.9483912180141205,918.3093097917875,112.6350778963272,1,2,34937,23,udp,http,RSTO,Malicious,C&C
5.52833057370369,39.85472637647878,151.35993109837145,2,3,6528,22,udp,dns,S0,Malicious,C&C
1.2045044228025699,1784.1461595909288,421.32202634673064,8,40,43140,8080,tcp,ssl,SF,Benign,None
4.00472196176917,1785.596616636627,774.3487021142154,6,3,3916,80,icmp,-,RSTO,Benign,None
0.005277417016417798,1211.4505004282673,52.05688917376109,21,3,5645,443,tcp,dhcp,SF,Malicious,DDoS
0.0517403610605645,1145.874042626889,52.79139251153703,34,2,9750,80,tcp,dhcp,S0,Malicious,DDoS
0.06709194856915142,162.69483813697227,0.0,4,0,42447,2323,icmp,http,S0,Malicious,Mirai
1.414455812266018,2710.9361295578024,3504.6870927677087,10,24,28061,22,icmp,-,REJ,Benign,None
0.015018037803895625,1318.3065378682518,52.271813079645945,90,1,2589,2323,tcp,http,REJ,Malicious,DDoS
0.2722558897851332,135.14839423097723,0.0,1,0,5980,8080,udp,http,S0,Malicious,Mirai
1.6049087852853197,435.9522933402775,5766.910156960307,5,21,36976,22,tcp,ssl,RSTR,Benign,None
2.328900332939861,116.50373919336114,685.6827463561601,2,3,29055,443,tcp,http,S0,Malicious,PartOfAHorizontalPortScan
9.822057339462631,219.58882807231285,485.97831215974776,7,7,34575,23,icmp,http,RSTR,Malicious,PartOfAHorizontalPortScan
6.363893951653223,53.23115460898703,198.86772129465035,6,2,25238,8080,udp,-,RSTR,Malicious,PartOfAHorizontalPortScan
4.796874405395146,1740.297239982575,31621.295433304866,17,4,47453,23,icmp,dns,SH,Benign,None
1.1055330813409883,145.48851997784848,119.72727191307716,2,2,40752,8080,udp,-,S0,Malicious,PartOfAHorizontalPortScan
3.641883510686326,85.54676553581818,260.9970391270021,4,3,41604,23,icmp,dhcp,REJ,Malicious,PartOfAHorizontalPortScan
2.4220021260115594,2977.4525377006285,3909.514698329024,6,165,58697,22,tcp,-,REJ,Benign,None
0.5655855136173695,2007.1870839548635,1253.3436979217568,32,13,57933,2323,udp,dns,RSTR,Benign,None
1.6398927999591224,377.6141791635,2693.6911040190557,17,32,52551,53,udp,ssl,SH,Benign,None
0.5917203397196065,38.14855207834763,81.99025767938662,4,2,62582,2323,udp,dns,SF,Malicious,C&C
1.9281100737002996,117.97654256788404,10925.530447136669,2,2,17397,23,icmp,ssh,RSTO,Malicious,C&C
0.012793510728382694,969.9495997765313,33.84325697550961,96,4,14500,23,tcp,dns,SH,Malicious,DDoS
0.022439586733631264,135.0802486397567,0.0,3,0,57066,23,icmp,-,S0,Malicious,Mirai
0.007271005609526294,1132.1287038475127,49.39955997745257,37,4,29483,53,udp,-,S0,Malicious,DDoS
0.008514235848836841,1269.2174527327336,35.10992510096379,57,0,55776,80,icmp,dns,REJ,Malicious,DDoS
10.499623668245654,45.4959386885733,553.2163678167093,5,3,6806,53,icmp,ssh,RSTO,Malicious,C&C
4.28153190079284,882.6227678884477,10265.016470895818,10,37,52569,80,udp,http,SF,Benign,None
0.3519411486803224,142.2894325059027,0.0,4,0,58036,23,tcp,http,S0,Malicious,Mirai
0.2626281435179708,376.95172485253374,1301.0685290986537,7,23,64756,53,icmp,ssl,S0,Benign,None
2.5945771485879483,678.5023349849885,252.56651260020865,3,1,3052,22,tcp,http,RSTR,Malicious,C&C
0.0016919485962416294,1125.3910844290397,35.61695459334896,23,3,60532,443,icmp,ssl,RSTO,Malicious,DDoS
0.3415862776510072,566.5482257162399,9617.848602411595,3,12,46036,53,icmp,dhcp,SH,Benign,None
0.17424657411278305,193.51668590004192,143.05677578940325,3,1,53495,443,udp,http,SF,Malicious,C&C
2.476303378584847,1634.55652491466,13526.513132204927,3,5,29248,2323,icmp,ssh,S0,Benign,None
2.8610223606656975,388.5429717109776,19.19089898893108,3,8,2125,8080,udp,ssh,REJ,Malicious,C&C
3.0660511924067473,1081.2023435852152,4367.971119073456,31,17,45506,22,icmp,ssh,RSTR,Benign,None
7.6163151713784085,4603.321452264047,1050.5109916823199,60,10,40794,443,icmp,-,RSTO,Benign,None
15.459551978554607,178.59302551916252,72.65947668757924,3,4,51702,22,tcp,dns,SH,Malicious,C&C
0.41169976583095336,998.2543235210867,236.30984828471998,5,4,20642,23,udp,-,SH,Malicious,C&C
0.18712159499026693,865.1307023161156,7043.660944057307,5,23,42077,2323,tcp,-,S0,Benign,None
0.0005841417736279787,1228.0556918420073,47.552839550597646,85,1,23480,80,icmp,ssl,RSTR,Malicious,DDoS
3.1255874403549035,2001.5647977649814,4875.907079125561,8,53,42769,2323,udp,ssh,REJ,Benign,None
0.022146708425790165,1208.1774124046765,44.32484570563172,62,0,31210,23,udp,dns,S0,Malicious,DDoS
1.4504804001411125,417.3730544705547,49.838056613565044,2,2,60904,443,udp,ssl,SF,Malicious,C&C
0.8492724489524122,303.1459458019918,2812.988830981203,5,3,39530,53,udp,dns,RSTO,Benign,None
3.958485714789595,228.8499815501867,235.74979343232172,3,2,2224,8080,udp,-,SF,Malicious,C&C
3.964046992605239,64.45799256339096,33.48716200065728,4,2,38228,8080,tcp,dns,SF,Malicious,C&C
1.3954820236960095,5487.261850886149,291.01092779904457,6,12,56324,23,tcp,http,SH,Benign,None
0.004084793754198221,1237.2750693060877,39.3617492990525,64,0,34077,8080,icmp,dns,RSTO,Malicious,DDoS
0.001565699655389357,153.1247149787477,0.0,4,0,51229,23,tcp,dns,S0,Malicious,Mirai
0.01688331259178684,1255.1909850346628,49.75973673782092,72,1,10357,23,tcp,dns,REJ,Malicious,DDoS
0.15108554692505946,1159.2273544515901,53890.61859041747,13,26,13451,22,icmp,dns,S0,Benign,None
3.2449863740491964,109.66388481269857,61.48228323483661,8,4,56721,2323,icmp,http,SH,Malicious,C&C
0.021153500329949435,121.93205194834371,0.0,2,0,4652,53,icmp,ssh,S0,Malicious,Mirai
3.438568105253383,379.7540196762735,185.00499408019382,3,2,1400,53,icmp,dns,SF,Malicious,C&C
1.393583903816879,935.18810716371,33512.46666691535,21,13,32450,80,tcp,http,RSTO,Benign,None
0.1084241992263843,176.7886259298284,0.0,2,0,52875,22,icmp,ssl,S0,Malicious,Mirai
0.2330697907079632,575.1872261157685,1810.7735207704059,6,19,34849,80,icmp,-,SH,Benign,None
1.7335627836911232,144.752223524992,63.18661300462521,4,2,17896,53,icmp,dns,SH,Malicious,PartOfAHorizontalPortScan
9.603506087047792,246.0605198064072,14.153474602896413,3,1,24331,23,udp,http,SF,Malicious,PartOfAHorizontalPortScan
1.587547836026361,160.7022071232775,1228.5935660963407,8,135,3600,23,tcp,dns,SH,Benign,None
1.2578915801619968,2727.1916170305976,369.2797265670186,8,28,58057,22,udp,-,SH,Benign,None
10.39633795791172,246.14635094255004,183.80921001790665,3,4,25671,22,tcp,http,RSTO,Malicious,PartOfAHorizontalPortScan
11.925474466879544,105.24670164184322,159.71809095564174,6,3,39004,80,udp,dns,RSTO,Malicious,PartOfAHorizontalPortScan
0.005570965079051848,1222.4075019345667,40.838044651529366,91,3,7595,8080,udp,dhcp,RSTO,Malicious,DDoS
0.13600187531679428,586.0068294647391,8916.764748962902,14,5,17490,23,udp,ssh,RSTO,Benign,None
0.006200485291006142,1223.198032906801,54.375673456371324,98,4,9596,22,tcp,ssl,REJ,Malicious,DDoS
4.0943637704934766,650.032527529196,25.36755706194546,3,3,54790,22,tcp,ssl,REJ,Malicious,PartOfAHorizontalPortScan
1.5985534190364814,272.85188784876175,1113.1758693458137,8,16,22415,80,tcp,dns,REJ,Benign,None
0.006257211923504671,1167.9232022662732,53.72354205618466,15,4,10981,22,icmp,-,REJ,Malicious,DDoS
1.712584197801895,86.36031410631406,474.4917818685778,2,4,56178,53,icmp,dns,SH,Malicious,PartOfAHorizontalPortScan
0.012254424408488309,1231.9748135211573,47.962653617517134,10,3,27838,23,tcp,ssl,SF,Malicious,DDoS
0.03409342415930728,1171.3187381670173,32.68214868750192,42,3,43423,8080,tcp,ssh,SF,Malicious,DDoS
0.07776706744961183,1580.0950382739431,703.8226880112329,6,65,31573,2323,icmp,dhcp,SH,Benign,None
0.7407339782130604,2274.670286293508,3545.9106746880116,8,15,31132,22,icmp,ssh,S0,Benign,None
0.3615962135265272,1850.2826111777197,1866.3689939037208,2,37,4566,8080,udp,ssh,S0,Benign,None
2.46954235167515,10810.822494954497,2471.9756642799425,3,125,26779,2323,tcp,ssh,RSTR,Benign,None
0.9603831090764603,2019.493184295874,2030.3587824520885,8,11,31489,80,udp,dns,SF,Benign,None
6.444245861624561,141.69220758129742,1183.1410142889888,1,1,3977,53,tcp,ssh,SF,Malicious,C&C
0.26099738933401656,159.8441585260677,0.0,2,0,31451,23,tcp,ssh,S0,Malicious,Mirai
3.3562895383548548,687.4775908275215,345.5060569171447,2,2,47764,80,tcp,ssh,REJ,Malicious,PartOfAHorizontalPortScan
0.0931662839767069,159.33421879014386,0.0,4,0,24613,53,tcp,ssl,S0,Malicious,Mirai
1.3383612459853877,592.5178347182463,278.50515923853493,6,48,36831,8080,icmp,ssl,S0,Benign,None
0.044880443804500625,135.47427641286188,0.0,3,0,21779,80,tcp,ssh,S0,Malicious,Mirai
2.477505517060041,1025.6476282283297,180.87333118623923,2,2,40592,443,udp,ssh,RSTR,Malicious,C&C
3.2996277273858023,120.2489873441814,202.54030350911086,3,2,1896,53,icmp,-,SF,Malicious,C&C
1.223309036979702,55.84621515276059,28.095516947715595,3,2,54213,443,udp,dhcp,SF,Malicious,PartOfAHorizontalPortScan
0.7307509360863493,785.3616191683822,789.9143751604184,3,4,1421,8080,tcp,dns,REJ,Benign,None
1.01935177819492,73.42119585010322,73.44473418512062,2,3,1311,22,tcp,dhcp,REJ,Malicious,PartOfAHorizontalPortScan
0.009033583953674373,1135.9874394686099,55.41636722556389,10,2,4243,23,udp,dns,S0,Malicious,DDoS
1.778150004414346,2247.002375634565,3765.138711093252,29,4,38863,53,udp,http,RSTR,Benign,None
0.995724510712553,710.6010417860382,17708.509063805297,4,2,45963,80,tcp,http,S0,Benign,None
21.462750581857314,23.760979137602604,2027.1172954422946,5,1,52053,53,tcp,ssl,S0,Malicious,C&C
1.4282148082540176,19170.7180675414,106.67975089024303,5,150,14021,53,tcp,ssh,RSTR,Benign,None
0.16217944617478144,134.94353079494815,0.0,4,0,61249,2323,tcp,dns,S0,Malicious,Mirai
1.4489544491541042,484.31061932319056,2019.1698501072458,4,2,9151,8080,icmp,dhcp,RSTO,Benign,None
11.827550040651168,36.188604561627656,337.6027040306303,6,4,13829,8080,udp,ssh,RSTO,Malicious,C&C
0.6936253846569271,2750.07342354923,3612.9766736143574,3,12,5072,22,tcp,dhcp,RSTR,Benign,None
0.13380316557160227,154.39625706125724,0.0,2,0,47219,22,udp,dns,S0,Malicious,Mirai
13.791096046107958,382.6258970243221,417.7217864830768,4,1,5804,23,icmp,dns,RSTO,Malicious,C&C
0.3247669804092863,2968.352746298229,232.5818902615969,4,2,23107,443,udp,-,RSTO,Benign,None
0.0696742758805075,149.59916982893,0.0,1,0,11399,23,tcp,ssl,S0,Malicious,Mirai
0.09404445060662217,692.1229842787119,52981.689398530434,4,5,11151,443,udp,ssl,RSTR,Benign,None
0.22496606647918094,2004.9513943008192,324.82573473869434,2,1,61821,2323,tcp,dns,SH,Malicious,C&C
2.1929332713173038,589.8914317476499,1017.3033607622353,11,13,57627,8080,icmp,http,S0,Benign,None
1.214514660694697,3587.6436865257633,2243.2512801543794,21,6,35071,80,icmp,dns,RSTO,Benign,None
0.2665931389342418,96.88647880878196,40.44122656199845,5,1,19204,53,icmp,dhcp,SF,Malicious,C&C
0.0007796109342060508,1390.4250037009963,49.234230888131414,40,1,44940,23,icmp,-,S0,Malicious,DDoS
1.3410796440363733,1285.6165545618346,4463.472312193148,11,19,37162,80,udp,ssh,SF,Benign,None
2.0144098422416405,299.8320134429987,29.417585818486735,3,2,57871,2323,icmp,ssh,RSTO,Malicious,PartOfAHorizontalPortScan
0.020010765153011947,1161.5074685398226,41.26995518696673,94,2,34799,8080,icmp,dns,RSTO,Malicious,DDoS
3.4765631425249284,291.6053444402716,395.7061916836603,4,1,37768,443,icmp,http,SH,Malicious,PartOfAHorizontalPortScan
2.0043228118255536,418.4847758992276,52.382150829036064,4,2,34665,2323,udp,dns,SH,Malicious,PartOfAHorizontalPortScan
0.02704470861317003,147.98927941775128,0.0,4,0,31727,23,udp,ssh,S0,Malicious,Mirai
1.0031343013903917,884.1114199395267,4622.752642586508,10,21,38578,53,tcp,ssl,SF,Benign,None
2.900045127051577,92.95363494907058,132.51940155890338,3,3,64777,53,udp,-,REJ,Malicious,PartOfAHorizontalPortScan
7.950605138303879,72.54531191945476,98.17843249044849,4,1,35581,2323,icmp,ssl,SH,Malicious,C&C
36.305524711736176,228.72348198749867,734.8164834671622,2,1,59988,2323,icmp,dns,RSTR,Malicious,PartOfAHorizontalPortScan
0.15923562361558205,125.02128745415683,0.0,1,0,31865,23,tcp,http,S0,Malicious,Mirai
0.2610629700352505,140.4945610697751,0.0,1,0,31738,443,udp,-,S0,Malicious,Mirai
1.5716914051870947,350.7032576630146,96.5198091395708,5,3,11544,53,icmp,ssh,RSTO,Malicious,PartOfAHorizontalPortScan
5.899873121327495,31.54032846360053,20.95677147659893,3,2,28420,2323,icmp,-,SF,Malicious,PartOfAHorizontalPortScan
0.025079657544838287,131.63935094062316,0.0,2,0,56842,80,udp,dns,S0,Malicious,Mirai
6.223260753849833,42.535381988804424,188.47312115317533,4,4,44776,53,udp,http,SF,Malicious,C&C
0.9384316338588259,262.22414523503323,87.28178897062762,2,2,64811,2323,icmp,dns,S0,Malicious,C&C
0.8715646778188332,3120.9786395976835,3785.8696020241878,12,37,8953,443,udp,-,REJ,Benign,None
0.7066452855478453,191.14385213159773,0.0,4,0,59782,80,tcp,http,S0,Malicious,Mirai
2.4675497543481453,1191.795941077576,28973.76252066132,11,23,42762,53,icmp,dhcp,SF,Benign,None
1.2172156452197007,14488.309389829852,2537.7499591085875,7,31,36903,8080,icmp,ssh,RSTR,Benign,None
2.8004245864784605,519.9229139965777,42.54256540107523,4,3,10288,23,tcp,-,S0,Malicious,C&C
11.68746950042653,5.742935939755117,200.86929655405282,4,1,19050,443,udp,ssh,RSTO,Malicious,PartOfAHorizontalPortScan
11.606954653541994,41.06481764696897,115.72696822838593,2,7,21658,22,udp,ssl,S0,Malicious,C&C
0.14020631414188484,163.40128418216145,218.2205780096424,3,2,32737,8080,icmp,dhcp,RSTO,Malicious,PartOfAHorizontalPortScan
0.2701635145278391,395.80530224289737,24624.35233698664,32,25,52696,23,icmp,-,RSTO,Benign,None
4.218513055373766,113.55665929664791,427.71113635326935,3,1,8267,22,tcp,-,REJ,Malicious,C&C
0.1113816137975417,168.9331308489891,0.0,2,0,12593,8080,tcp,ssl,S0,Malicious,Mirai
3.587719664022426,61.91617740361362,29.02000311463942,3,2,63950,53,tcp,dns,RSTR,Malicious,PartOfAHorizontalPortScan
0.29084420199759536,88.58870998070832,301.6654692958288,4,1,41927,23,tcp,-,SF,Malicious,C&C
2.5559358747400025,228.2610558959305,704.2081353489331,3,3,59411,23,udp,ssl,RSTR,Malicious,C&C
12.741232109595906,70.99777088223843,35.61933526498718,5,1,14249,2323,udp,http,RSTO,Malicious,C&C
30.77825123112051,18.204282725320752,61.65069290380576,7,4,49413,80,icmp,ssl,S0,Malicious,PartOfAHorizontalPortScan
0.03176302766239414,1240.6142264416353,58.106662340401186,49,1,35142,53,tcp,ssl,REJ,Malicious,DDoS
10.385418062967775,56.287261162923926,40.39028891826662,2,2,41235,23,icmp,dhcp,RSTO,Malicious,PartOfAHorizontalPortScan
0.00030849910958295973,1256.415436787587,41.80977147495983,24,3,23525,23,udp,ssh,SH,Malicious,DDoS
10.457553141409772,161.5875052180532,195.87547293193992,4,5,39203,80,udp,dhcp,RSTR,Malicious,C&C
0.00038844260927133626,1266.930130230261,38.527331573693964,15,2,4237,23,tcp,ssh,SH,Malicious,DDoS
0.0009559911562615443,149.77454761771233,0.0,4,0,17928,22,tcp,dns,S0,Malicious,Mirai
18.713377239922448,75.77515936220331,199.7609519743317,6,2,61762,443,tcp,http,RSTR,Malicious,C&C
0.006428231989363986,137.15286141217223,0.0,4,0,31925,443,udp,ssh,S0,Malicious,Mirai
0.01925585367524205,1283.0136743497615,55.46408747041189,60,0,48056,53,udp,ssh,SF,Malicious,DDoS
0.19279134106061138,332.995159224402,3243.2050164538837,39,20,38543,80,udp,-,REJ,Benign,None
0.017815878442986717,117.64077883909704,0.0,2,0,40311,2323,udp,dns,S0,Malicious,Mirai
3.8631024702343,476.7756200076722,3965.085431955484,9,7,54951,80,udp,ssh,SH,Benign,None
1.004888726987558,536.5596507748635,856.196671279494,30,35,30749,2323,tcp,http,REJ,Benign,None
19.649481378915475,74.09379660303617,328.17192557682955,5,3,41813,80,tcp,-,SF,Malicious,PartOfAHorizontalPortScan
2.9639148077683823,200.12206053055687,225.58250130976498,3,1,45334,22,icmp,ssl,S0,Malicious,PartOfAHorizontalPortScan
0.05123307251641307,664.9549771678999,578.7525787756208,7,27,16369,22,tcp,-,RSTR,Benign,None
0.0019967113845405326,153.0171566257071,0.0,2,0,48343,8080,udp,ssh,S0,Malicious,Mirai
0.002877322580883062,1253.5425956302872,43.99042371103262,94,2,54276,53,icmp,-,REJ,Malicious,DDoS
11.17017832477064,43.95074139478936,220.6033659069651,5,3,45894,8080,icmp,http,S0,Malicious,C&C
2.550038772702255,113.71729510778432,750.2083346605006,2,1,38578,53,tcp,-,RSTR,Malicious,PartOfAHorizontalPortScan
1.466277507109086,75.4083592050667,69.11691236343371,3,1,47257,8080,udp,dns,SF,Malicious,C&C
5.326998059598468,677.4470367528353,1221.820489598043,7,5,26287,8080,tcp,dns,SF,Benign,None
3.908654355385209,394.4770756193312,13828.162754682327,36,5,53034,23,udp,dhcp,SF,Benign,None
6.363633587591378,73.75334905010666,138.91515989190336,4,1,34120,53,icmp,-,S0,Malicious,PartOfAHorizontalPortScan
0.17849602515728147,136.07896742403088,0.0,3,0,5269,80,udp,ssl,S0,Malicious,Mirai
14.53697146135719,1026.1027561079434,36.14855261480439,4,2,16355,22,tcp,dhcp,REJ,Malicious,PartOfAHorizontalPortScan
1.3186532935683828,1241.9446497073804,970.700752661171,11,9,8480,23,tcp,http,RSTO,Benign,None
0.002072303041093467,1106.2466359788511,57.525186047160176,71,1,2798,2323,tcp,dhcp,SH,Malicious,DDoS
0.16502366227952148,187.41106773745727,40.88690385277803,3,3,27029,443,icmp,ssl,RSTR,Malicious,PartOfAHorizontalPortScan
4.081447351981842,3506.8573297652006,11186.5366159677,5,6,6078,8080,icmp,ssl,S0,Benign,None
1.3403352869621588,148.63579647078436,61.80423753029924,7,6,22808,22,udp,dns,REJ,Malicious,PartOfAHorizontalPortScan
0.002912892254744188,1085.5180904427161,53.064976394217894,84,4,46375,443,icmp,-,RSTO,Malicious,DDoS
0.1880447411185851,6974.190860525458,1390.3580250250343,1,6,33482,53,icmp,dhcp,RSTO,Benign,None
0.0032340733219277783,156.1453372812259,0.0,2,0,45030,23,udp,ssh,S0,Malicious,Mirai
6.051322557717016,523.9895718532622,78.1388353895851,2,2,31684,8080,icmp,http,REJ,Malicious,C&C
0.6851463236352373,40.29791074838759,151.57933570585476,3,0,62500,23,tcp,http,S0,Malicious,C&C
6.875557378205395,69.70827170362676,140.0495389898544,2,5,28481,8080,icmp,-,RSTR,Malicious,C&C
0.04197027038525424,151.71921873847242,0.0,4,0,7844,23,tcp,dns,S0,Malicious,Mirai
0.007098141921185537,161.48346284226025,0.0,3,0,51876,8080,tcp,-,S0,Malicious,Mirai
0.16586119669141025,161.79189102689327,0.0,3,0,48462,23,icmp,ssl,S0,Malicious,Mirai
0.00026336798099704274,1194.238262324151,49.29750108445746,71,2,52455,443,tcp,dns,RSTO,Malicious,DDoS
0.0029271049710649856,1177.8053681583935,50.37082104310993,12,0,23004,2323,tcp,ssl,S0,Malicious,DDoS
2.2364531903042066,1135.0316832260255,6075.882874170441,6,1,24103,2323,icmp,dhcp,SF,Benign,None
0.5477641238976679,730.3078456386146,1935.5221555690034,4,17,7597,53,udp,dns,REJ,Benign,None
5.6357865015021025,1337.189203344245,271.34439471457273,2,2,18434,8080,tcp,-,RSTO,Malicious,C&C
0.02149501317857647,125.2617255281239,0.0,3,0,26033,443,icmp,dhcp,S0,Malicious,Mirai
0.8007533698683444,703.6556394482272,13018.042981257504,10,76,16039,23,udp,ssh,S0,Benign,None
1.5838083981349276,1805.2594927101748,2180.5994566836343,5,32,60332,23,icmp,ssl,S0,Benign,None
0.02217127644233168,802.4162391444466,406.7591736804816,2,3,36869,443,icmp,-,RSTO,Malicious,PartOfAHorizontalPortScan
0.007619958272886053,1137.3713302183414,21.13500443997511,82,3,60321,22,tcp,http,SH,Malicious,DDoS
0.06936933913758146,165.02897897970837,0.0,1,0,10450,22,tcp,dhcp,S0,Malicious,Mirai
1.4939014167810516,35.4179219203117,296.55235133946195,5,1,31231,53,tcp,ssl,S0,Malicious,C&C
0.7228463438553119,195.58844027176832,83.77607196681902,4,2,34895,23,udp,http,RSTR,Malicious,PartOfAHorizontalPortScan
0.0030638303145621598,1195.4416678679838,64.36217309189514,82,2,21852,80,tcp,ssl,S0,Malicious,DDoS
8.618166555217773,179.29725504306757,362.61551152477637,5,4,35495,22,udp,ssl,RSTO,Malicious,PartOfAHorizontalPortScan
0.69827344185835,33.68573913131351,102.68704925916849,3,3,28951,22,udp,-,S0,Malicious,C&C
2.946775492310223,121.30423413297092,157.63476545294063,3,3,24401,8080,tcp,dhcp,SF,Malicious,C&C
1.2143880051175597,1512.1605453235873,725.8581037116738,5,4,16254,80,tcp,ssh,SF,Benign,None
0.15186208234706966,148.886522622513,0.0,2,0,34606,80,tcp,-,S0,Malicious,Mirai
0.0022541244314873434,1341.9862961343038,52.88195948753435,72,1,29541,23,udp,dhcp,SF,Malicious,DDoS
16.96397173702191,19.00028039716199,117.9688751111616,10,3,3604,2323,tcp,http,RSTO,Malicious,PartOfAHorizontalPortScan
0.009810436180582647,1237.798847649035,44.40091242921881,45,4,61603,22,udp,ssl,RSTO,Malicious,DDoS
6.345899715071779,32.810920641361434,377.26926108347453,2,1,46415,23,icmp,dns,SF,Malicious,C&C
5.206980120249681,383.46783016925315,364.5998150159732,5,2,35288,443,udp,dhcp,RSTR,Malicious,PartOfAHorizontalPortScan
0.023031668389067554,1296.0322219065697,65.24756663818462,81,0,47994,22,tcp,ssl,SH,Malicious,DDoS
1.7229930211292477,94.65721082654996,207.13008088404627,4,4,26830,8080,tcp,dhcp,RSTO,Malicious,PartOfAHorizontalPortScan
1.319199939100209,268.0900886264204,1184.8998103496815,16,45,51576,2323,icmp,-,RSTO,Benign,None
0.0010081224571421945,1209.6682004494933,56.89320310626841,63,0,20664,22,tcp,dns,RSTR,Malicious,DDoS
0.00227965320442859,1221.7120004494964,48.07965377489362,56,2,10710,2323,udp,ssh,SF,Malicious,DDoS
0.007277634826094129,1237.4784115457348,64.61565251681378,95,3,24424,8080,udp,ssh,S0,Malicious,DDoS
0.17546694925422188,146.23613760740653,0.0,3,0,62250,2323,udp,http,S0,Malicious,Mirai
4.072673072459435,638.2251522482014,89.2384028584372,1,2,20645,22,icmp,dns,SF,Malicious,PartOfAHorizontalPortScan
7.892416210094376,345.2548648540111,205.11760670427682,3,1,44895,22,tcp,dhcp,SH,Malicious,PartOfAHorizontalPortScan
0.45249633979178017,12982.843700123929,258.58253111145467,44,115,5299,22,icmp,dhcp,RSTO,Benign,None
0.04502852080356043,1039.8021459158394,83.18885437105085,65,0,29272,80,tcp,http,S0,Malicious,DDoS
3.215828558052677,91.26624980581819,1512.9742310867548,2,4,26985,2323,icmp,ssl,S0,Malicious,PartOfAHorizontalPortScan
0.7212176060097109,1680.419469896734,1890.9934221256951,15,71,37046,8080,icmp,ssh,SH,Benign,None
5.119245577472743,1197.4093592906686,2240.2688169334365,23,13,10264,53,icmp,ssl,SH,Benign,None
2.59697701596584,12839.6605326408,4426.428310308647,12,3,31099,22,tcp,-,REJ,Benign,None
0.020395898249537355,177.24374453687057,0.0,3,0,47023,80,tcp,ssh,S0,Malicious,Mirai
5.722272831346324,154.73058672817584,202.45590480298438,3,1,16769,22,tcp,dhcp,SH,Malicious,C&C
0.08363227793209349,132.231474018504,0.0,4,0,2019,80,udp,dhcp,S0,Malicious,Mirai
0.7651814389777593,1156.3768970578597,120.4027312713128,8,19,5060,80,udp,-,RSTO,Benign,None
11.682153314922632,37.16563703561676,541.1184475444368,6,2,6251,2323,icmp,-,S0,Malicious,PartOfAHorizontalPortScan
0.8872364007069065,141.9273760591085,547.1136920802921,4,1,35256,8080,icmp,ssl,S0,Malicious,C&C
0.0012892196775431664,1313.5410061842651,52.348628077507655,58,0,42553,80,tcp,ssl,RSTR,Malicious,DDoS
1.0395477111183822,4048.568106368943,9711.078549493199,10,5,57488,8080,icmp,http,RSTR,Benign,None
2.5320183794777584,56.23399439296171,60.29418386953343,3,6,57495,22,tcp,dhcp,S0,Malicious,C&C
0.0009804712087842756,1213.2083856147237,74.76097223007511,58,2,44608,2323,tcp,ssh,RSTO,Malicious,DDoS
1.3142702323637503,357.13496371209544,11371.053517792463,2,2,17073,443,tcp,ssl,RSTR,Benign,None
2.56623901360803,5530.512270409013,11627.41887352402,1,5,30158,80,icmp,-,S0,Benign,None
0.9182942432902312,118.4639682469552,129.00038448713195,5,2,11098,443,icmp,ssh,RSTR,Malicious,PartOfAHorizontalPortScan
1.2626693436602885,407.6781116071914,438.71729067435444,2,1,21630,53,udp,http,RSTR,Malicious,PartOfAHorizontalPortScan
6.624278858914875,56.73051684872024,96.13974731660478,5,3,54650,53,udp,ssl,SF,Malicious,PartOfAHorizontalPortScan
0.015568896089007545,1121.9824044753989,53.87531769053554,76,2,41511,23,udp,http,S0,Malicious,DDoS
1.2673060816010522,78.54323775691104,63.61595465362031,3,2,25948,8080,tcp,ssh,SH,Malicious,C&C
6.09760890633249,257.90480610334,92.08555817786231,2,1,35116,443,udp,ssl,SH,Malicious,PartOfAHorizontalPortScan
0.009291398348432218,1206.0271648799646,33.05621458497558,18,4,62507,53,icmp,dns,RSTO,Malicious,DDoS
2.5084341440932008,205.44570607818366,372.09704879338443,49,16,47152,80,icmp,dns,SH,Benign,None
0.014009270432684724,141.29390026769866,0.0,2,0,40925,23,icmp,ssh,S0,Malicious,Mirai
0.5666969694707427,288.692639339759,526.2835476022339,3,1,49148,53,tcp,ssl,SH,Malicious,C&C
4.784954880019455,69.20713534944915,541.9027913187347,4,1,31141,22,udp,dhcp,SH,Malicious,C&C
4.570763335279188,569.7188459959547,157.75518338946884,3,1,52150,23,udp,ssl,SF,Malicious,C&C
0.2802192863568161,158.0129270057071,0.0,2,0,58071,443,icmp,dhcp,S0,Malicious,Mirai
0.00022569339313225246,1257.556072078758,50.76199669100832,78,1,48604,53,udp,ssh,RSTO,Malicious,DDoS
0.02231537953367403,1161.8986536032403,61.51675787164107,97,2,35612,53,tcp,ssl,RSTR,Malicious,DDoS
0.40377638320589254,2534.1331188966,336.7795954080911,8,6,11871,8080,icmp,ssl,RSTO,Benign,None
0.0011263953663875582,1163.9322837278598,58.778268248772584,94,1,41887,22,tcp,ssl,REJ,Malicious,DDoS
1.0900794449045206,539.3002452659066,1741.3491796335127,5,40,36141,2323,tcp,-,SH,Benign,None
2.4469075515239287,1446.550233458396,660.2437079933518,8,31,39140,2323,icmp,dns,SF,Benign,None
0.07136821524143763,172.69328993722237,0.0,3,0,37531,22,tcp,-,S0,Malicious,Mirai
4.4865412924790595,197.8141519190218,310.50358333414397,7,6,24284,22,udp,ssl,RSTO,Malicious,C&C
0.0767303823823415,166.5797322500205,0.0,4,0,1221,80,icmp,-,S0,Malicious,Mirai
1.3457922776445874,379.92231796947516,1236.9930501827484,3,23,36042,53,udp,ssh,S0,Benign,None
2.3543336116394413,130.64031700679135,54.77205462268883,5,3,58769,22,icmp,dns,S0,Malicious,PartOfAHorizontalPortScan
2.936921157973816,1514.1215243991476,1583.6915462175245,4,2,63520,8080,icmp,dhcp,S0,Benign,None
0.27441677726313674,178.41727563931505,0.0,2,0,25476,53,udp,dns,S0,Malicious,Mirai
0.01185136136605832,1205.039395457583,26.319460739390777,11,2,29708,22,udp,dns,SH,Malicious,DDoS
2.8853187667991285,1387.5336173612716,6270.6252880726415,4,9,4579,22,tcp,ssl,S0,Benign,None
0.00019896427020008078,1309.3190743502137,46.12755809470718,37,2,35197,53,icmp,-,SF,Malicious,DDoS
0.05575530756574947,1606.3567251276238,343.9060456571729,8,33,5487,53,icmp,http,RSTR,Benign,None
2.016461635938413,358.6283824384072,415.8277751382717,2,2,12283,443,icmp,dns,RSTO,Malicious,PartOfAHorizontalPortScan
0.04069548921890594,125.81440869382449,0.0,3,0,15037,443,icmp,-,S0,Malicious,Mirai
0.0640341118500435,176.14997092107043,0.0,3,0,10741,8080,udp,dhcp,S0,Malicious,Mirai
7.616383214714921,1059.335585906529,578.8682914191995,4,3,56327,22,udp,http,REJ,Malicious,C&C
3.099720856676453,157.83381645759522,337.03283516695524,8,1,17493,80,tcp,dhcp,RSTR,Malicious,PartOfAHorizontalPortScan
0.05301910351635082,151.3262199933971,0.0,1,0,31495,2323,tcp,-,S0,Malicious,Mirai
0.10101785560651994,124.2006095366892,0.0,3,0,8235,23,tcp,-,S0,Malicious,Mirai
0.0031938782218869765,1268.6797421545468,59.264086094813784,74,4,34690,53,udp,-,SF,Malicious,DDoS
4.459782762987236,764.6336649747702,13690.635539319208,11,6,52791,2323,icmp,-,S0,Benign,None
2.187183356548085,275.8656729339885,62.27899559794084,3,3,63178,23,tcp,dhcp,RSTR,Malicious,C&C
2.123328882294043,1905.3801281246829,1560.3747486902705,5,5,10275,23,tcp,dns,S0,Benign,None
0.011045821049200561,1348.0309600661933,36.25034352322663,45,1,7041,22,udp,dhcp,SF,Malicious,DDoS
2.7887235973607556,122.41674185270307,3072.074753107504,6,79,8383,443,tcp,dhcp,REJ,Benign,None
9.044131812643355,442.36427836242626,538.1094097017311,3,3,61128,53,tcp,dhcp,RSTR,Malicious,C&C
0.16805216976297116,490.47141707124,19402.50436772983,8,8,47194,443,icmp,dns,RSTR,Benign,None
0.9907338868424337,91.7269107541472,341.96126506477464,2,1,50802,53,tcp,http,SF,Malicious,C&C
0.00026392143214453383,1253.9806152868553,58.485489753989604,43,0,37208,53,tcp,ssl,SF,Malicious,DDoS
10.639715827382679,57.875975868079436,32.817626213827175,3,5,36701,80,udp,ssh,RSTR,Malicious,C&C
0.05089375417503781,152.16240340856677,0.0,2,0,29723,23,udp,dns,S0,Malicious,Mirai
2.1744499583696744,471.8092308659772,1274.353483821156,7,6,33432,23,tcp,http,RSTR,Benign,None
0.012312913841982057,137.664732421535,0.0,1,0,12834,53,icmp,ssh,S0,Malicious,Mirai
0.3503596472208037,174.6397930092909,0.0,3,0,34940,80,tcp,dhcp,S0,Malicious,Mirai
12.09640577325661,65.14068450629289,251.48282583260308,4,2,34221,22,tcp,http,SH,Malicious,C&C
4.920883728643998,144.07025700176155,67685.51103113277,18,4,47060,2323,tcp,dhcp,REJ,Benign,None
0.1576368777936604,2442.1959208307317,913.06762177631,26,14,57350,53,udp,ssh,SH,Benign,None
0.6959564053566953,249.794583992655,5361.233035299801,3,15,35101,2323,icmp,dhcp,SH,Benign,None
0.09600520522931524,191.3868789070833,0.0,3,0,22248,2323,icmp,dns,S0,Malicious,Mirai
0.24555128321072076,1731.928637249999,10442.864737079533,2,2,21123,443,udp,dhcp,RSTO,Benign,None
1.0954177003252847,1386.626900538917,1339.2258265008168,31,6,20809,8080,tcp,http,S0,Benign,None
0.04012267649035146,127.78421632687397,0.0,2,0,12765,23,udp,dns,S0,Malicious,Mirai
2.579099489476394,180.78080787658809,125.51334792887486,2,4,13284,2323,icmp,-,RSTR,Malicious,C&C
1.4203116319651858,1009.4618670150893,5778.848457601792,4,18,4077,53,tcp,ssl,RSTO,Benign,None
1.1317438372691255,63.221153527879345,685.8199098472811,4,0,21541,80,icmp,dhcp,REJ,Malicious,C&C
0.4573772704905998,4382.436694922288,229.19361790365232,7,32,7356,80,udp,dns,SF,Benign,None
0.4555625561700149,232.2937335803224,1727.2040209446707,3,49,44153,23,icmp,ssl,SH,Benign,None
0.251361111793133,58.31814944333953,319.78577064181184,3,1,6756,22,icmp,http,SH,Malicious,C&C
0.089396853864634,190.03174531631393,0.0,1,0,18088,22,icmp,dns,S0,Malicious,Mirai
0.05744226681310732,136.00667764666562,0.0,4,0,11485,22,icmp,-,S0,Malicious,Mirai
0.00756127231606362,1186.301628719322,55.17251191056677,59,1,26079,2323,udp,dns,REJ,Malicious,DDoS
12.886967216626493,40.41056837366519,169.80316361529762,5,2,47911,443,icmp,ssl,RSTO,Malicious,PartOfAHorizontalPortScan
2.6438356762616553,1394.3118163875483,11407.685706712618,12,9,8546,8080,udp,ssh,S0,Benign,None
0.07826766234014913,123.28044388972715,0.0,4,0,42502,80,tcp,ssl,S0,Malicious,Mirai
0.9760063491898351,640.3550525184315,148.75096200587666,4,3,47510,23,icmp,dhcp,REJ,Malicious,PartOfAHorizontalPortScan
1.1219734661812062,1859.567592028833,1358.7271274190725,8,3,30225,22,icmp,dhcp,SH,Benign,None
4.034989428949792,98.1004452091646,514.239377626886,2,2,59241,2323,udp,ssl,REJ,Malicious,C&C
14.151876953941514,126.7090062890077,910.030445264309,3,1,45567,23,udp,dns,SH,Malicious,C&C
4.837668333899174,82.00177938058428,166.90349277071542,6,2,52441,23,udp,http,SH,Malicious,PartOfAHorizontalPortScan
6.684225027374936,1928.346791394245,230.7202037098681,3,1,24971,443,icmp,dhcp,RSTR,Malicious,PartOfAHorizontalPortScan
0.8707174662697909,2516.094124527777,1157.1360679566928,2,13,5063,8080,tcp,dhcp,SH,Benign,None
0.23961955964100562,3728.3009159978005,2618.1850781851304,2,4,7065,443,tcp,dns,SH,Benign,None
15.21456738916167,106.72560327322593,516.2833492807875,2,3,7981,443,udp,ssh,REJ,Malicious,PartOfAHorizontalPortScan
1.7918043053184882,996.6977089347063,6406.361856828151,10,7,40610,53,udp,dhcp,SH,Benign,None
0.009788963238327194,1189.2417666393203,51.146375681543624,74,1,42229,2323,icmp,dhcp,RSTO,Malicious,DDoS
1.6285546338505508,3568.5578075005947,883.6683134728994,8,11,7974,443,icmp,dns,REJ,Benign,None
0.04110996820372082,171.05954913850434,0.0,1,0,27440,2323,icmp,dhcp,S0,Malicious,Mirai
0.01526183466470317,122.60701640923865,0.0,4,0,65159,2323,tcp,-,S0,Malicious,Mirai
1.2812178518770343,543.2563977550662,261.04970485272116,10,3,18940,23,tcp,ssl,REJ,Benign,None
8.099933140121806,130.98599314939278,187.80426005589396,3,1,41451,8080,tcp,-,REJ,Malicious,PartOfAHorizontalPortScan
0.0012227497295118615,1145.7468764163636,50.62675400726717,64,0,65455,53,icmp,-,SH,Malicious,DDoS
0.7885365436736457,1927.44075544926,255.18970302626974,3,7,49769,2323,tcp,http,RSTR,Benign,None
0.012581105443765726,207.44659452475432,0.0,3,0,2177,53,tcp,dns,S0,Malicious,Mirai
0.2803863254323121,141.19627211046767,0.0,4,0,21912,53,tcp,ssl,S0,Malicious,Mirai
9.30781533118451,348.60414337946105,234.09552385710617,2,4,39697,2323,tcp,ssh,S0,Malicious,C&C
0.0009154657869922893,1260.3200342330888,49.87286452288507,16,2,21450,8080,tcp,dhcp,REJ,Malicious,DDoS
5.468864424941533,1498.270990255391,112193.36361688444,14,15,62429,80,tcp,dns,RSTO,Benign,None
1.6740444719397511,6283.252359605603,3072.6066808560427,5,15,41336,8080,udp,-,RSTR,Benign,None
0.3467172026585539,172.2715125240562,0.0,3,0,26337,53,tcp,-,S0,Malicious,Mirai
0.04151722103683817,126.93160712516026,0.0,1,0,47044,23,udp,dns,S0,Malicious,Mirai
5.475043893083864,319.10639136492506,8084.938580255028,17,31,5331,443,udp,ssl,REJ,Benign,None
0.005669893519352887,1088.1215426121134,30.65347535306924,64,3,12028,22,tcp,dhcp,S0,Malicious,DDoS
0.7147826515029173,4060.519340716332,576.5476162884529,5,10,10770,443,icmp,ssh,REJ,Benign,None
3.6557451414246005,508.63220593909244,247.62033596476041,3,3,51699,443,udp,http,REJ,Malicious,PartOfAHorizontalPortScan
0.003190338274745557,1043.7840949723404,53.92240449553833,52,4,3582,8080,tcp,ssh,SF,Malicious,DDoS
0.1938487948770244,142.61319417202628,0.0,2,0,42733,443,tcp,-,S0,Malicious,Mirai
0.04255707259425823,122.63670371086116,0.0,3,0,21731,23,udp,ssh,S0,Malicious,Mirai
2.8513424544648087,2366.3149226496107,166.93905441126114,16,8,14656,80,udp,http,REJ,Benign,None
0.07019264011376028,181.123868701251,56468.267308683025,2,6,24278,80,udp,dhcp,RSTO,Benign,None
2.737013111437648,390.0007608598667,998.9908501100999,35,18,28165,22,icmp,dhcp,REJ,Benign,None
0.3949632072189056,560.9313437280261,27318.931202791216,4,22,49904,22,udp,dhcp,RSTO,Benign,None
1.2378314111036917,2706.9558920948944,3059.929865962254,64,10,4130,8080,tcp,-,RSTR,Benign,None
1.1842062521201282,1300.4941417136417,453.997702683188,10,13,54637,22,udp,ssl,RSTR,Benign,None
1.4863854433598684,3057.281694425227,20280.324236477074,1,36,18761,80,icmp,ssl,S0,Benign,None
0.004290692468506684,1047.1061094649917,39.38373054540813,36,4,29629,23,icmp,ssh,RSTR,Malicious,DDoS
0.5071174787976253,166.6437687658196,0.0,1,0,56049,2323,udp,dns,S0,Malicious,Mirai
0.5110603161590305,4101.150960387839,7274.1445825681085,7,16,55947,8080,icmp,dns,SF,Benign,None
0.40268205620236913,341.0889571214814,1220.9673932787402,2,9,64941,443,udp,ssl,SH,Benign,None
0.01261699272911787,1409.4374972418054,54.52004288694786,78,3,53487,8080,udp,-,RSTR,Malicious,DDoS
22.79493671482711,137.35033287383186,75.13126767983466,11,1,19328,53,udp,dns,RSTR,Malicious,C&C
2.8642879437521027,2022.3085052121248,1851.1073428927368,12,7,27489,22,tcp,ssl,RSTO,Benign,None
2.6663727595320124,518.7281252212326,871.08572339853,2,1,56626,8080,icmp,ssh,SF,Malicious,C&C
3.6632718408088234,147.34753578442715,309.6750494844463,4,8,47267,23,icmp,http,RSTR,Malicious,C&C
0.031161358810643927,132.74605797151676,0.0,1,0,27401,443,tcp,ssl,S0,Malicious,Mirai
8.440312098511917,55.78074018059897,283.5117207413277,4,1,5778,8080,icmp,-,SH,Malicious,C&C
0.1245373208815651,160.05429744604993,0.0,4,0,49622,23,tcp,ssh,S0,Malicious,Mirai
2.6978796233857434,381.50778460818043,96.58300807504688,2,9,61018,8080,icmp,-,RSTR,Malicious,PartOfAHorizontalPortScan
0.12379933496569094,155.60601055618307,0.0,1,0,21299,53,icmp,-,S0,Malicious,Mirai
0.4057330343452739,2199.4365061592907,4439.25889801614,16,11,28421,22,tcp,-,S0,Benign,None
13.98714587044088,70.35669890095829,786.2257564009462,3,3,9484,80,tcp,-,RSTR,Malicious,PartOfAHorizontalPortScan
2.4265608413507107,43.50579652986976,90.657971136816,3,3,32003,23,udp,http,SF,Malicious,C&C
3.6692621006033477,1573.951278826339,2879.918322303685,7,5,63505,53,icmp,dns,SH,Benign,None
0.8305399407182719,907.655252371139,1434.6434545847758,9,23,30220,443,udp,ssh,SF,Benign,None
0.1744856393100363,374.87996375664846,3301.1213740956046,4,41,20806,23,tcp,dhcp,SF,Benign,None
2.720097287745587,49.70694182681368,208.51038492157946,6,1,5068,8080,icmp,ssh,RSTO,Malicious,C&C
7.343598326638263,283.33658757117394,28.676365281806213,3,3,59604,23,tcp,ssh,SF,Malicious,PartOfAHorizontalPortScan
1.5151282896376757,1062.280762744832,3380.0165781088594,9,11,40161,443,udp,dns,SF,Benign,None
1.2897242513093932,240.89659157530693,69.16590500446351,4,1,31034,80,tcp,ssh,RSTO,Malicious,PartOfAHorizontalPortScan
0.03640598275896295,167.43039675102958,0.0,4,0,23425,53,tcp,dns,S0,Malicious,Mirai
2.8547122311381488,686.2129171248399,4643.154144865714,4,37,13622,23,tcp,-,SF,Benign,None
0.3838902872271649,2055.81200322185,3822.5440489045864,2,28,52142,22,icmp,dhcp,S0,Benign,None
26.479182995931776,71.93197986441585,98.73017949000116,5,4,45114,443,udp,dhcp,SF,Malicious,PartOfAHorizontalPortScan
3.9046483199132935,393.19401203648005,383.6276927580564,3,1,63886,443,icmp,http,REJ,Malicious,C&C
1.0411914039583543,6879.137160558719,23234.32571125721,3,10,9001,22,tcp,ssl,SH,Benign,None
7.133229755696576,96.23516483494699,21.909018106214422,3,6,2723,2323,icmp,ssh,REJ,Malicious,PartOfAHorizontalPortScan
0.0577094541897219,163.25892585497073,0.0,2,0,39966,80,udp,dhcp,S0,Malicious,Mirai
0.1336382466061945,155.81437105504475,0.0,4,0,55568,443,icmp,dhcp,S0,Malicious,Mirai
3.3567588489238736,6958.896780784834,2093.3938314764864,6,5,31407,53,icmp,-,S0,Benign,None
5.737734796337248,73.61477079254806,117.61476606457818,2,5,12724,8080,icmp,ssh,SF,Malicious,C&C
2.654652636561285,89.79471421286047,192.92213526503318,5,2,12859,22,udp,dns,RSTO,Malicious,PartOfAHorizontalPortScan
9.715578141301165,18.258570005694096,113.64788367069286,3,3,33804,23,udp,-,REJ,Malicious,C&C
1.3619484083902718,38.941622673548,47.08151841596525,2,2,44815,2323,icmp,ssh,REJ,Malicious,PartOfAHorizontalPortScan
0.007053803965858322,1351.8041566988015,42.64860005756914,74,2,62541,23,tcp,dns,S0,Malicious,DDoS
3.1833926412985303,291.54785947319,3282.726388211738,2,35,11890,2323,tcp,ssl,SH,Benign,None
5.7210239942048515,75.1530235498113,134.02710864796103,4,2,10555,2323,icmp,http,SF,Malicious,C&C
0.017347400435174805,1321.8332107974434,67.44306532315761,12,4,65360,2323,icmp,-,S0,Malicious,DDoS
2.03278970253846,286.4818769687304,319.73875798305215,3,2,18265,8080,udp,ssh,SH,Malicious,C&C
0.02247708565006723,150.6849428660599,0.0,4,0,53682,23,udp,dns,S0,Malicious,Mirai
7.640252214141839,1328.261122932066,5767.243309809057,56,4,61583,8080,tcp,-,RSTR,Benign,None
0.020704565147074323,3396.4250202697526,153.72792436996744,15,14,31464,53,udp,-,REJ,Benign,None
0.020228611889179432,1169.0578515898292,36.154174353566425,15,0,33807,2323,tcp,ssl,SH,Malicious,DDoS
0.17816253537683024,182.3556126099268,0.0,2,0,12529,443,udp,ssh,S0,Malicious,Mirai
0.039712885947406976,142.0347646490252,0.0,1,0,22903,53,icmp,dns,S0,Malicious,Mirai
0.20316771607743297,11211.711589442944,10318.10865843578,28,3,10792,23,tcp,ssl,RSTO,Benign,None
3.6937979818393,1722.1984457030064,9139.676894318873,5,9,21981,80,tcp,ssh,SF,Benign,None
2.83722374681396,1339.5969497756837,4702.852412387612,4,6,11136,443,tcp,ssh,S0,Benign,None
0.03108851829482083,148.28881855971568,0.0,1,0,15108,8080,icmp,-,S0,Malicious,Mirai
4.032390559678781,161.2948272406223,32.644775814987845,3,4,32087,22,udp,http,S0,Malicious,C&C
0.0002715260667056936,1262.5196335496726,49.85559627173275,39,3,48284,2323,tcp,dhcp,REJ,Malicious,DDoS
0.01775184622178096,1268.159019490325,49.76663102205817,51,3,3486,8080,tcp,ssh,S0,Malicious,DDoS
3.3617188400906173,507.2260188506754,192972.56745738545,5,9,7659,22,icmp,ssl,SH,Benign,None
0.003027697485307659,1158.3944599634594,58.152406833068625,92,0,1376,80,udp,-,SF,Malicious,DDoS
1.2582679323060584,402.95660976711554,14536.932542025424,5,19,18029,53,icmp,ssh,SH,Benign,None
2.0210576333100145,480.41214358215905,104.25469422444019,5,1,32809,22,icmp,dns,RSTO,Malicious,PartOfAHorizontalPortScan
4.430848112518728,1397.2166485002103,22485.733933736454,2,19,34200,53,udp,dhcp,RSTO,Benign,None
0.007597540220593351,145.1153673621058,0.0,4,0,25053,443,icmp,dhcp,S0,Malicious,Mirai
0.00411836807511226,1355.4181976831915,38.09034889756909,53,4,64660,23,icmp,ssl,SH,Malicious,DDoS
0.09132584660970876,80.20745510677611,385.57267180054856,4,1,6807,80,tcp,dns,SF,Malicious,C&C
0.050783968107525515,129.69074747927138,0.0,4,0,62085,23,icmp,-,S0,Malicious,Mirai
7.937197653263269,968.8794598195409,632.5103357228744,3,1,36655,22,icmp,ssh,REJ,Malicious,C&C
14.682809227600037,112.92731130158077,426.7913552734067,2,2,55874,23,udp,http,RSTR,Malicious,PartOfAHorizontalPortScan
0.0016870334170102366,1194.1890970519544,48.41273131146704,47,0,21897,53,udp,dhcp,RSTR,Malicious,DDoS
5.76337775473264,648.169499942015,5234.663060676994,7,10,38070,53,icmp,dhcp,SH,Benign,None
0.025059764168310877,170.42504179012937,0.0,3,0,28015,443,udp,-,S0,Malicious,Mirai
0.5483698220180034,2257.10225216078,9949.858314895122,1,19,22158,2323,tcp,http,RSTO,Benign,None
0.007044007693354808,1268.8623944931792,35.77220461308841,65,0,18141,22,icmp,ssl,S0,Malicious,DDoS
0.10226267572817399,145.6493909874571,0.0,3,0,17573,2323,udp,dns,S0,Malicious,Mirai
0.008114893931952406,1297.19885928724,65.7759298518243,16,3,8696,22,udp,ssh,S0,Malicious,DDoS
0.7059369318940145,701.7547669763788,122.5309750473749,16,20,59046,443,icmp,dns,RSTO,Benign,None
0.03809733549690884,161.31874925505988,0.0,3,0,44880,23,icmp,http,S0,Malicious,Mirai
1.2348111704745164,126.57174989812617,32.881103503222285,3,2,56666,443,icmp,-,S0,Malicious,PartOfAHorizontalPortScan
3.572150515202184,58.46091517296787,159.96777412480776,2,2,24507,80,icmp,http,SF,Malicious,PartOfAHorizontalPortScan
0.039438951397849496,1220.006770766317,61.452092503782744,36,1,52996,80,udp,dhcp,SF,Malicious,DDoS
22.533473671302964,234.11432394065048,149.01515711552494,4,2,65512,23,udp,dns,SH,Malicious,C&C
0.05837837648456449,119.31707660131505,0.0,2,0,34385,80,tcp,ssh,S0,Malicious,Mirai
1.4401716848526387,880.1425873876778,3994.647647309397,35,35,39205,53,icmp,ssl,SH,Benign,None
0.2732220133984024,3446.740489980228,1675.2178455449803,5,5,31518,443,tcp,dhcp,RSTR,Benign,None
2.1435988331886016,198.42320276560866,250.26133464256367,3,3,65086,23,tcp,http,RSTR,Malicious,PartOfAHorizontalPortScan
0.6252456078512818,495.9356454351776,238.88118451516056,4,4,34929,443,udp,ssl,SF,Benign,None
0.411810431291638,2046.848826965167,14691.11807790565,6,4,39564,23,icmp,dhcp,SH,Benign,None
0.013848322681063062,1021.5361119510669,48.96728647566548,58,1,52097,8080,tcp,dns,SH,Malicious,DDoS
0.604768727422689,93.68534620558995,161.13512830967193,4,2,59734,23,icmp,ssl,RSTO,Malicious,C&C
3.2030431034211073,114.36220519771997,174.02201621529778,2,1,18783,23,udp,ssl,RSTR,Malicious,C&C
0.05016106825438265,128.31667593602145,0.0,1,0,20244,80,udp,dns,S0,Malicious,Mirai
0.05216918744913517,186.60069457402747,0.0,2,0,46097,80,icmp,ssh,S0,Malicious,Mirai
0.02087006664105647,1215.4279930431535,46.72020375251166,71,3,30360,22,icmp,ssl,RSTR,Malicious,DDoS
0.23606074174597452,250.8188321269509,144.9241765638315,4,2,47830,53,tcp,-,RSTO,Malicious,C&C
1.0735980648180001,327.5983155250381,2863.6398874627503,21,3,39608,22,icmp,ssl,RSTR,Benign,None
1.3630193890210796,1766.4070465025773,32480.960643857572,11,8,27576,80,udp,ssh,RSTR,Benign,None
0.19928663203226335,1552.331024909097,8083.1742337600435,3,16,39397,8080,udp,ssh,SF,Benign,None
9.556841619681819,182.3529284781292,2162.1701138831386,3,7,32345,443,icmp,dns,S0,Benign,None
0.6904952190785968,2260.375374077921,3347.6867790999736,10,1,47342,53,icmp,dhcp,SH,Benign,None
8.563015883745917,655.0534709602538,343.86822329741506,4,15,13528,22,udp,dhcp,RSTR,Benign,None
2.870326553697909,376.6763718184907,302.2281719198607,2,2,61436,53,icmp,dns,REJ,Malicious,PartOfAHorizontalPortScan
0.044446753862961715,159.47675891132852,0.0,1,0,56841,53,tcp,dns,S0,Malicious,Mirai
8.030632330785947,729.1551740472286,146.7587335221347,4,1,35818,8080,tcp,dns,REJ,Malicious,C&C
0.8694381417318607,177.3052138405414,130.8608374259679,3,1,24520,8080,icmp,dhcp,S0,Malicious,C&C
1.5548004414417376,237.04458687424608,200.34002372096603,5,3,62261,2323,udp,dhcp,SF,Malicious,PartOfAHorizontalPortScan
0.028871500079349206,1174.4166487120983,53.9921630755807,14,0,19035,22,udp,dhcp,SH,Malicious,DDoS
2.584898384102148,1130.4332012213501,5935.858567081857,4,45,48876,80,udp,ssh,SF,Benign,None
3.353886201555621,513.1226831423003,982.3292645910124,12,57,48283,2323,udp,http,S0,Benign,None
1.1723977762551627,186.10727101478588,221.05569410919864,2,1,32331,53,icmp,http,REJ,Malicious,PartOfAHorizontalPortScan
0.0033918166358559345,1293.651814933203,61.86887807877594,15,3,5345,22,udp,dhcp,S0,Malicious,DDoS
0.08863794870540873,141.38373064197702,0.0,3,0,30604,22,tcp,-,S0,Malicious,Mirai
10.350142352508177,992.7309082389854,4915.506940210603,14,9,62726,2323,icmp,ssh,RSTR,Benign,None
7.195906964373466,592.3757349630508,83.18568006426946,2,1,57654,80,udp,ssl,S0,Malicious,C&C
10.297665786484302,148.12590122310039,51.60957341748016,5,4,51983,8080,tcp,dns,RSTR,Malicious,PartOfAHorizontalPortScan
2.819465840427216,485.9005896765073,14455.857558623686,22,9,60318,80,icmp,http,S0,Benign,None
0.030816412295916515,149.73050530332,0.0,1,0,32024,8080,tcp,-,S0,Malicious,Mirai
0.06667724460342041,1413.3513826694002,5168.912222055922,3,18,41887,8080,tcp,ssh,S0,Benign,None
0.0892660216359771,288.82063586787365,2967.7479516186613,4,11,2704,2323,tcp,ssh,S0,Benign,None
0.07698632264321748,167.35218514475542,0.0,2,0,58149,2323,tcp,-,S0,Malicious,Mirai
0.0029922472981035527,1232.977391649742,50.486471319144,14,4,19769,80,tcp,dns,REJ,Malicious,DDoS
2.81637054479309,237.49336557996835,43.04321393873704,5,1,30763,2323,tcp,http,SH,Malicious,C&C
0.07754324102609382,166.08443725889984,0.0,1,0,48736,2323,udp,-,S0,Malicious,Mirai
1.5789339996978617,673.0390118731511,373.44214922022036,3,12,45592,8080,udp,http,SF,Benign,None
1.7399671568440833,42.555523678802516,1166.0965978388283,4,5,37717,53,udp,http,REJ,Malicious,C&C
3.36213309867461,218.2905213061574,677.7750947739177,6,4,41474,53,udp,dhcp,SH,Malicious,PartOfAHorizontalPortScan
0.30655009819903056,173.22546789616254,0.0,2,0,36247,8080,tcp,dhcp,S0,Malicious,Mirai
0.691087313689708,843.4670052269868,70882.5500294798,20,14,61034,2323,icmp,dns,SF,Benign,None
0.1116791221553811,177.79789077813302,0.0,3,0,1818,2323,icmp,ssh,S0,Malicious,Mirai
0.01087245599640595,1072.4452616770736,36.802424317888295,88,4,25339,443,icmp,dhcp,RSTO,Malicious,DDoS
6.739944048615699,66.79060986054004,25.095739081867695,2,2,8047,2323,tcp,dns,RSTR,Malicious,C&C
19.00711151284654,114.0732033559078,15.344297937263335,4,2,61109,23,tcp,dns,REJ,Malicious,C&C
2.3878278437451104,1637.0428797671182,9847.424831597427,13,5,10712,443,tcp,dns,REJ,Benign,None
0.009085182495077693,1255.2636939674576,44.597864564620885,81,2,49396,53,tcp,http,REJ,Malicious,DDoS
0.0012086940844211207,1190.4494676030151,41.018492558401924,25,4,11625,8080,tcp,http,SF,Malicious,DDoS
0.3443390432691113,609.3935089917275,621.0639334786052,42,5,35100,2323,udp,dns,S0,Benign,None
6.984556445885611,7238.819576483619,941.4399626886957,10,38,29065,443,icmp,ssl,RSTO,Benign,None
0.24041392740258932,470.14517892875654,83.45585588189691,9,69,16701,2323,icmp,dns,RSTO,Benign,None
0.00015557886791170417,1151.5245144503092,59.77083663361995,76,4,32969,80,udp,-,S0,Malicious,DDoS
0.27129499071612134,110.50412836156679,0.0,1,0,3337,443,tcp,dhcp,S0,Malicious,Mirai
0.04352335604413907,133.55956591708843,0.0,1,0,14348,2323,udp,http,S0,Malicious,Mirai
1.3046636741955249,409.59072543977237,12535.853154199345,7,6,39860,443,icmp,-,REJ,Benign,None
0.0032212232057883244,1144.7040566859432,43.41336652789187,93,4,12176,443,icmp,ssh,RSTO,Malicious,DDoS
15.92526104390527,60.60603958922202,483.79868758126526,4,3,60260,22,icmp,ssl,S0,Malicious,C&C
15.293586486601978,930.1184738983952,14410.766841638959,7,4,7538,2323,udp,-,SH,Benign,None
0.30856318145869843,144.27546500609836,0.0,1,0,9640,80,udp,ssh,S0,Malicious,Mirai
0.14143817718382198,154.62647363032892,0.0,4,0,41726,8080,udp,dhcp,S0,Malicious,Mirai
2.688890345324965,193.30152392404193,414.5048590661663,2,2,56522,443,tcp,dns,REJ,Malicious,PartOfAHorizontalPortScan
11.35452526295124,210.14100854780273,163.27072043666516,4,6,8280,8080,tcp,dns,SF,Malicious,PartOfAHorizontalPortScan
4.316963474600461,164.69179997631392,128.9826818339816,3,2,26199,443,udp,dhcp,SF,Malicious,PartOfAHorizontalPortScan
1.3399919931544595,39.60237381539659,138.57275272743706,2,3,64621,53,udp,ssl,SH,Malicious,C&C
16.794032558358627,276.6558909441203,46.7473237744781,3,4,47132,2323,udp,ssl,RSTR,Malicious,C&C
0.02983710321377881,137.54112522703173,0.0,1,0,53452,2323,icmp,ssh,S0,Malicious,Mirai
1.5291809603828599,86.86231539130787,113.58198724059935,4,4,61175,8080,icmp,ssl,SH,Malicious,C&C
15.492239270979102,1632.033992538988,4031.2546430002476,2,4,65491,2323,tcp,dhcp,SH,Malicious,C&C
0.0017190803146335221,1223.413314786817,53.40816394333178,77,2,15184,80,udp,-,REJ,Malicious,DDoS
0.0018762486971365371,1273.8336860031627,41.468206960510685,66,2,8990,443,udp,-,SF,Malicious,DDoS
12.182782877884357,284.9514108755113,43.43668243186331,6,2,10963,53,tcp,-,SF,Malicious,PartOfAHorizontalPortScan
0.012446167551035836,105.17049111173218,0.0,4,0,36046,22,icmp,ssl,S0,Malicious,Mirai
0.06664108703446815,159.87110167650917,0.0,4,0,63413,80,udp,ssh,S0,Malicious,Mirai
0.00849690833272864,1122.9214953997298,48.681660214946135,95,1,34898,22,udp,-,RSTO,Malicious,DDoS
0.024640666558245074,1255.6171190893467,73.59730409766873,33,2,2154,53,tcp,ssl,S0,Malicious,DDoS
0.012501327482761984,181.2313517013138,0.0,4,0,23492,22,icmp,-,S0,Malicious,Mirai
1.7696893383942314,2576.9746710078975,32797.723002396124,9,14,27121,8080,udp,-,RSTR,Benign,None
3.465218654413101,4570.2191856296295,10804.738992128356,5,4,61554,443,icmp,http,RSTO,Benign,None
0.002444926972122547,1485.2068160380732,40.155761457863356,25,1,18755,23,icmp,ssl,REJ,Malicious,DDoS
4.949215060902668,56.37380657237742,212.71863803432066,4,4,9151,80,icmp,ssh,RSTR,Malicious,PartOfAHorizontalPortScan
2.327402271645042,223.46409625411837,310.897331958433,3,1,5631,80,icmp,http,RSTR,Malicious,C&C
5.418767991763911,414.16668074275617,664.4747584094606,48,11,47000,80,icmp,ssh,SF,Benign,None
0.1337314688814312,3971.3919188322197,4126.975701060753,9,31,46897,53,tcp,dns,REJ,Benign,None
3.715316863630102,3085.390777394513,4696.169984391773,33,18,39183,2323,tcp,dns,SF,Benign,None
0.08527676762844082,149.9106723812638,0.0,1,0,62305,53,icmp,ssh,S0,Malicious,Mirai
3.263351199987513,20.185723381374412,128.26081459142728,6,1,48832,22,tcp,dns,RSTO,Malicious,PartOfAHorizontalPortScan
2.5614750519116227,4441.632753267155,629.4723293691237,3,21,49901,53,tcp,ssl,RSTO,Benign,None
0.034815999440764404,159.88976682307958,0.0,2,0,32468,2323,udp,dhcp,S0,Malicious,Mirai
0.0008935615181605829,122.20684382765107,0.0,4,0,12903,22,tcp,dhcp,S0,Malicious,Mirai
1.0748079130033663,99.23883511470608,135.78493530297973,3,1,40015,2323,icmp,-,RSTR,Malicious,PartOfAHorizontalPortScan
0.04671084539940388,118.46694493366145,0.0,1,0,46735,8080,tcp,ssl,S0,Malicious,Mirai
6.271420594942024,748.5160446795223,4711.07052900995,33,57,43037,23,udp,ssl,REJ,Benign,None
0.39967015850753523,65.19444914815847,881.8029940538274,4,3,58897,2323,udp,-,SH,Malicious,PartOfAHorizontalPortScan
0.003453703764147146,1283.9110922571654,36.50512295719736,64,4,34725,53,udp,-,SF,Malicious,DDoS
0.4154682756633804,125.54513547902393,0.0,4,0,30938,53,icmp,dns,S0,Malicious,Mirai
0.15559534204007705,592.3448704004428,77.65542609254014,9,2,37208,443,icmp,dhcp,RSTR,Benign,None
1.8423974621643358,1568.5953216504342,2587.217362198862,2,7,54565,23,icmp,http,S0,Benign,None
0.013360318916897557,139.57416075055562,0.0,1,0,65504,53,udp,dhcp,S0,Malicious,Mirai
3.052982480078221,249.5168989315553,102.83817949268433,6,1,56408,53,udp,dns,SH,Malicious,PartOfAHorizontalPortScan
1.3226436714749896,119.76442599981587,137.63020603389708,3,1,62774,8080,udp,dns,S0,Malicious,C&C
0.08111771251857673,116.43933008074998,0.0,3,0,45761,8080,icmp,ssl,S0,Malicious,Mirai
8.12111596759276,304.163183472157,6.906286576061908,2,2,52267,80,icmp,http,RSTO,Malicious,PartOfAHorizontalPortScan
5.65275945783078,768.87387907493,3587.2104798277537,3,22,3428,2323,udp,dhcp,SF,Benign,None
0.11590932315332624,135.15376851415442,0.0,1,0,42056,53,udp,dhcp,S0,Malicious,Mirai
13.392251883161233,120.32961324961279,129.541290491018,3,1,40007,22,tcp,http,RSTO,Malicious,PartOfAHorizontalPortScan
3.9742025325142984,801.1162109902854,9.825120771268866,4,1,26089,53,udp,dhcp,S0,Malicious,C&C
7.910645140196932,133.3786837287893,82.74993312208407,3,2,8699,8080,tcp,dhcp,SF,Malicious,C&C
2.461945024717501,72.83581787006071,241.31210576864805,4,2,45384,443,tcp,http,SF,Malicious,PartOfAHorizontalPortScan
0.04123234359218804,151.6005194707931,0.0,4,0,24852,2323,icmp,dns,S0,Malicious,Mirai
0.01102672001048972,133.3968336882286,0.0,4,0,12424,22,icmp,-,S0,Malicious,Mirai
0.017893174380868546,162.40525206234685,0.0,1,0,11970,80,icmp,-,S0,Malicious,Mirai
0.004480056247462132,1332.6027630664612,47.04566861502321,39,1,27780,22,tcp,ssh,REJ,Malicious,DDoS
2.904019182629573,1442.4942412651774,3456.383043092079,4,29,11784,443,udp,ssl,REJ,Benign,None
0.8661960438893417,1683.258112697819,4870.724129329532,8,8,23881,23,tcp,-,RSTR,Benign,None
6.048024212035526,417.051038109071,5450.053273473807,4,7,2932,80,udp,ssh,S0,Benign,None
0.024599148062254626,2215.525390309213,960.7792499210383,5,9,31511,8080,udp,dns,RSTR,Benign,None
8.835445493530166,77.49099357796639,75.93600455058281,1,2,59388,53,tcp,ssl,RSTO,Malicious,PartOfAHorizontalPortScan
9.226842618463367,3992.4860973507084,784.8228744717776,3,1,43895,23,tcp,http,RSTR,Malicious,PartOfAHorizontalPortScan
0.012610401436368015,1218.051531034799,51.66810304846779,28,2,54774,2323,tcp,http,S0,Malicious,DDoS
0.7745989895341964,124.91742647282348,119.70067332345629,2,1,39410,8080,udp,dns,REJ,Malicious,PartOfAHorizontalPortScan
3.984811094698204,1451.0716626094384,785.2442184055158,27,33,64389,80,udp,http,RSTR,Benign,None
0.27064316478788786,715.6151531923912,1551.3826957726915,4,17,35723,80,icmp,dhcp,REJ,Benign,None
9.843112411233268,28.352100872898138,56.15129384129219,2,2,48465,2323,tcp,http,REJ,Malicious,C&C
4.5922193515382945,90.85917555047993,66.11214724761219,6,2,65328,23,udp,ssl,REJ,Malicious,C&C
22.220276864890035,66.69147531234684,57.20527823892884,2,4,38592,80,udp,ssh,RSTO,Malicious,PartOfAHorizontalPortScan
7.839271501389935,607.7720876763468,503.2355754067148,31,2,14329,22,udp,dhcp,S0,Benign,None
9.545656212855164,27.794994773558486,190.02940375364236,2,1,33733,23,udp,dns,REJ,Malicious,PartOfAHorizontalPortScan
4.8915888180662614,5806.258202586542,418.16531074645127,2,2,4122,22,udp,dns,REJ,Benign,None
0.033488490886297566,163.90744944321702,0.0,2,0,5563,443,udp,-,S0,Malicious,Mirai
1.9230612683018713,2692.3655286452263,12715.208845884896,25,19,48051,8080,tcp,ssl,RSTR,Benign,None
0.23527502078485002,504.88512703316593,83.71611550591282,4,8,20303,2323,icmp,-,RSTR,Malicious,C&C
1.8919440444984439,319.7149064553881,155.7183516118206,3,5,61277,22,tcp,dhcp,REJ,Malicious,PartOfAHorizontalPortScan
0.24391525873172673,44.6286204134881,519.6664940369571,3,6,45346,22,udp,-,RSTO,Malicious,PartOfAHorizontalPortScan
19.15828105865345,330.87308230754223,68.49826028157946,4,4,7015,8080,icmp,http,SF,Malicious,C&C
6.502575688778652,232.75576422559533,40.073042845873175,2,2,4227,23,icmp,http,RSTR,Malicious,PartOfAHorizontalPortScan
2.129397518418296,144.92202299854438,78.28865519149205,2,1,22230,53,udp,ssh,S0,Malicious,PartOfAHorizontalPortScan
0.3885391689524086,98.14423304288935,77.0741610526424,7,2,8199,23,udp,ssh,RSTO,Malicious,C&C
0.01784822583827612,1282.5928341856545,44.209293728746324,60,3,7023,22,udp,dns,SH,Malicious,DDoS
2.866789181424379,1384.103772088864,30839.701051672517,3,12,59512,8080,tcp,-,RSTR,Benign,None
0.006156803592882317,137.9796263608304,0.0,4,0,41349,443,udp,ssh,S0,Malicious,Mirai
0.15695905117150913,1851.291847397845,1240.8556664069358,40,13,1914,53,tcp,ssh,SF,Benign,None
1.906923149425222,91.37461497900021,132.66232042186832,2,3,16028,8080,udp,-,RSTO,Malicious,PartOfAHorizontalPortScan
0.35887911043322074,64.72133079229626,247.1476074182624,3,4,2758,53,tcp,http,RSTO,Malicious,PartOfAHorizontalPortScan
3.994835462336757,371.32856979284685,108.7257991824601,2,2,37131,443,tcp,dhcp,SF,Malicious,C&C
1.5588007218266746,839.6554549060016,3262.8336107307123,10,16,22210,8080,icmp,ssl,REJ,Benign,None
1.0328631822130219,869.3897626572466,19105.682416821255,4,6,63692,23,icmp,-,SF,Benign,None
0.002302634802495574,1050.5044046910784,54.28982510487092,37,4,50169,80,tcp,dns,SF,Malicious,DDoS
0.19794156869794471,206.35033979587618,866.7770563791986,2,11,43799,8080,udp,ssl,RSTO,Benign,None
1.2399874557036903,1099.1308456830302,3881.6837377513943,8,46,35125,53,tcp,ssh,RSTO,Benign,None
0.042234862455958505,169.77721778783,0.0,2,0,27298,80,icmp,http,S0,Malicious,Mirai
5.072724531171034,253.80925568529034,164.0034086318547,10,3,25846,23,tcp,-,REJ,Malicious,C&C
0.0684986309523714,106.59336510385248,0.0,3,0,19715,2323,udp,dns,S0,Malicious,Mirai
4.6553056446610156e-05,1090.6799619167334,53.2331746386914,61,2,21304,23,tcp,dns,S0,Malicious,DDoS
1.364419273563939,123.99700955112807,68.56595742401014,2,3,47302,23,udp,dns,REJ,Malicious,PartOfAHorizontalPortScan
0.19372614014712464,195.05724629222703,0.0,2,0,56056,22,tcp,dns,S0,Malicious,Mirai
1.4238237258828415,154.29087639944132,122.99049501833427,2,5,61231,22,icmp,ssl,RSTO,Malicious,PartOfAHorizontalPortScan
0.09593002498755027,163.7100521659527,0.0,4,0,29264,80,tcp,http,S0,Malicious,Mirai
0.005250242316369522,1238.3681218670938,52.314262898346904,84,1,17130,8080,icmp,dhcp,S0,Malicious,DDoS
0.0018490284296835253,1146.4664847653808,48.81839132951568,15,3,43364,22,icmp,ssl,REJ,Malicious,DDoS
0.13185831493776748,156.75012758972693,0.0,3,0,34887,53,icmp,ssl,S0,Malicious,Mirai
0.09335662306834355,166.98458289798793,0.0,1,0,29952,443,udp,dns,S0,Malicious,Mirai
11.51333395612128,71.5425316661105,495.1889730856906,4,9,19834,23,tcp,ssl,RSTR,Malicious,C&C
4.292555201039717,84.75637390453387,326.7067960885658,3,3,11787,22,tcp,ssl,S0,Malicious,C&C
1.4964181552678355,120.21642343589403,41.09809037119075,5,2,50611,22,udp,ssh,REJ,Malicious,C&C
0.10719532612389546,1081.0300501431711,620.248084561134,18,5,26620,23,tcp,-,RSTR,Benign,None
1.6360654600177706,81.6218116016081,159.87867740110173,2,1,56667,8080,tcp,-,REJ,Malicious,C&C
8.579272804091083,66.47760676244194,188.18309029596708,5,4,14841,8080,udp,ssh,REJ,Malicious,PartOfAHorizontalPortScan
7.4812029912045634,1248.8362690885945,15556.498310713589,5,12,59318,53,udp,dns,RSTO,Benign,None
0.6647881024008317,160.7405150789479,202.17382840523516,2,1,15937,80,icmp,http,RSTR,Malicious,C&C
1.8913903053578087,2983.372399671364,1355.4539754251527,4,23,15274,80,icmp,dns,REJ,Benign,None
0.06060200248640433,145.7230831983094,0.0,1,0,19319,2323,tcp,dns,S0,Malicious,Mirai
1.3935977300337328,117.19566421939241,246.2818659158257,2,7,34544,23,udp,dhcp,RSTR,Malicious,C&C
1.1894690251024433,201.3280570768515,697.2006398991622,2,1,15840,8080,udp,ssh,RSTO,Malicious,C&C
0.12220134654693747,171.26400306916145,0.0,1,0,56009,22,udp,dns,S0,Malicious,Mirai
2.539251752524295,1285.2693465201005,595.6010849597101,6,3,10517,8080,icmp,http,S0,Benign,None
2.633944939838904,432.24784739854687,5142.165161423435,6,24,43477,80,icmp,dns,SF,Benign,None
0.4462508531459648,243.13499536814996,88.24439888223237,4,3,15917,23,icmp,ssl,RSTO,Malicious,PartOfAHorizontalPortScan
0.011033639298389034,1385.3642694579275,52.81678760777208,69,4,28331,23,udp,ssl,RSTR,Malicious,DDoS
8.843762946377701,1324.0357334297994,154.12850094481715,5,4,47188,22,icmp,ssh,RSTR,Malicious,PartOfAHorizontalPortScan
0.012096809430064488,143.83358923259365,0.0,2,0,19045,443,udp,dns,S0,Malicious,Mirai
0.15135479149231273,36.70687720821776,194.24492609517506,8,4,31980,8080,udp,-,RSTO,Malicious,PartOfAHorizontalPortScan
0.6453471032339809,4470.821408519375,34801.9889071442,6,34,54112,443,udp,ssl,RSTO,Benign,None
0.020829067959257968,1195.2571539359687,73.67205448350443,49,3,62283,22,udp,ssh,REJ,Malicious,DDoS
4.572500153943607,1831.0992820518636,3894.9251231055323,6,21,39372,2323,icmp,dhcp,S0,Benign,None
1.3888202254313078,24.876165490027603,223.96171112642406,3,4,36459,53,tcp,dhcp,RSTR,Malicious,C&C
0.020454839122757647,1244.9080589774624,51.296581087978936,50,1,61961,443,icmp,dns,SH,Malicious,DDoS
1.673561566488302,103.26192870171123,123.31118796710531,5,1,8816,443,udp,ssh,SH,Malicious,PartOfAHorizontalPortScan
5.465804066468287,1546.1072125241637,38.161758291873994,3,1,52500,22,tcp,ssh,S0,Malicious,PartOfAHorizontalPortScan
0.01910422767304718,405.0719923816719,66.69275424479986,6,2,33799,8080,tcp,http,RSTR,Malicious,PartOfAHorizontalPortScan
0.22765375096296997,140.30967181815805,0.0,1,0,23363,53,tcp,ssh,S0,Malicious,Mirai
1.4007465893100084,252.2523035428337,17083.6159636059,15,31,14031,53,tcp,ssl,RSTO,Benign,None
0.0004105952209273423,149.25122547666032,0.0,2,0,5722,80,udp,dns,S0,Malicious,Mirai
0.03372982217846649,102.94748859891396,0.0,2,0,41409,80,udp,ssh,S0,Malicious,Mirai
0.015810047676773756,146.80019359251236,0.0,2,0,20012,443,udp,ssh,S0,Malicious,Mirai
13.816654633198063,58.21483889773555,573.8708292836172,5,3,39052,8080,icmp,dhcp,RSTO,Malicious,PartOfAHorizontalPortScan
2.7114887526208546,3443.5914515010686,3899.1561297382823,11,13,34587,22,tcp,ssl,SH,Benign,None
2.6233614704945714,94.11324106010541,129.92080462424317,4,2,12949,80,udp,dns,RSTO,Malicious,C&C
1.6920879384413532,75.45966741374494,296.6524039807968,2,1,36640,23,udp,http,REJ,Malicious,PartOfAHorizontalPortScan
0.12629123075380652,159.2404412509309,0.0,3,0,31001,2323,icmp,dns,S0,Malicious,Mirai
8.072306951287212,38.576638295247,41.417730753892684,3,1,42967,53,tcp,ssl,SF,Malicious,C&C
12.129357810616838,90.27024944346763,43.222159820109994,3,2,33572,23,icmp,http,RSTR,Malicious,PartOfAHorizontalPortScan
0.8531604855842871,100.29572307079978,442.4676047236124,7,3,26940,23,tcp,http,RSTR,Malicious,PartOfAHorizontalPortScan
0.37455698557219314,600.2503369310153,2728.3348212566716,9,14,2518,23,icmp,-,RSTR,Benign,None
1.269486639668644,159.74194161382363,5366.7909889920475,10,19,35731,23,udp,ssh,RSTR,Benign,None
0.7924530143855599,413.43049617596336,3594.77032471053,22,17,7103,22,tcp,dhcp,RSTO,Benign,None
1.45067156215896,195.84854484664808,26582.357457054637,8,17,12367,2323,icmp,dhcp,REJ,Benign,None
2.8152300169048496,133.12329787848932,236.83655583804648,3,1,27349,22,tcp,dns,S0,Malicious,C&C
0.7997016468650977,4033.27224805757,2298.71100876066,13,91,1303,8080,tcp,dhcp,S0,Benign,None
0.2780348485667284,156.4924774850055,0.0,2,0,49581,8080,udp,dns,S0,Malicious,Mirai
0.06796969644923863,899.1981355311246,13420.162620614832,10,15,30600,53,icmp,dhcp,SH,Benign,None
4.18871461940698,47.40284320682121,118.97108622947368,3,5,13433,53,icmp,ssh,SH,Malicious,C&C
0.035172372835926724,1159.277602298451,42.72863296194055,87,3,17478,8080,udp,dhcp,SH,Malicious,DDoS
0.028911473920456645,129.5751300155815,0.0,2,0,28141,23,icmp,dhcp,S0,Malicious,Mirai
0.009817446359169327,1087.8147449546693,65.10590596270063,44,0,51955,23,udp,ssl,REJ,Malicious,DDoS
3.612730003967681,221.91308743274132,285.565182417668,4,5,55028,80,icmp,-,REJ,Malicious,PartOfAHorizontalPortScan
0.26884866217243686,533.2236724397537,1355.9722732839205,3,54,1031,80,tcp,http,REJ,Benign,None
0.00506575029580816,1206.2713808982917,44.297277371054584,52,4,3485,23,tcp,ssl,SF,Malicious,DDoS
0.8007026981181582,432.4591770063777,29888.1082689874,14,5,51512,23,tcp,dns,RSTR,Benign,None
6.2190664273847815,300.5285663711496,475.78866647819495,3,3,52962,8080,tcp,-,RSTR,Malicious,PartOfAHorizontalPortScan
0.053676428773596456,184.88714471429535,0.0,2,0,61679,23,udp,dns,S0,Malicious,Mirai
0.011025565820938402,1373.2206635605728,61.002640395448594,45,0,3298,23,icmp,ssl,REJ,Malicious,DDoS
11.754296710199327,1079.043834201466,830.5962584969049,2,1,43283,2323,udp,-,SF,Malicious,PartOfAHorizontalPortScan
0.26913950045216306,146.92420013947734,0.0,4,0,59578,8080,udp,dhcp,S0,Malicious,Mirai
0.0006961097512812038,137.4027176564027,0.0,2,0,63618,23,udp,http,S0,Malicious,Mirai
0.0034151040584804314,1409.6751303974147,61.0709640059091,34,2,53874,8080,icmp,ssl,REJ,Malicious,DDoS
9.269124348577746,356.1806512207126,405.68705329864133,5,2,12754,23,tcp,dhcp,S0,Malicious,C&C
2.884689658277207,1390.9666533650172,2522.759584103722,11,23,21437,443,tcp,http,RSTR,Benign,None
5.532266380065157,1070.5949674486735,4926.098126343462,2,8,34397,53,udp,dns,RSTO,Benign,None
11.027560209654744,312.63398351929874,405.6269920795718,2,2,40465,23,icmp,dns,RSTR,Malicious,C&C
0.26318266768700477,160.19867999208128,0.0,1,0,10154,22,udp,http,S0,Malicious,Mirai
1.8481080166326833,80.13864772360502,61.57631498021742,2,1,22849,53,icmp,ssl,REJ,Malicious,C&C
0.21497988071222598,148.2270742432173,0.0,3,0,45358,8080,udp,-,S0,Malicious,Mirai
1.706402475089995,234.64638238145844,391.93313572000557,3,0,13081,8080,icmp,http,RSTR,Malicious,PartOfAHorizontalPortScan
0.14999159001179352,4657.712409051769,8493.000786964983,5,7,4101,8080,udp,dns,SH,Benign,None
0.004729141398993488,1366.3259603065335,58.2939306451352,30,0,52478,80,icmp,ssh,REJ,Malicious,DDoS
3.143779791841532,47.578292244521386,685.610736223979,3,1,30617,80,udp,dns,RSTO,Malicious,C&C
0.029961824678793922,142.58510376825646,0.0,4,0,40541,80,udp,dns,S0,Malicious,Mirai
0.03274222561896808,1330.1533461082274,48.602686039888894,19,0,14242,22,tcp,ssh,RSTO,Malicious,DDoS
0.006370990628980003,1272.8489088114466,65.76522663695894,30,4,30736,53,tcp,-,REJ,Malicious,DDoS
0.9535780212221848,4218.842472598704,421.80229585030156,8,19,49107,8080,tcp,http,RSTR,Benign,None
1.0131854016667803,211.08962799143416,233.17535233823773,6,1,62681,23,tcp,http,REJ,Malicious,PartOfAHorizontalPortScan
0.011019812126937737,1275.377471135643,54.46504341992381,30,1,65223,443,udp,ssh,SH,Malicious,DDoS
0.6194389367592406,4715.502861065191,3821.4040798656306,7,37,46033,22,udp,ssh,RSTO,Benign,None
5.7080618521684565,304.70851472275666,964.113909964668,3,2,31452,8080,tcp,ssl,RSTR,Malicious,PartOfAHorizontalPortScan
0.25758245383153044,124.61519367373408,0.0,4,0,59778,8080,udp,http,S0,Malicious,Mirai
0.0551703530687986,680.7789776482269,6569.958686176127,18,19,3624,53,udp,dhcp,RSTO,Benign,None
1.6059854501651616,466.6488390813295,96.31008218197816,6,4,11671,8080,tcp,dns,SF,Malicious,C&C
0.03534579308785077,1510.3201276114096,54.775256411263925,86,2,28223,443,tcp,ssl,REJ,Malicious,DDoS
14.104342380642239,568.7965490135364,24.741044310204472,13,2,35742,53,icmp,dhcp,SH,Malicious,PartOfAHorizontalPortScan
3.8201054292719054,111.76975867056399,1035.3371637903156,4,1,64001,22,tcp,ssl,REJ,Malicious,C&C
3.375220747776847,616.9605478622076,3594.935241465527,1,33,14687,2323,tcp,dns,REJ,Benign,None
3.528412396143575,75.2340750952401,160.65134888028916,1,1,63029,22,icmp,ssh,RSTR,Malicious,PartOfAHorizontalPortScan
0.6984863341338239,901.0610966958031,1598.3888431002251,40,16,36696,22,udp,-,RSTR,Benign,None
0.000296311540403455,1101.57839238242,61.005318874451916,26,1,19026,443,tcp,dns,S0,Malicious,DDoS
6.6973564926968,49.93657934403263,66.59986073143064,6,1,8778,22,tcp,ssh,SF,Malicious,PartOfAHorizontalPortScan
1.4456720858012828,687.9592439818153,108.87954576735132,3,4,21859,80,icmp,ssl,REJ,Malicious,C&C
1.6391617754749719,2807.134601969531,98516.1274390746,9,10,62474,443,icmp,dhcp,SH,Benign,None
3.514520614278105,12.715216647140073,84.93337630412846,2,2,62346,443,tcp,ssl,SH,Malicious,PartOfAHorizontalPortScan
4.284086175247997,368.3731375156071,625.9760906228873,4,1,27085,8080,icmp,dhcp,S0,Malicious,C&C
6.621025823809443,217.931932823376,120.78088049099466,3,2,24871,443,udp,dhcp,S0,Malicious,PartOfAHorizontalPortScan
3.2825711282914964,1636.8751752874764,1696.1373052900383,2,10,29907,80,icmp,ssl,RSTR,Benign,None
1.1522152773769772,1586.071952925143,901.1673320856478,27,23,25499,443,tcp,http,SH,Benign,None
7.215355839210322,2289.0735969642133,12824.817478319172,20,11,20214,53,icmp,dhcp,RSTO,Benign,None
1.5263123173903328,334.65471575434555,1907.3555357472885,5,6,10246,80,icmp,http,RSTR,Benign,None
3.4379043814750694,554.1728573025596,51.779982989977036,4,0,25463,23,tcp,-,REJ,Malicious,PartOfAHorizontalPortScan
4.534419525621159,532.7772950679965,357.3378348375006,3,3,48720,53,icmp,dns,S0,Malicious,C&C
0.05050513292310859,129.82167723768765,0.0,3,0,31675,2323,udp,ssh,S0,Malicious,Mirai
0.13318854224556176,166.81263211798787,0.0,3,0,22608,443,udp,-,S0,Malicious,Mirai
1.2149394175478958,1185.8627238594615,682.317720646262,12,5,12454,2323,udp,dns,SH,Benign,None
12.160575661566435,578.2247698010577,2691.5913832204646,9,4,32692,53,tcp,dhcp,SH,Benign,None
4.61198775496202,254.90300317032214,1530.7593450469876,2,2,36584,22,icmp,dns,RSTO,Malicious,PartOfAHorizontalPortScan
4.414645911446645,79.363623818272,91.15208656140426,5,1,36824,23,udp,dhcp,RSTO,Malicious,PartOfAHorizontalPortScan
10.386304459028285,71.10558283559234,157.9811793249633,3,2,7596,23,udp,ssh,RSTO,Malicious,C&C
1.9109027325530414,4946.068012212028,288.28327373831684,31,54,43405,23,udp,ssh,RSTO,Benign,None
0.8810231274518082,1580.2971209402767,37592.35174176079,3,20,20884,80,udp,dns,REJ,Benign,None
9.449557690364653,1072.7720913589494,97.18363342519689,5,5,26299,53,udp,dhcp,S0,Malicious,PartOfAHorizontalPortScan
0.13971607658493268,142.90183304676546,715.0969216516481,2,3,51027,80,udp,http,SF,Malicious,PartOfAHorizontalPortScan
0.029846466514587246,157.51010721439607,0.0,4,0,49878,23,icmp,ssl,S0,Malicious,Mirai
0.8090807019762081,3412.969839236992,8220.961451486999,4,12,56222,22,udp,ssh,SF,Benign,None
1.6663957367741755,162.5260559469446,79.35778220757659,2,1,40301,53,tcp,ssh,S0,Malicious,C&C
0.28628087774487787,155.4511485354428,0.0,4,0,35270,22,udp,-,S0,Malicious,Mirai
0.02626256182046395,136.94886888957086,0.0,1,0,9766,23,udp,ssh,S0,Malicious,Mirai
0.521344230090027,839.2526014013404,11792.454657610093,8,11,19552,443,tcp,ssl,SH,Benign,None
1.5050924544878772,291.72955772056736,3986.2764395999343,9,1,62443,23,udp,http,RSTR,Benign,None
2.094295248138381,1466.8740837395544,2429.378900616099,37,27,65475,80,tcp,ssl,RSTO,Benign,None
1.7439664321016066,9354.572887233211,3915.881573394735,6,7,2635,22,udp,-,SF,Benign,None
2.8396628105152235,1223.8155030720336,10144.546719888353,40,19,3336,53,udp,http,S0,Benign,None
1.2928080132929862,776.100840520455,693.1825070051351,9,31,20440,443,tcp,http,SH,Benign,None
0.20544835878304452,145.06571200991792,0.0,3,0,45151,2323,udp,ssl,S0,Malicious,Mirai
2.6946628995973345,544.9959918152285,3729.636821412876,6,9,28311,80,icmp,ssh,RSTO,Benign,None
5.894437566119663,3451.079341533291,74.30388118501367,2,4,37362,80,icmp,http,SH,Benign,None
0.1394477924353183,3009.63470516773,9321.763743280224,2,6,27744,2323,udp,-,REJ,Benign,None
2.0886959603578674,1025.6214416232565,2251.793719407503,3,30,14715,23,tcp,ssh,RSTR,Benign,None
1.0097363791910128,800.2794740444339,6203.997521106172,8,23,17525,23,udp,ssh,SF,Benign,None
0.4299015070333205,5132.055138114931,1424.494211350978,2,26,44171,443,icmp,ssl,SF,Benign,None
1.952186777643078,241.02308223043093,107.69930606206299,2,10,4806,22,icmp,-,REJ,Malicious,PartOfAHorizontalPortScan
1.2630437608809386,1918.8413835444378,1996.6707742220785,36,25,48815,8080,tcp,http,SH,Benign,None
0.11572496974720588,136.9260515558479,0.0,1,0,55431,22,tcp,http,S0,Malicious,Mirai
15.237616665727767,326.168544445694,138.20042735698195,2,1,14423,22,tcp,-,RSTO,Malicious,PartOfAHorizontalPortScan
5.002217818924047,129.6473211205719,30.244685683999048,3,4,33590,22,tcp,dns,SH,Malicious,PartOfAHorizontalPortScan
0.14266493068641506,164.01672893505386,0.0,2,0,9505,23,tcp,ssh,S0,Malicious,Mirai
1.2752291915372114,311.3626645125438,51.291605205399286,2,1,25276,23,udp,ssh,SF,Malicious,PartOfAHorizontalPortScan
0.0057931820759893485,1071.2939711303334,50.02219471810057,83,3,59313,53,tcp,ssh,RSTR,Malicious,DDoS
0.012757204013175236,1139.622020402685,43.20187646923455,16,2,53324,2323,udp,ssl,REJ,Malicious,DDoS
0.038272535725996364,402.3288011343119,987.7587605499689,33,8,43666,22,tcp,ssh,SF,Benign,None
0.004239180923896189,187.69209437329116,0.0,1,0,1507,443,icmp,dns,S0,Malicious,Mirai
3.3909759624548483,32.61168887663942,204.68752866044585,3,2,49851,80,icmp,http,RSTO,Malicious,C&C
0.0014726821939271787,165.76269287388328,0.0,1,0,55196,443,udp,ssh,S0,Malicious,Mirai
0.07256027925306238,134.63945721621033,0.0,1,0,27976,8080,icmp,ssh,S0,Malicious,Mirai
0.005205724488094099,1314.7401947908554,50.08468043721051,16,2,14671,80,udp,ssh,SH,Malicious,DDoS
0.22247649395853322,179.71690737353825,0.0,2,0,7885,8080,tcp,dns,S0,Malicious,Mirai
10.554117236495031,3946.9426496291894,11193.288606217026,3,36,54081,443,tcp,ssl,SF,Benign,None
2.209747384390991,92.14997079425405,319.4596466173366,4,3,55687,22,tcp,http,RSTO,Malicious,PartOfAHorizontalPortScan
3.056442659334173,108.88830861338559,215.43275824180014,8,1,35792,2323,icmp,dhcp,RSTO,Malicious,C&C
1.9889525735505342,1297.3401889011925,1177.285190364307,1,3,65485,8080,icmp,http,RSTR,Benign,None
1.099151640630418,234.88334001681886,10869.210604802633,8,3,9627,80,tcp,ssh,SF,Benign,None
0.005360110942423675,110.31181964799985,0.0,1,0,39821,443,udp,http,S0,Malicious,Mirai
6.827773299346631,5077.830932759126,2104.8757947854915,7,13,50562,8080,icmp,dhcp,SF,Benign,None
0.9508724175676997,1219.288832848649,16992.914339209896,2,61,36058,8080,tcp,ssl,SF,Benign,None
0.8523489538455882,3974.4946121159173,13643.863969010274,7,10,56060,53,udp,dhcp,SH,Benign,None
1.4598991748884473,2463.7697197314023,21818.68945275026,11,3,16553,443,icmp,-,RSTO,Benign,None
1.1094423944417466,9593.088286625773,4984.682362035928,18,5,3293,8080,tcp,dhcp,REJ,Benign,None
0.048447026890189905,461.18327342182766,139.17948680343858,2,2,8489,2323,udp,http,S0,Malicious,PartOfAHorizontalPortScan
15.85707188740679,144.14161281971636,130.0992607203503,5,4,60169,53,udp,ssl,SF,Malicious,C&C
0.011488029284940747,1025.1701639218365,54.961805136622246,72,2,26402,23,tcp,dhcp,S0,Malicious,DDoS
0.006558052170951881,178.5846439346698,0.0,4,0,23831,8080,udp,ssl,S0,Malicious,Mirai
9.327905170928783,257.74043600738685,25.60990176619892,2,3,63610,53,tcp,http,SF,Malicious,PartOfAHorizontalPortScan
1.2125680590346934,2757.7744101930384,1371.613569730555,10,13,50845,23,udp,ssl,REJ,Benign,None
0.9904813565188211,521.684284442311,235.99473911144804,2,2,52288,2323,udp,ssl,SF,Malicious,PartOfAHorizontalPortScan
0.018911564357334983,1215.9806823483973,52.966779715859836,52,1,18894,443,udp,ssl,RSTR,Malicious,DDoS
5.364134623117636,311.6164084884405,115.76441884854096,3,7,19777,23,udp,dhcp,SF,Malicious,C&C
0.20143672018742567,1684.8335597633811,707.0911185371182,4,8,65195,443,icmp,-,SF,Benign,None
2.1937145185858977,76.98572671471241,156.14408382367722,5,4,17611,22,icmp,-,SF,Malicious,PartOfAHorizontalPortScan
0.012931978235813293,1137.6155727113612,56.69537206765112,31,3,27438,23,tcp,dhcp,SF,Malicious,DDoS
0.048082084134439027,150.708546851632,0.0,4,0,50538,53,udp,dns,S0,Malicious,Mirai
0.20291051082912356,172.15778123110601,0.0,1,0,47753,443,icmp,-,S0,Malicious,Mirai
1.6989930133798101,263.55660287042105,130.2387539108669,2,1,19278,2323,tcp,dns,RSTO,Malicious,C&C
4.647975281374766,347.1454211474342,318.6393241495087,3,3,34167,2323,udp,ssl,RSTO,Malicious,C&C
1.5303679912819304,647.2738258730017,42.13137458431375,4,3,29522,2323,udp,dhcp,SF,Malicious,C&C
0.01098308706832155,1204.05097476648,34.87556102251819,33,0,65013,22,icmp,dhcp,SF,Malicious,DDoS
0.15028875240574788,179.44936349995797,0.0,4,0,43112,8080,icmp,-,S0,Malicious,Mirai
0.3822759098011468,142.72040044346602,0.0,3,0,29696,53,udp,dhcp,S0,Malicious,Mirai
5.108472128341903,337.77195541897095,291.6687389036072,2,5,62049,53,udp,dns,RSTR,Malicious,PartOfAHorizontalPortScan
0.0021781431804998017,1218.5144720129438,37.94836330180558,98,1,45556,53,icmp,ssl,RSTR,Malicious,DDoS
0.048542794675983686,150.27061316900085,0.0,3,0,26008,23,icmp,dns,S0,Malicious,Mirai
5.13046908660503,413.81165331808256,173.037148914893,7,2,57970,2323,tcp,-,RSTR,Malicious,PartOfAHorizontalPortScan
0.0040339539269202045,1293.2282949123148,63.32981810177545,87,4,36170,22,tcp,ssl,RSTR,Malicious,DDoS
6.870436083930599,201.69685142745374,588.2296503731279,3,2,38940,443,tcp,dns,REJ,Malicious,C&C
15.671348718952489,196.556760844685,199.83094754666567,7,8,9634,53,tcp,dns,SH,Malicious,C&C
3.2807188580168307,106.98171226465912,1078.0462888289394,3,2,13144,2323,icmp,dns,SH,Malicious,PartOfAHorizontalPortScan
0.00513276510008862,1260.6662723626864,51.55502266829041,23,4,20067,23,icmp,http,SH,Malicious,DDoS
3.7969092678348995,735.9065901195518,48.70492038223405,2,3,34451,443,tcp,ssh,RSTO,Malicious,PartOfAHorizontalPortScan
3.2818304168647954,1120.426470002568,41653.257941037846,4,160,57598,8080,tcp,ssh,SF,Benign,None
1.4850331189320145,554.2339166370245,1311.0375766772902,4,8,39244,22,icmp,dhcp,S0,Benign,None
6.088335219795881,92.90708848835327,623.332549328271,6,2,59771,443,udp,-,RSTO,Malicious,PartOfAHorizontalPortScan
5.671194392440919,114.2967373742432,54.68969454874081,3,3,50117,53,udp,-,S0,Malicious,C&C
0.012845228578261154,1189.4094933911858,35.8216006736768,40,4,64442,8080,icmp,dhcp,RSTR,Malicious,DDoS
1.445208204093421,90.8206898041451,31.982927580492678,4,1,7997,22,udp,dhcp,S0,Malicious,C&C
0.005958813353578264,1014.2051321084253,55.50143471726776,40,2,23421,53,tcp,ssl,SH,Malicious,DDoS
0.11987365181281653,145.75026051219206,0.0,2,0,49791,23,tcp,dns,S0,Malicious,Mirai
3.2700002788143294,4717.979012659743,214.5108580892748,5,9,3032,8080,icmp,ssl,SF,Benign,None
1.5294862652892691,171.16184013677042,389.99413815317985,7,1,51186,8080,tcp,ssh,RSTR,Malicious,PartOfAHorizontalPortScan
0.06090570804178211,152.5310737217042,0.0,4,0,25246,22,udp,-,S0,Malicious,Mirai
0.13857798464602197,183.34326068282232,0.0,3,0,10361,53,udp,dns,S0,Malicious,Mirai
2.051202685517201,1264.6153676134652,1730.9887531616548,18,4,23366,8080,tcp,-,REJ,Benign,None
2.3876269956105944,926.9276226249328,514.0445634314395,4,0,1624,2323,udp,dhcp,S0,Malicious,PartOfAHorizontalPortScan
0.004462247358037926,1180.5582357693615,59.74422739165711,87,0,60140,8080,udp,ssh,SH,Malicious,DDoS
3.1073699263487575,141.3397236144997,1730.979906863567,10,14,26716,80,udp,ssl,SH,Benign,None
1.7515104665390449,1170.2307037080202,324.3158729172262,4,7,46448,8080,icmp,dns,RSTO,Benign,None
8.381191829681589,379.65075794961774,1587.520782896643,12,24,34971,23,udp,ssl,REJ,Benign,None
1.0832072966417696,5277.632512480024,855.1504445131678,11,6,58176,80,udp,ssl,REJ,Benign,None
6.786695817461023,311.8160576864257,252.73643883354796,3,2,47622,23,udp,dhcp,SH,Malicious,C&C
0.11771559277945212,159.547076063401,0.0,1,0,46333,2323,udp,-,S0,Malicious,Mirai
3.753279376468146,298.7802913144691,3041.8465554300838,33,13,30768,23,tcp,dhcp,RSTO,Benign,None
0.03494005067417753,120.83698314108207,0.0,3,0,11894,22,udp,ssl,S0,Malicious,Mirai
0.32150386194110075,690.089365486113,607.7875098241085,8,4,32893,23,tcp,ssh,SH,Benign,None
0.0643997326323839,164.91431171847486,0.0,1,0,32773,2323,tcp,-,S0,Malicious,Mirai
1.8063018748295123,320.03725705691113,1777.8947537958122,4,10,65116,80,tcp,ssh,REJ,Benign,None
0.045043258409736615,138.6700007659239,0.0,4,0,9450,53,tcp,ssl,S0,Malicious,Mirai
0.0006599415031936115,1210.875051384922,45.64460805865986,96,3,10815,53,udp,ssh,REJ,Malicious,DDoS
5.441286220081621,55.38368478972745,194.37284811398587,4,3,37357,443,tcp,-,RSTR,Malicious,PartOfAHorizontalPortScan
0.017985273228853686,135.60478702327038,0.0,3,0,7653,2323,tcp,http,S0,Malicious,Mirai
0.002801489690273047,1317.1945124652812,56.3750824584593,74,3,40282,23,icmp,dns,SH,Malicious,DDoS
3.9494988616200146,43.55313078951152,93.84113172427342,2,3,36406,8080,udp,http,SF,Malicious,PartOfAHorizontalPortScan
0.3909743466096997,1609.836368830396,1773.744080754339,3,17,7965,80,icmp,-,RSTR,Benign,None
6.448218688968996,233.2551315887762,1309.4533124994696,3,2,10868,23,tcp,dhcp,RSTR,Malicious,PartOfAHorizontalPortScan
5.003831945647525,87.685006807309,203.99501916049863,4,1,22363,23,icmp,-,SF,Malicious,PartOfAHorizontalPortScan
0.014796102434370252,161.4449634314539,0.0,1,0,22892,2323,tcp,dns,S0,Malicious,Mirai
0.046011111619455036,116.88392842447263,0.0,2,0,5264,443,udp,http,S0,Malicious,Mirai
0.040634689206607094,148.74310838730852,0.0,3,0,25041,80,udp,dhcp,S0,Malicious,Mirai
0.17674591371982187,150.4777026894883,0.0,3,0,53694,8080,icmp,dhcp,S0,Malicious,Mirai
1.9379453192306537,1529.8284338558267,13790.119055548972,20,73,35080,23,tcp,ssh,RSTR,Benign,None
0.2516267495326187,161.21037729900144,0.0,2,0,5917,80,tcp,dhcp,S0,Malicious,Mirai
0.00026079386512782555,1246.117563205704,29.59017563399563,44,2,5403,23,udp,-,SF,Malicious,DDoS
6.598515605418516,918.6391891420574,86.06326499745616,14,11,16358,8080,tcp,ssh,RSTR,Benign,None
6.139013071864251,6423.561609563877,7573.885147715698,17,14,50847,22,tcp,http,SH,Benign,None
0.6350457683591968,991.7865180593542,1000.2163861601117,3,26,5729,22,tcp,dns,REJ,Benign,None
2.264399851893752,286.0280625548641,29.002497726131597,3,3,36774,22,icmp,ssh,SH,Malicious,PartOfAHorizontalPortScan
1.6931034460809404,91.69334959074556,84.35857231959548,5,3,32501,443,udp,dhcp,SH,Malicious,C&C
0.5294080722839121,355.4115379960773,933.6455520994815,25,50,52748,8080,udp,http,SH,Benign,None
0.9999915456430382,67.54258152568407,165.51830406856746,3,1,14324,2323,icmp,http,RSTR,Malicious,C&C
2.0224287280487934,704.2540474330282,143.65864621187072,4,2,34027,443,icmp,-,REJ,Malicious,PartOfAHorizontalPortScan
0.006173536254420871,1221.7283583531205,61.92189245180428,59,4,45013,80,udp,dhcp,RSTO,Malicious,DDoS
0.0012233903317599804,1121.2164934322377,42.89656688494361,87,1,9980,2323,icmp,ssh,SF,Malicious,DDoS
0.031609588090933984,1393.3234502723499,56.99763190461241,73,1,12464,2323,icmp,http,SF,Malicious,DDoS
0.008270118218775824,1330.9655884157164,48.86281713913805,50,0,27908,22,tcp,ssl,S0,Malicious,DDoS
0.0028796797341270725,1166.0748037440717,57.71528843548048,78,0,56788,2323,udp,ssh,REJ,Malicious,DDoS
2.4394114134287337,1694.1885712646265,1542.192176017359,13,20,57876,22,icmp,-,RSTO,Benign,None
0.038209003926122594,1139.152569679455,48.141146908346464,46,3,32034,53,udp,ssl,SH,Malicious,DDoS
9.365026266460076,34.925163561634655,402.8640379113279,5,4,65261,80,tcp,dns,REJ,Malicious,C&C
2.565232962104513,1569.4910087263409,3180.9107746755712,6,6,45453,8080,tcp,ssl,RSTO,Benign,None
3.600944290405832,317.2700126572762,38.513511666958664,2,3,57068,80,icmp,ssh,REJ,Malicious,PartOfAHorizontalPortScan
4.023143473433742,3231.887968912302,140.26100075857616,9,20,51658,443,udp,ssl,SF,Benign,None
1.861198879900649,3144.019224960621,1861.797009249186,14,20,28173,2323,tcp,http,REJ,Benign,None
2.2138473341922853,816.99651437349,986.3982304747709,1,27,8957,443,udp,http,RSTR,Benign,None
0.791245398564985,520.2278447211874,4655.765913634476,1,19,38460,8080,tcp,http,REJ,Benign,None
1.255306841032806,252.97726353630597,73.30831325504158,5,3,8440,443,icmp,dhcp,S0,Malicious,C&C
1.2411962786067545,8609.454392350512,4306.960867050438,19,9,3318,443,tcp,ssh,S0,Benign,None
3.3382423744463448,2493.6152863364846,2633.9054792618736,4,40,11947,2323,udp,-,SH,Benign,None
0.028941896052508232,1340.1982820679127,41.7606620310363,24,2,38244,2323,tcp,http,RSTO,Malicious,DDoS
1.1933095289268412,166.83635678945714,7899.978147324572,15,29,27411,443,tcp,ssh,S0,Benign,None
0.008565588851815893,1054.32820081349,44.162963739910474,70,0,27736,443,icmp,ssl,SF,Malicious,DDoS
3.1481456414235014,203.75677945742663,165.04166477745997,2,1,22875,23,tcp,http,SF,Malicious,PartOfAHorizontalPortScan
0.05652366430376399,172.374734620636,0.0,2,0,34483,23,tcp,ssh,S0,Malicious,Mirai
4.095291408364119,38.4719952838284,214.61459192945844,3,2,12394,2323,udp,dns,RSTO,Malicious,C&C
0.01667293206649531,1048.385994559306,49.66589099275033,86,2,58551,443,icmp,dhcp,RSTR,Malicious,DDoS
0.0014284032940406707,1203.785780716111,67.35286119480504,52,1,27709,22,udp,http,RSTR,Malicious,DDoS
5.696377314157276,20.93212488265123,162.86304278312753,2,5,20832,8080,tcp,dhcp,RSTO,Malicious,PartOfAHorizontalPortScan
0.13520010626249393,142.84408383120595,0.0,1,0,61442,80,icmp,dhcp,S0,Malicious,Mirai
3.340379089509594,26.31702539125425,74.16591026165148,2,1,16256,80,udp,dhcp,SF,Malicious,PartOfAHorizontalPortScan
12.29646085616919,250.77555006522522,1106.9751303120606,5,5,15599,23,icmp,ssh,RSTR,Malicious,C&C
2.022402551011796,103.06869937453266,110.60764539825045,4,3,6030,22,tcp,http,RSTR,Malicious,PartOfAHorizontalPortScan
0.017712276833394058,1220.254586172714,43.0537432424107,13,0,12009,22,icmp,ssh,SH,Malicious,DDoS
0.19530099310359333,176.51304834126313,0.0,4,0,45383,23,udp,dhcp,S0,Malicious,Mirai
5.341697894685752,23.20372721019818,120.28559846072898,6,2,10906,80,icmp,dns,RSTR,Malicious,C&C
2.019543335138266,1761.540877430058,10445.848846014404,11,3,56007,53,udp,dhcp,RSTO,Benign,None
0.00589329834399043,1361.3851233478388,57.16674055807872,59,1,24514,80,tcp,ssl,RSTO,Malicious,DDoS
4.487508182100937,591.3477178957515,3427.842572231172,13,46,33594,8080,tcp,-,RSTR,Benign,None
0.5756614439898428,79.0873063641123,167.74748384863187,3,2,40493,8080,icmp,dhcp,RSTR,Malicious,PartOfAHorizontalPortScan
14.095926332520976,593.6508931123823,314.3870547470328,2,2,51865,22,udp,http,RSTO,Malicious,C&C
0.006787162002428304,143.28655976178004,0.0,3,0,3642,23,udp,ssl,S0,Malicious,Mirai
0.0001018230105039053,1119.9588172609642,44.246985203502014,62,3,17375,22,tcp,ssh,REJ,Malicious,DDoS
0.0016833230521585117,1225.8469870808417,58.05025566744435,57,1,11464,443,tcp,ssh,SH,Malicious,DDoS
9.382895984638989,125.44086948232994,557.7633884075983,3,3,42829,22,tcp,ssl,REJ,Malicious,C&C
0.3853257356733441,994.2404227323251,49366.229778566056,17,11,27039,22,udp,ssl,SH,Benign,None
8.779091924865515,232.00946860386844,192.0124918158761,3,2,27306,22,tcp,dhcp,REJ,Malicious,C&C
1.8131775826322554,1556.7313210385764,74365.4953833658,7,41,43240,53,udp,dns,RSTR,Benign,None
4.687845220713534,2144.88508026179,4128.048031796056,10,16,63779,22,udp,ssh,SF,Benign,None
0.20393994453432673,139.94848552723025,0.0,1,0,39637,22,udp,http,S0,Malicious,Mirai
2.995044480693548,2392.3375545541658,383.97425428159863,3,1,48647,2323,udp,-,REJ,Malicious,PartOfAHorizontalPortScan
0.6934050227133264,121.84074763676631,71.1647856737482,12,2,60481,2323,udp,ssl,S0,Malicious,C&C
10.440430085277228,381.2175247893376,89.52801652571704,5,1,42010,23,udp,ssh,SF,Malicious,PartOfAHorizontalPortScan
0.03222011965102961,1312.4200661664643,59.89866100456799,88,4,39198,53,icmp,ssl,SH,Malicious,DDoS
0.04694871437587088,145.61318331233457,0.0,1,0,19148,443,icmp,-,S0,Malicious,Mirai
0.006757134112213313,1258.6651259161126,47.33158496017429,31,3,8629,80,udp,dhcp,SF,Malicious,DDoS
1.186781628590829,600.5992412103707,35673.58791710728,14,22,35277,23,udp,dns,RSTR,Benign,None
0.5705526589179362,2337.222263571755,13725.094478621939,9,5,39709,80,icmp,-,SF,Benign,None
2.0152111588323542,369.58973329679094,144.39168787360012,4,4,59374,22,icmp,http,RSTO,Malicious,C&C
1.6118846579352737,1264.2764060788727,3405.615520730485,3,10,63597,53,tcp,dhcp,RSTR,Benign,None
3.9202025579032598,772.4206204730741,7285.009373449752,2,2,1712,8080,icmp,http,REJ,Benign,None
0.003108000410404982,1321.047124965581,59.054609966304824,64,1,47659,53,udp,ssl,RSTR,Malicious,DDoS
13.691649638695488,30.555609943834302,58.7392493815433,4,2,23577,443,icmp,-,SF,Malicious,PartOfAHorizontalPortScan
0.257268114120856,154.54823223534092,0.0,1,0,12861,53,tcp,http,S0,Malicious,Mirai
2.4378984333361533,435.3903223794187,1014.4725350088361,5,10,51871,443,icmp,dns,RSTO,Benign,None
1.5228337056334267,758.5200398594915,1628.249767675967,2,8,5235,53,udp,http,S0,Benign,None
0.0008494063174095131,112.6404787343091,0.0,4,0,63840,23,tcp,dhcp,S0,Malicious,Mirai
3.3554165164583,441.7225581474378,139.82711753825168,39,4,49646,22,udp,dhcp,S0,Benign,None
0.0014899233392688621,1285.6544779904627,56.57508624765835,60,1,64315,443,udp,-,REJ,Malicious,DDoS
3.4183372798740392,125.56287159015957,189.26539712611898,3,1,21552,80,icmp,ssl,SH,Malicious,C&C
4.877887646719586,70.74093343554463,433.7293802954091,6,5,25459,22,tcp,http,RSTO,Malicious,C&C
4.481266438402918,5017.584595857977,1395.1250934379011,14,8,8432,22,udp,dhcp,RSTO,Benign,None
0.045172842642199895,169.99068907302672,0.0,3,0,62111,443,tcp,http,S0,Malicious,Mirai
0.34512710794074486,149.64856640781917,0.0,1,0,20559,23,tcp,-,S0,Malicious,Mirai
0.1346386368514115,125.61180724173386,0.0,1,0,25423,8080,tcp,dns,S0,Malicious,Mirai
0.0013056272733898305,1149.2859313110462,49.97113819860437,95,4,43157,23,udp,-,SF,Malicious,DDoS
0.3368931025992903,907.5818692918886,2795.4030435567256,5,9,23603,53,icmp,dns,SF,Benign,None
0.3298690059085307,62.96752195936011,178.3948162447035,1,2,35165,2323,udp,ssh,S0,Malicious,PartOfAHorizontalPortScan
2.7913538070932162,397.4113609390214,324.3934217230776,2,2,9932,80,icmp,dns,RSTR,Malicious,C&C
0.0032019014699354617,1333.9864262917083,49.25996040520008,68,2,42931,23,tcp,http,RSTO,Malicious,DDoS
0.0017245800671377765,1197.3072757130356,32.32503675273596,91,1,17267,53,icmp,dns,RSTO,Malicious,DDoS
6.5542294367549925,836.5595187847265,245.00920680594868,3,7,19920,8080,icmp,dns,REJ,Malicious,PartOfAHorizontalPortScan
0.5003858937906883,1793.3285866293852,3638.6086164452104,42,24,36681,22,icmp,dns,SF,Benign,None
1.9293761001305634,624.7863251540402,618.5155204289166,2,3,4066,2323,icmp,dns,SF,Malicious,C&C
0.13378133094138914,138.62949406414074,0.0,3,0,12819,22,udp,dhcp,S0,Malicious,Mirai
0.10336790491238601,132.40697203278097,0.0,3,0,42114,22,udp,ssl,S0,Malicious,Mirai
1.857840421134252,302.83964791250895,59.06491934722622,10,30,11759,23,udp,dhcp,SH,Benign,None
6.070773064539078,453.09454808836716,777.4732393737162,2,1,43314,443,icmp,http,REJ,Malicious,PartOfAHorizontalPortScan
0.344032945650038,41.66466167787219,53.33930134400714,3,6,34900,22,icmp,ssl,REJ,Malicious,PartOfAHorizontalPortScan
0.047846255850780874,157.57580974318344,0.0,3,0,32425,443,tcp,dns,S0,Malicious,Mirai
0.16567813896012315,163.23972644397753,0.0,3,0,34168,23,tcp,ssh,S0,Malicious,Mirai
4.000373488374473,446.6950777444912,3964.764420487449,8,6,23150,8080,tcp,ssh,SF,Benign,None
0.046712274092342396,153.52326878755676,0.0,4,0,48839,22,tcp,dns,S0,Malicious,Mirai
0.015452038989583644,1230.785220002912,49.62423948411422,22,4,41912,443,udp,ssl,REJ,Malicious,DDoS
3.251232805550929,156.30741306532624,3001.8911091721775,5,28,12958,23,udp,ssh,RSTO,Benign,None
0.4009471995994779,366.263082233948,1081.375071956572,3,17,16000,23,icmp,http,SF,Benign,None
0.015146402053607864,1276.0914817160863,35.17209937156161,76,0,56328,2323,udp,dhcp,SF,Malicious,DDoS
6.6165391213022335,123.50404985167097,127.21556938250718,5,2,23230,23,udp,dns,RSTR,Malicious,C&C
0.012527142499340713,1344.7494188895284,44.72841622487608,79,4,18348,443,udp,dhcp,REJ,Malicious,DDoS
0.12648108953110895,150.40398680676697,0.0,3,0,3967,443,udp,ssl,S0,Malicious,Mirai
0.6992590835212357,1214.8326519799482,841.9233604995021,2,6,50657,2323,icmp,http,REJ,Benign,None
0.25543435272330234,139.37497534641128,0.0,2,0,38117,8080,tcp,dhcp,S0,Malicious,Mirai
0.2534814170988623,607.0087062649934,24934.101019476904,12,40,6432,2323,tcp,-,RSTO,Benign,None
0.7286501560060894,1846.1727032558458,44334.58757337632,24,16,9504,23,udp,dns,REJ,Benign,None
0.11225659784143167,175.27579984066878,0.0,3,0,51139,80,tcp,http,S0,Malicious,Mirai
5.008220497884656,2295.520137444517,6567.294996539247,11,29,48416,23,tcp,http,RSTR,Benign,None
0.0029864267068864404,1295.9157677968633,38.70327866807582,34,0,10040,22,tcp,dns,S0,Malicious,DDoS
0.0032790126843214723,1331.9505898285074,43.15035319866472,93,3,8630,2323,icmp,ssl,RSTO,Malicious,DDoS
3.961808551866734,524.5277606427561,378.9674793086617,3,4,20202,8080,udp,-,SH,Malicious,C&C
2.299260861483778,313.82934224089155,287.76366928173786,6,2,64110,8080,tcp,ssh,SH,Malicious,PartOfAHorizontalPortScan
0.010904358951890101,128.22612929752407,0.0,1,0,27950,53,tcp,-,S0,Malicious,Mirai
0.06993735298611645,132.9101252208168,0.0,3,0,14275,22,tcp,http,S0,Malicious,Mirai
0.9420426280580076,243.19886465282514,162.73153327840166,3,1,59287,53,icmp,http,S0,Malicious,C&C
1.1251044626661548,145.11240844619954,58.072097752173,3,2,59935,23,icmp,http,RSTO,Malicious,PartOfAHorizontalPortScan
2.738960159837631,100.4420174318026,40.235781027638545,5,2,35379,80,icmp,-,SH,Malicious,PartOfAHorizontalPortScan
0.17321344505621397,161.04666595232496,0.0,2,0,3041,53,udp,-,S0,Malicious,Mirai
0.012022194816213786,1067.0341786805284,46.73367466201036,80,2,17970,23,icmp,ssl,REJ,Malicious,DDoS
10.45307973416504,591.7919392421022,108.9829887758415,3,3,18304,53,tcp,ssl,RSTO,Malicious,C&C
6.442144205305833,3239.479738075735,4546.120610783853,5,6,7689,22,tcp,http,S0,Benign,None
0.34497646374517277,3020.670889119799,132.3154290547368,3,94,61226,80,udp,dns,RSTO,Benign,None
0.010356802271295,164.96102710841657,0.0,4,0,56237,23,udp,http,S0,Malicious,Mirai
2.855029630634081,130.62192396540237,177.64687406897227,3,1,51072,2323,tcp,ssl,SF,Malicious,PartOfAHorizontalPortScan
0.012890497568410344,1311.4679351316706,53.690977596685386,72,2,3374,53,icmp,-,SH,Malicious,DDoS
2.884169715174689,1140.0831277210134,3085.3512723639333,8,12,48867,53,udp,-,S0,Benign,None
0.005124379168076461,119.5976565407388,0.0,2,0,15885,23,tcp,dns,S0,Malicious,Mirai
0.5627400123778136,263.53913742831435,37.94639890460982,3,3,62701,53,icmp,ssl,S0,Malicious,PartOfAHorizontalPortScan
18.380169586053395,1342.3206449679853,537.2385805150367,4,1,32910,22,tcp,ssl,RSTO,Malicious,C&C
0.004288086580050422,185.59950398322434,0.0,1,0,4033,23,udp,dns,S0,Malicious,Mirai
0.04619064965724356,172.21454960122466,0.0,4,0,14819,23,icmp,http,S0,Malicious,Mirai
0.33057443556687327,1488.215081003944,13719.476047102138,19,3,19067,443,icmp,http,SH,Benign,None
0.5664996563054822,1042.2498231338773,4537.1167871374,3,30,36998,80,tcp,dhcp,S0,Benign,None
0.002555720321287306,1185.7960364181272,41.05826727940274,95,3,36856,80,tcp,ssl,SH,Malicious,DDoS
0.23906156224525843,180.9114594437809,52.56518093010866,3,3,61844,23,icmp,ssh,SH,Malicious,PartOfAHorizontalPortScan
0.008654014972677175,1129.9255202531504,38.15331100171331,94,1,49879,8080,icmp,dns,RSTR,Malicious,DDoS
0.005705784965342634,1367.0943383369759,51.505584082260675,64,0,54523,23,udp,ssh,SH,Malicious,DDoS
0.0013462643206334235,1207.2574609886562,55.42110300078619,74,0,23170,80,icmp,-,REJ,Malicious,DDoS
1.7591068348272096,1096.1664760555161,3550.749170928116,4,34,19780,443,tcp,-,SF,Benign,None
2.388066432730031,132.61532348006628,123.30727487559001,3,3,11809,53,udp,dhcp,SH,Malicious,C&C
0.009983269897994859,1180.5033820397252,48.88207743277808,23,0,40878,80,icmp,-,SH,Malicious,DDoS
0.004619564933582151,175.82997811807135,0.0,1,0,50970,23,udp,ssh,S0,Malicious,Mirai
4.627137745383715,1537.185312964345,1494.7592026704742,9,10,35863,80,icmp,dhcp,S0,Benign,None
4.621321240699146,3470.957785947138,3440.8112583882057,6,6,17186,80,tcp,-,REJ,Benign,None
0.8205624445223169,110.1819693811945,67.05666454636574,3,3,1746,2323,icmp,ssh,RSTO,Malicious,PartOfAHorizontalPortScan
0.056724973402913485,261.9408028683358,1371.0194521477144,3,20,25054,80,icmp,ssl,RSTO,Benign,None
0.03542799621483357,168.83585713762176,0.0,2,0,24542,2323,tcp,http,S0,Malicious,Mirai
1.641995760569952,96.5656716709315,163.0770088729538,3,1,62232,2323,udp,ssl,RSTR,Malicious,PartOfAHorizontalPortScan
7.65058905443358e-06,1129.7993945017652,70.9886018064988,28,4,6360,22,tcp,dns,RSTR,Malicious,DDoS
0.06118117842481005,121.91376410566166,0.0,1,0,47489,443,icmp,http,S0,Malicious,Mirai
5.075275017305028,165.52888061378908,22.496641999574816,2,6,9336,8080,udp,dhcp,RSTR,Malicious,PartOfAHorizontalPortScan
2.72749946896989,94.96195588724429,413.37844427539386,5,2,36371,22,icmp,dhcp,S0,Malicious,PartOfAHorizontalPortScan
13.978402615776453,160.13043940407357,47.447805351116195,2,1,26239,443,tcp,ssl,S0,Malicious,PartOfAHorizontalPortScan
0.08690950434957843,145.58463421316145,0.0,4,0,12375,23,udp,http,S0,Malicious,Mirai
5.127332183901666,150.7891707793337,341.2557340676187,3,6,52004,2323,udp,http,S0,Malicious,PartOfAHorizontalPortScan
1.1482147163911847,670.0341803380176,54332.14782734391,18,16,46968,443,tcp,dns,SH,Benign,None
0.5640369654888358,172.80596202034553,19.66888525114173,4,2,36539,22,icmp,dhcp,REJ,Malicious,PartOfAHorizontalPortScan
0.21765805736594546,133.55498396984873,0.0,2,0,39443,443,icmp,dhcp,S0,Malicious,Mirai
3.910411352660474,67.57799382552199,243.95004582744716,5,2,61991,22,udp,dhcp,REJ,Malicious,C&C
3.0519597130996936,2280.243049609608,29097.23617887377,17,6,52374,2323,tcp,http,RSTR,Benign,None
4.399394106911451,71.93684894224045,122.23173937425783,3,2,62574,22,udp,http,SF,Malicious,PartOfAHorizontalPortScan
0.01939789323841103,1124.8123898249582,31.62775699576774,78,0,40784,443,tcp,http,SF,Malicious,DDoS
1.799089098934368,394.86010317580303,3181.277809877748,11,34,58988,443,tcp,ssh,SF,Benign,None
6.432271932472914,124.71262426269669,70.42748161836795,2,2,20819,53,icmp,dhcp,S0,Malicious,C&C
7.937448143784362,79.57738019083602,325.1886354704526,2,1,46338,8080,icmp,http,RSTR,Malicious,C&C
1.7747626314176859,249.69223992036083,73.65541436042636,7,3,35189,22,tcp,ssl,REJ,Malicious,PartOfAHorizontalPortScan
9.12148932723227,519.8973272684536,255.0465671422539,3,3,5852,22,tcp,ssl,S0,Malicious,PartOfAHorizontalPortScan
0.4479378841263529,70.92195419324777,179.49913777160913,3,1,64725,80,tcp,dns,S0,Malicious,PartOfAHorizontalPortScan
0.09667763634010697,127.39540898471606,0.0,3,0,40484,53,udp,http,S0,Malicious,Mirai
0.006005410687071563,1238.8810917058486,34.623412176674485,40,0,50222,53,udp,ssh,RSTO,Malicious,DDoS
2.968991375339314,9059.008602384965,6981.98896377525,3,28,1582,23,tcp,ssl,RSTO,Benign,None
2.6459305993459985,226.02815446362945,18256.256181913475,11,5,19568,53,udp,ssh,SF,Benign,None
0.00920270214614936,8456.557920168127,662.242922554708,1,24,61655,2323,udp,dhcp,SH,Benign,None
5.806743027913149,17.75500041276638,256.4211157868942,2,4,45044,2323,udp,ssh,RSTO,Malicious,C&C
0.008996553573018375,1204.2754156442413,44.10346209729611,58,2,19898,53,udp,ssl,S0,Malicious,DDoS
1.354269945416625,99.81884635777382,200.08354860181754,8,2,65195,443,icmp,http,RSTR,Malicious,C&C
0.008146644575065311,1236.5861005092197,39.73501857910828,30,2,56726,443,udp,ssl,SH,Malicious,DDoS
0.008037300952631513,1146.0088726891433,43.08064158523738,71,3,58619,80,udp,http,SH,Malicious,DDoS
0.9062397940166721,138.63792909772783,32920.090337375055,5,1,26639,22,tcp,ssh,S0,Benign,None
1.9715062129813585,179.98180641961804,206.74519145091807,2,4,9623,2323,tcp,-,SF,Malicious,C&C
4.258067436172792,1459.2378629928546,35262.18375486336,7,3,23132,2323,tcp,dns,S0,Benign,None
0.018466494786049545,1223.4828000728635,51.19530734380612,10,4,60745,2323,udp,dns,S0,Malicious,DDoS
1.7895107424389392,103.24191439795109,106.18523933054733,3,2,1123,53,udp,http,SH,Malicious,PartOfAHorizontalPortScan
0.0077493439273627306,157.13795588315867,0.0,2,0,13266,80,tcp,dns,S0,Malicious,Mirai
0.002235704970721892,1099.537316946771,56.72233539683897,34,1,18845,23,udp,ssl,SH,Malicious,DDoS
0.11699483754475365,127.1782494810963,0.0,2,0,65110,23,udp,ssh,S0,Malicious,Mirai
0.9238160228315441,1226.9386890962212,3499.8755132747006,14,3,43711,2323,udp,http,REJ,Benign,None
1.0111291469183636,1009.4580051664306,11836.093002676815,17,13,35609,8080,tcp,-,RSTO,Benign,None
4.437571012591502,599.8900677515388,11.517622094836007,3,4,25862,80,icmp,ssh,RSTR,Malicious,PartOfAHorizontalPortScan
0.49261872034535825,159.31604223677883,0.0,3,0,16696,22,icmp,http,S0,Malicious,Mirai
0.05038258648313348,140.9025602834586,0.0,2,0,16565,443,udp,dhcp,S0,Malicious,Mirai
3.228134867244899,815.4067880934291,70.27095293128043,2,3,37850,2323,udp,dhcp,SH,Malicious,C&C
0.0005254486773252312,1354.5711669713796,50.7323271268104,50,3,40792,22,udp,ssl,SF,Malicious,DDoS
21.135862906615507,38.04654408815519,177.43270716955644,3,2,34125,23,udp,dhcp,REJ,Malicious,PartOfAHorizontalPortScan
9.085756898410885,1390.109189987821,201.57308551369556,6,4,38042,8080,udp,ssl,S0,Benign,None
0.035007849724733815,1199.615385056139,44.343737003532205,87,0,60393,23,udp,-,RSTR,Malicious,DDoS
8.677536055689139,1195.079144916851,227.58471977763,2,2,58272,443,tcp,http,SF,Malicious,PartOfAHorizontalPortScan
0.0028452934792351976,1285.3821885868888,50.34137411111115,87,4,22784,80,udp,dns,REJ,Malicious,DDoS
0.5712102287855764,8380.338963119128,6672.0177182628795,6,28,13761,22,icmp,-,SF,Benign,None
0.4403901671991816,439.6021701809123,184.08169775701893,6,76,32781,23,tcp,ssh,S0,Benign,None
0.10085158527424937,113.07502892592049,0.0,2,0,43866,8080,udp,http,S0,Malicious,Mirai
0.1305074416194577,156.0948773871707,0.0,3,0,11239,443,tcp,http,S0,Malicious,Mirai
0.021571545846001232,1176.291424245241,49.8947733634418,87,0,4808,2323,icmp,http,SH,Malicious,DDoS
4.612594802253556,388.01206543591087,96.60666266089999,5,4,38003,53,tcp,dns,SH,Malicious,PartOfAHorizontalPortScan
2.3790602868113884,4116.945403663256,17079.72996544351,4,15,57314,22,udp,ssl,SF,Benign,None
0.19917052222102274,157.84586702222035,0.0,4,0,9905,443,icmp,ssl,S0,Malicious,Mirai
0.6655571287874934,41.32938132751896,661.2926453800916,4,1,44571,2323,tcp,ssl,SH,Malicious,C&C
1.637580622947332,67.79543797437789,183.16558745652213,2,1,50173,8080,icmp,ssh,SF,Malicious,C&C
7.252766458776271,37.24719995085904,198.79047390991119,3,1,33890,2323,tcp,http,REJ,Malicious,PartOfAHorizontalPortScan
0.22157295456029993,149.9605100829812,0.0,4,0,30294,23,icmp,dhcp,S0,Malicious,Mirai
0.051711397714425664,3434.2126567277055,4976.116214984589,4,9,3505,443,tcp,-,SF,Benign,None
0.6618827160261991,164.89146434184585,0.0,3,0,8813,443,tcp,ssl,S0,Malicious,Mirai
0.13786722428942516,149.97899771548697,0.0,4,0,22700,22,tcp,dhcp,S0,Malicious,Mirai
0.06084180143068091,148.40475576200242,0.0,2,0,25429,80,tcp,ssl,S0,Malicious,Mirai
2.0124689001071743,46.54430047374514,149.62133924499918,3,6,58316,22,tcp,-,RSTR,Malicious,C&C
0.013338962197865113,1199.2140747304445,28.55830226247734,95,1,4144,2323,tcp,ssh,REJ,Malicious,DDoS
7.450422427998346,42.88152673451602,767.232781158752,10,5,42699,8080,icmp,dhcp,RSTR,Malicious,PartOfAHorizontalPortScan
0.14284768438943746,1050.8727858237055,935.9598283564249,9,30,4519,443,tcp,dhcp,RSTR,Benign,None
0.0015406434518937017,175.6331396162633,0.0,4,0,10380,53,tcp,ssh,S0,Malicious,Mirai
3.8001614689292196,109.87334947974232,199.3502015845441,4,3,60207,80,udp,-,SH,Malicious,PartOfAHorizontalPortScan
0.07048644584865599,1414.971846497522,2083.6112767807704,16,50,42789,80,tcp,ssh,SF,Benign,None
0.02095398180203706,166.50425294173226,0.0,1,0,37770,23,icmp,dhcp,S0,Malicious,Mirai
11.714127937780447,2004.0672944274097,566.3617374945305,3,2,60635,22,icmp,-,REJ,Malicious,PartOfAHorizontalPortScan
0.0278661253946875,1055.755557910076,59.79887594568557,29,2,63904,23,icmp,ssl,S0,Malicious,DDoS
1.5630523654619948,458.89754222006235,1653.7352393338726,5,30,36310,22,icmp,http,S0,Benign,None
0.042468120149143695,163.97623731718144,0.0,2,0,11845,53,icmp,dhcp,S0,Malicious,Mirai
0.012727696689119614,141.499000956606,627.0226393378158,5,2,64396,2323,icmp,dhcp,RSTO,Malicious,PartOfAHorizontalPortScan
37.93481919103182,135.0771170916452,205.41930336596627,2,3,32729,23,tcp,ssh,REJ,Malicious,C&C
0.8377776313964607,1283.8887654276552,3658.636331751458,3,5,25440,80,tcp,dns,S0,Benign,None
2.5370826588101014,1896.7362824174834,2328.2113098208706,5,48,64038,80,tcp,dhcp,SH,Benign,None
0.00019657882707701743,1096.2147314385793,65.8507379340972,15,1,59638,22,icmp,-,RSTO,Malicious,DDoS
0.05317032558425449,173.74186510875515,0.0,2,0,37567,443,icmp,ssl,S0,Malicious,Mirai
0.07648118668796411,129.07738919924356,0.0,4,0,61024,443,udp,ssl,S0,Malicious,Mirai
0.020020938920759013,1013.9193267316599,781.8797630696112,7,8,17462,443,icmp,dns,RSTO,Benign,None
5.118995262789854,739.8176919408515,198.92850503309734,2,2,46541,80,udp,ssl,S0,Malicious,C&C
6.332885523718486,281.7910132733495,948.7620889654287,9,2,32794,80,icmp,ssh,REJ,Malicious,C&C
0.013879327552839785,1164.784076547781,46.48289872075581,22,0,19753,443,udp,-,S0,Malicious,DDoS
0.6794833312200195,516.1124318635091,2745.27268597915,4,18,50449,443,tcp,ssl,RSTO,Benign,None
0.015094229351770181,1284.314798277825,49.93420413507944,82,4,49173,80,tcp,dhcp,SF,Malicious,DDoS
0.12629440409569176,155.86790248876105,0.0,1,0,59068,2323,udp,-,S0,Malicious,Mirai
2.349815910353025,1779.1635642689807,22018.187356080878,26,17,60986,8080,udp,dhcp,S0,Benign,None
0.3706237649369918,20.75066575315187,99.24094525873082,2,2,26060,23,icmp,ssl,SH,Malicious,PartOfAHorizontalPortScan
0.013446223760809022,1283.638305042491,28.298328429867343,22,3,26264,23,udp,dns,SH,Malicious,DDoS
0.014590545199254984,1250.584611752313,37.24990527560746,90,2,41927,2323,icmp,-,SF,Malicious,DDoS
5.917631562327765,84.80795165324813,144.97055203734504,3,3,10340,80,udp,ssl,SH,Malicious,PartOfAHorizontalPortScan
0.4241639162670327,903.5435175425696,563.1620663642205,18,17,32078,80,udp,-,SF,Benign,None
2.9822234936766088,845.0800163882137,331.7926767264653,18,13,45672,80,tcp,ssh,REJ,Benign,None
0.728347480207035,313.2720252268441,107.75089963807342,3,6,2021,23,icmp,ssl,S0,Malicious,C&C
2.3711864387296173,200.3755741945756,6137.553111792557,2,3,24462,8080,icmp,dhcp,S0,Benign,None
0.012422127058390218,172.94579944339424,0.0,3,0,36010,22,tcp,dhcp,S0,Malicious,Mirai
0.35157394267055725,74.2348862199435,259.1575773506141,2,1,17579,8080,udp,-,REJ,Malicious,C&C
3.885638222120473,578.6608743265444,803.9598295155259,8,7,26406,2323,tcp,ssl,RSTO,Benign,None
4.932095709348133,112.34697075144044,568.5084841484932,2,1,30338,22,icmp,dhcp,RSTR,Malicious,PartOfAHorizontalPortScan
7.895701253244056,407.16991688699454,48.28248698186771,2,3,29407,443,icmp,http,RSTR,Malicious,PartOfAHorizontalPortScan
0.012034351003237895,156.49821294180052,0.0,2,0,13757,23,tcp,http,S0,Malicious,Mirai
2.794510828499502,7288.661621158051,1293.4493013749443,8,3,50004,23,udp,-,SF,Benign,None
0.028752891098127037,214.72852046895534,4142.505065270446,2,12,58371,22,icmp,ssh,SH,Benign,None
7.443543285090469,64.54404927262668,101.71921687988383,8,4,59016,443,tcp,ssh,SF,Malicious,C&C
0.005482615682771418,1139.790560566578,62.68016948093988,94,3,13576,443,icmp,dhcp,S0,Malicious,DDoS
12.21646912963665,146.38459166584434,180.48211504323604,3,5,49029,23,icmp,http,REJ,Malicious,PartOfAHorizontalPortScan
1.0778907614757252,12127.649879336257,1798.136306416991,3,26,16021,22,udp,http,RSTO,Benign,None
2.8675156022154424,234.56964930851893,336.1573459396131,3,1,26175,2323,icmp,-,S0,Malicious,PartOfAHorizontalPortScan
1.6422551282697986,217.0360483577361,574.2477737152924,5,28,12499,53,tcp,ssl,REJ,Benign,None
0.4362502761337571,169.30806392742045,121.73920076950884,4,2,6800,8080,icmp,dns,RSTR,Malicious,C&C
2.288337555311902,477.3490161335803,4442.729744658078,5,47,40375,80,tcp,-,S0,Benign,None
0.010693801674849221,203.47606214974815,0.0,1,0,17380,23,udp,dns,S0,Malicious,Mirai
2.964590668611915,344.5764080013964,388.5383342469182,2,2,20495,53,udp,ssl,RSTR,Malicious,PartOfAHorizontalPortScan
0.0032389431980614485,1203.0063751697242,56.8029949453958,86,2,8498,22,tcp,dhcp,SH,Malicious,DDoS
0.027992761377362146,192.6176798370761,408.1577207737651,2,1,56914,22,icmp,-,S0,Malicious,PartOfAHorizontalPortScan
0.0028962748450886595,1176.7592845263011,41.23474699989073,24,3,39088,2323,udp,ssh,RSTR,Malicious,DDoS
0.8146797885645191,134.34503679115673,560.037462699934,2,4,52509,8080,udp,dhcp,RSTO,Malicious,C&C
0.016642168458479475,1190.8162079959216,37.54567741618362,41,4,16893,443,tcp,dns,SF,Malicious,DDoS
0.00599097887174279,1186.4467558953027,35.57242512069058,42,4,37655,22,tcp,dns,S0,Malicious,DDoS
0.04965333435816402,628.1766864524109,48.972092329566564,4,1,51070,53,udp,http,S0,Malicious,PartOfAHorizontalPortScan
0.9449789071459689,644.1365942666467,879.8714923563622,3,4,64127,8080,tcp,dns,S0,Benign,None
0.7730240008166407,164.4077729315738,0.0,1,0,36057,23,udp,ssl,S0,Malicious,Mirai
1.1909639215963466,1020.6631046206783,1828.7925500964172,50,11,16593,23,tcp,dhcp,SH,Benign,None
1.2900600962743232,217.25354634548714,21489.2239268696,6,8,4989,80,udp,http,RSTO,Benign,None
0.07502877662722528,625.0745628847791,5432.639053943102,23,14,40839,80,tcp,ssh,RSTR,Benign,None
0.03976659962442397,1152.1198153826158,47.495932888780025,39,3,54728,23,tcp,ssl,SH,Malicious,DDoS
0.0017562146856340086,1295.2592306747067,57.95741008799593,81,0,27373,8080,tcp,dhcp,RSTR,Malicious,DDoS
0.23188495721947938,175.3311891927299,31.898172207586487,1,1,22411,2323,icmp,ssh,SH,Malicious,C&C
1.693330897444375,18425.48909207243,2134.839293112042,5,45,58878,22,udp,ssl,SH,Benign,None
0.00837515721753107,163.0946607019286,0.0,3,0,28687,22,icmp,dns,S0,Malicious,Mirai
2.026102199981752,998.148492258152,638.7019190498698,7,11,11176,80,udp,http,S0,Benign,None
5.074492485744707,1926.1781710733258,6267.400606525908,1,9,16791,53,udp,http,RSTO,Benign,None
2.8132030528264416,245.17229448667965,4603.97252729912,16,40,25882,80,tcp,ssh,REJ,Benign,None
0.01693632437834043,1275.1816346867424,34.40837728025463,77,1,20162,22,udp,ssl,RSTR,Malicious,DDoS
1.9213953118918738,1826.9285456574785,2641.3092400272635,101,84,54132,443,udp,ssl,SF,Benign,None
1.246554309255805,921.6583508872536,6175.081980316032,14,16,5795,23,udp,dhcp,SH,Benign,None
0.051486439442562586,132.5364310538015,0.0,1,0,34180,8080,udp,-,S0,Malicious,Mirai
0.30415360032628036,124.45571106733419,0.0,2,0,4264,23,tcp,ssl,S0,Malicious,Mirai
2.7374968984055914,186.63222063694542,26.02916527889892,2,2,61133,23,icmp,http,RSTO,Malicious,PartOfAHorizontalPortScan
0.9404870029678738,429.8694255077828,264.03379641467075,6,8,57030,2323,icmp,dhcp,RSTR,Malicious,C&C
3.115370487117395,1650.6772670908088,3160.0703791577043,9,12,42436,23,tcp,dhcp,REJ,Benign,None
0.32896918376469453,168.14690015757623,0.0,2,0,42234,22,icmp,dns,S0,Malicious,Mirai
4.222628778526719,336.4800677437138,57.89275170615763,6,5,8825,8080,udp,dhcp,SH,Benign,None
3.615455200280267,2772.9230574699445,1653.5720349652936,3,7,24147,443,udp,ssl,SH,Benign,None
1.6584576520450323,938.6235825786014,6362.16234068159,7,6,15259,8080,tcp,ssl,S0,Benign,None
13.15729785182965,114.78728419800801,197.5104938519591,2,3,32629,2323,tcp,ssh,REJ,Malicious,C&C
0.018909124140044836,1348.682719831574,33.996367916449074,35,0,20592,22,udp,ssl,RSTR,Malicious,DDoS
2.6573643231547037,241.76599919281688,907.759669189339,20,12,17678,23,tcp,ssh,SH,Benign,None
2.874804827751313,437.431476242933,673.7678534642714,3,1,34351,8080,icmp,ssh,SH,Malicious,PartOfAHorizontalPortScan
0.021486550039556983,1197.1349077330683,61.51964089345598,25,4,1630,22,tcp,dns,RSTR,Malicious,DDoS
1.7723457396689835,19.868064574695364,267.36709404823296,4,2,54585,8080,udp,dns,S0,Malicious,PartOfAHorizontalPortScan
5.158237847047491,401.3183497877124,2584.9567694003067,6,2,19082,53,tcp,ssh,S0,Malicious,PartOfAHorizontalPortScan
0.6011960039811856,2457.8397135823125,156184.10124592448,13,46,40474,2323,tcp,http,SH,Benign,None
0.33715062794876927,757.1924078431197,70.66821334839634,3,1,16703,23,udp,ssl,SH,Malicious,PartOfAHorizontalPortScan
0.06464838606211178,266.84100811274465,2808.1064470193787,15,19,59783,443,udp,ssl,SH,Benign,None
3.1969947241664634,2125.1615632108533,666.2897212620392,4,5,12381,22,tcp,-,REJ,Benign,None
1.0705544751666984,447.3154058417995,17509.650047971256,1,56,6843,443,udp,ssl,REJ,Benign,None
1.2730125077238512,974.6129838809533,12364.907472214734,10,8,39700,22,icmp,dhcp,SH,Benign,None
6.6792888386205265,12.050774306486284,128.5899693041814,9,1,34400,443,icmp,ssl,RSTR,Malicious,C&C
0.27634688490395903,179.5811460377295,0.0,3,0,43294,53,tcp,ssh,S0,Malicious,Mirai
10.251680369808343,1092.4314091465824,190.06585332849554,2,1,44630,53,udp,http,RSTO,Malicious,C&C
3.6538339760124976,75.33556669462833,27.65564180430543,2,6,18465,443,icmp,ssl,REJ,Malicious,C&C
0.04676459126883554,164.9798798631063,0.0,4,0,60522,53,tcp,ssh,S0,Malicious,Mirai
0.0023106967339706144,1295.9845945848926,43.31528259192262,14,0,55096,22,icmp,dhcp,REJ,Malicious,DDoS
3.5540001561264303,284.5878957929269,1257.4427698504337,7,6,63493,53,udp,ssl,SH,Benign,None
0.08724348928965905,132.53178003715513,0.0,3,0,17051,23,udp,ssl,S0,Malicious,Mirai
7.138593008475686,3198.6972796941477,1418.6437871856483,5,3,42126,8080,tcp,ssl,RSTO,Benign,None
0.25838957335198703,115.82225587069995,0.0,1,0,14004,53,udp,http,S0,Malicious,Mirai
0.36630994970145425,219.9021441225654,1060.8560943868745,3,2,58537,53,udp,dhcp,SH,Benign,None
1.1808202988286736,1654.310028293491,7076.174358638234,13,29,48196,22,udp,ssl,SH,Benign,None
2.159605593013692,250.60117602303768,195.386670770383,3,2,26727,443,udp,ssl,SF,Malicious,C&C
0.02567138924346048,165.56444633874838,0.0,2,0,17788,23,icmp,dhcp,S0,Malicious,Mirai
1.4298396947541554,56.21598260383541,530.8215154132066,6,3,65181,8080,udp,dns,SH,Malicious,C&C
1.4049261732562963,4226.488924724218,54.14981335235039,10,3,9276,443,tcp,ssl,SH,Benign,None
2.7516437600636783,143.8594810108377,39.298378222755126,4,5,2045,23,icmp,http,RSTO,Malicious,C&C
2.894214523786804,142.06585061996074,426.6741101601465,6,2,40205,2323,tcp,dhcp,REJ,Malicious,C&C
0.1649007063524812,150.22777894423808,0.0,1,0,59934,22,udp,ssh,S0,Malicious,Mirai
4.290359486473154,571.919663759549,1023.6162497854731,3,13,53925,443,tcp,ssl,SF,Benign,None
3.2583855673489284,235.13330253086428,409.7503972202072,3,4,20139,22,udp,http,SH,Malicious,PartOfAHorizontalPortScan
1.1642661973747377,626.616119813735,11661.478695599171,49,43,27235,80,icmp,-,S0,Benign,None
0.002526722709792111,1207.7760400642806,49.889103069957706,32,4,39742,8080,tcp,ssh,SH,Malicious,DDoS
0.005944135865961324,1269.652222818243,42.81204851862368,96,3,1295,8080,tcp,ssl,S0,Malicious,DDoS
12.439623890514609,206.19121385768756,258.85179832657815,3,3,11896,23,icmp,http,SF,Malicious,PartOfAHorizontalPortScan
0.027268673035878207,1326.248695371444,42.820555605696285,50,2,58463,53,udp,http,RSTR,Malicious,DDoS
0.5900243722130106,143.76579853729018,0.0,1,0,31024,80,icmp,ssh,S0,Malicious,Mirai
0.03474354426680189,123.78283299075792,0.0,3,0,20933,2323,udp,dhcp,S0,Malicious,Mirai
7.57058340937993,49.59367197701443,759.0475760483208,6,4,59439,53,icmp,dns,RSTO,Malicious,PartOfAHorizontalPortScan
3.7491521963935597,3241.7414928808803,6979.877915086926,2,18,31851,23,icmp,http,SF,Benign,None
0.5990417000062317,805.3952515699416,116846.34461966043,3,9,57843,80,icmp,-,S0,Benign,None
0.023644361928251697,1477.2425544064097,63.49901660087448,13,2,6229,80,tcp,dhcp,S0,Benign,None
14.806327742942218,16.701696416959877,363.24453707800376,4,3,21941,23,udp,ssl,RSTO,Malicious,C&C
0.08104632018413799,140.48871881517272,0.0,4,0,45816,443,udp,http,S0,Malicious,Mirai
0.27794819764634876,150.56980593754656,0.0,3,0,4766,22,udp,ssh,S0,Malicious,Mirai
0.013248365959489777,1249.8754328947653,42.217262904795,54,2,6718,443,icmp,dhcp,RSTO,Malicious,DDoS
5.8572415443420205,31.880888490463366,352.4816335385891,3,5,32781,22,tcp,dns,REJ,Malicious,PartOfAHorizontalPortScan
2.184349819793111,92.39276808673075,15.309985075318385,3,7,27492,22,tcp,dhcp,RSTO,Malicious,PartOfAHorizontalPortScan
2.074268481252139,149.82711325346799,1117.5019116465178,7,14,30041,443,icmp,http,RSTO,Benign,None
2.4220790956507643,217.75180631259454,361.6320202558925,3,2,34345,2323,tcp,dns,REJ,Malicious,PartOfAHorizontalPortScan
0.4187409775455116,161.72812513005556,0.0,3,0,40911,80,udp,http,S0,Malicious,Mirai
8.31284614167416,79.86655306673686,600.9588954970847,3,5,23510,2323,tcp,http,RSTR,Malicious,PartOfAHorizontalPortScan
0.0045197930451651965,1225.6130250256365,74.17220488779412,10,2,63538,2323,tcp,http,RSTO,Malicious,DDoS
12.051190832360977,141.06309849545133,231.12163506444543,3,3,40257,80,udp,http,SF,Malicious,C&C
8.566777501923614,771.3278328829101,291.9220200876217,4,2,50145,8080,udp,http,RSTO,Malicious,C&C
0.00578014765621987,1290.4824700214715,47.1806622690159,94,2,45720,80,tcp,dhcp,SH,Malicious,DDoS
1.6286431759438844,133.79637172168677,220.2009582157629,4,6,28599,53,udp,dns,SF,Malicious,C&C
1.9953376946731485,1468.8858958771193,195.00782901210394,5,3,12842,22,tcp,dhcp,RSTO,Malicious,PartOfAHorizontalPortScan
1.518936304365785,2645.258836533463,4648.274431960921,3,15,42137,8080,tcp,dns,SF,Benign,None
5.923236251503551,429.14381944807604,114.20520598282845,4,2,45416,53,tcp,dns,RSTO,Malicious,C&C
3.1316405338797084,64.0071424223716,508.76093498316135,2,2,11722,8080,udp,dhcp,RSTR,Malicious,C&C
17.585341132590536,189.93904147075517,88.90380949142583,3,1,21665,22,udp,http,RSTO,Malicious,C&C
0.9032626856218371,33.57886833207372,53.193001695961506,4,1,58670,22,tcp,ssh,RSTO,Malicious,PartOfAHorizontalPortScan
0.0017077299840004992,1280.303955489292,39.53804125766876,65,4,2351,22,udp,ssl,S0,Malicious,DDoS
0.49155832661723076,710.4899712836984,3829.0856659489004,23,23,46485,2323,icmp,-,RSTR,Benign,None
7.01556112668244,1845.1680310224783,3252.4909206003654,12,18,19922,80,icmp,ssh,RSTR,Benign,None
8.522442943585553,403.76910506592833,2929.7563885198447,193,11,60097,443,udp,http,S0,Benign,None
0.5079161799858521,1345.357541079378,19667.52368911067,18,14,60270,80,icmp,dhcp,SF,Benign,None
7.868280114006546,70.57682605713853,283.40771667821866,2,5,59951,8080,udp,ssl,SH,Malicious,PartOfAHorizontalPortScan
0.2509135253090743,149.46044767990466,0.0,4,0,4551,8080,icmp,ssl,S0,Malicious,Mirai
25.986031988366992,518.1317327530368,3433.5368977759135,2,3,19559,443,tcp,dns,SH,Malicious,PartOfAHorizontalPortScan
0.0033931032518733683,160.5859466013879,0.0,4,0,14389,23,tcp,http,S0,Malicious,Mirai
0.042204393883667396,135.7743114820374,0.0,1,0,2850,53,udp,http,S0,Malicious,Mirai
0.0027567121082414663,1219.4863174303598,49.24355776134065,31,0,20652,8080,tcp,ssl,SH,Malicious,DDoS
0.5917795772056478,1513.5512362913305,3198.4011614546325,19,13,49483,22,tcp,-,SH,Benign,None
4.9789952935045125,607.8297097293088,120.79428642937553,3,5,10899,53,tcp,ssl,SF,Malicious,C&C
0.01163645451633563,1287.9781704902014,43.76613328330378,38,3,49857,23,icmp,dhcp,SF,Malicious,DDoS
1.2920837374629903,659.8945647006667,1312.4834063031765,8,3,1253,8080,tcp,ssl,SH,Benign,None
0.29805838511864147,159.95198193499,0.0,1,0,25224,443,udp,dns,S0,Malicious,Mirai
0.1271949922842236,160.24714663922418,0.0,4,0,10278,22,icmp,dns,S0,Malicious,Mirai
5.644036560022658,135.77140541240482,57.05198859385719,6,2,53220,53,icmp,dhcp,SF,Malicious,PartOfAHorizontalPortScan
0.02140052559121575,1238.3488471852988,41.2873251503632,53,0,22381,22,icmp,ssl,RSTO,Malicious,DDoS
0.5207910726334644,6196.575367238423,8598.202546505689,6,17,15910,80,udp,ssh,SF,Benign,None
1.4608923565559209,110.85562563275425,59.451367820504416,5,4,59301,2323,tcp,ssh,SF,Malicious,C&C
0.9449333352030868,1542.4373269326234,2411.3255524304577,14,19,61435,23,tcp,-,RSTR,Benign,None
0.003604849420399268,1471.6458665231999,52.50569211397887,21,1,48844,8080,icmp,dns,REJ,Malicious,DDoS
0.7986932353682722,685.1339922423292,3858.0898822815666,8,8,35957,80,udp,dhcp,SH,Benign,None
18.732389086829354,498.0502990070117,47.05318876933783,2,1,15563,2323,icmp,dns,RSTO,Malicious,PartOfAHorizontalPortScan
7.164507166582739,198.99028848775487,112.58873330613098,2,4,29307,22,udp,dns,S0,Malicious,PartOfAHorizontalPortScan
0.011410536841656055,1022.664306370893,41.26665506589022,61,1,41728,8080,udp,-,S0,Malicious,DDoS
0.02136038516511635,152.96101304763891,0.0,3,0,10539,23,udp,http,S0,Malicious,Mirai
6.629026971391376,262.07091141010505,103.67204814378385,2,10,30566,22,icmp,-,REJ,Malicious,PartOfAHorizontalPortScan
3.622116052902769,422.2271158091303,82.64976563050486,4,4,29718,23,tcp,http,S0,Malicious,C&C
0.17156336377108133,129.8812053882977,0.0,3,0,26374,22,tcp,ssl,S0,Malicious,Mirai
0.017688589603970767,1219.5396175748529,59.72994726061555,13,0,2128,53,tcp,dhcp,RSTR,Malicious,DDoS
0.011758201874873237,1217.5953042106207,33.50535593158919,27,1,29927,23,udp,http,SF,Malicious,DDoS
0.24411188969147815,192.1585291784302,358.46112242149235,11,19,34697,443,icmp,ssl,RSTR,Benign,None
7.675969431540063,220.21221891131083,137.19089288047155,6,2,13656,443,icmp,http,S0,Malicious,PartOfAHorizontalPortScan
0.6779193207043862,872.5212320270828,1954.1633912269815,26,21,17320,22,udp,dns,S0,Benign,None
3.835565326131621,127.24920744258168,150.3762906683524,3,4,58543,80,icmp,ssl,RSTO,Malicious,PartOfAHorizontalPortScan
0.20072835116096202,154.7821309257904,0.0,1,0,18650,53,tcp,ssl,S0,Malicious,Mirai
0.002448658399602453,1263.307636205887,54.956445566797484,44,2,51145,23,icmp,ssl,SF,Malicious,DDoS
0.020567824475728233,126.99109942275359,0.0,2,0,44343,80,icmp,ssh,S0,Malicious,Mirai
6.8768093043973435,1049.661221259643,395.58895596920615,2,3,4820,23,icmp,dhcp,RSTR,Malicious,PartOfAHorizontalPortScan
0.38846688065092927,315.37691395142775,259.35861282272253,4,11,41920,8080,icmp,ssl,REJ,Benign,None
4.730998957891325,276.92148777450535,2176.583414026821,16,9,21502,22,tcp,ssh,SH,Benign,None
0.38912954756845586,259.92928196561854,6353.184869347032,2,11,40544,8080,icmp,http,SH,Benign,None
0.0895332453442746,145.29409859948183,0.0,2,0,31354,8080,icmp,http,S0,Malicious,Mirai
0.07343423186713251,140.5132853943737,0.0,1,0,62044,22,tcp,ssl,S0,Malicious,Mirai
3.2479788388313913,183.17814730185063,163.1140742252712,5,1,61855,80,icmp,dns,SF,Malicious,PartOfAHorizontalPortScan
0.0007652395013959973,1217.1627048134828,50.266853967718845,41,4,20293,22,udp,dns,S0,Malicious,DDoS
0.009099268862847768,1382.1734242236325,53.12445411278664,66,3,16605,22,udp,dns,RSTO,Malicious,DDoS
0.7605464788233463,3317.1209881929653,4564.86544169322,6,8,8973,23,tcp,dns,REJ,Benign,None
0.027222535280399446,2202.061966775591,5489.771842788976,8,9,20382,22,icmp,-,SF,Benign,None
0.0015542061575412208,1219.192701125661,51.054677433095776,70,3,39961,23,udp,dns,RSTO,Malicious,DDoS
0.24558262071275122,2467.8806014903575,10931.108419183438,9,34,42258,53,tcp,ssl,RSTR,Benign,None
0.06149667176818,162.3531675714688,0.0,2,0,16898,23,udp,ssh,S0,Malicious,Mirai
2.725765959485565,733.9507891029592,45282.48451839032,11,49,20033,80,icmp,ssl,RSTO,Benign,None
2.207124648464806,3007.8140046106964,19273.581162314455,35,2,49788,443,icmp,dhcp,RSTR,Benign,None
7.7253912431847125,515.3702517217417,16.871613827562395,3,1,49289,22,icmp,dns,RSTR,Malicious,PartOfAHorizontalPortScan
2.463091722663441,75.39892313614617,116.76392049266535,7,3,64022,2323,icmp,http,RSTO,Malicious,C&C
0.0962615083354523,336.82544215141456,2035.7337771248112,8,13,46056,8080,udp,dhcp,RSTO,Benign,None
0.016836995599756408,151.80743113341669,0.0,4,0,17803,53,icmp,dhcp,S0,Malicious,Mirai
0.2589770734978554,168.8043879033642,400.08785317723135,8,9,18515,2323,udp,dhcp,RSTR,Malicious,C&C
0.14184390343502873,1253.6204648990033,654.3319482708831,40,21,33533,443,tcp,http,SF,Benign,None
8.538159730542272,104.08639703290635,106.96079149235993,3,2,33529,53,udp,ssh,RSTO,Malicious,C&C
0.09645739306786752,2051.7628084817843,24136.153320288733,12,40,38729,80,udp,-,S0,Benign,None
0.026411981857543926,1236.4436937699302,57.35621191836884,29,4,6237,22,icmp,dns,S0,Malicious,DDoS
0.009938593272539174,1076.6318223866276,64.03743671838431,90,0,19629,80,udp,ssh,RSTO,Malicious,DDoS
1.2537426431266894,90.53216556988298,677.0522645796331,3,2,54169,53,icmp,ssh,SH,Malicious,PartOfAHorizontalPortScan
0.3817057826780513,162.63676133795852,0.0,4,0,33509,443,udp,dhcp,S0,Malicious,Mirai
1.5271385325649027,130.88164695530918,19.94699719567968,4,3,24171,8080,icmp,ssh,SF,Malicious,PartOfAHorizontalPortScan
8.480878759739602,1257.3182567293888,47.550213323612894,2,18,47196,22,udp,-,RSTO,Benign,None
1.0994541889990987,118.57015772871578,24.661289777529298,3,5,64211,8080,tcp,dhcp,SF,Malicious,C&C
0.01941463032214305,174.93809067804165,0.0,4,0,47122,53,icmp,dhcp,S0,Malicious,Mirai
0.056160514235237574,132.36338125561304,0.0,3,0,52398,2323,udp,ssl,S0,Malicious,Mirai
1.665881216886981,158.4691777774485,72.47013792859282,3,5,39913,443,icmp,-,RSTR,Malicious,PartOfAHorizontalPortScan
0.007877256573727672,1356.4760673525323,45.96126600628651,32,4,32288,23,tcp,dns,RSTR,Malicious,DDoS
0.09112147853693905,276.3317921202451,211.7917582756825,6,17,9921,443,icmp,ssl,RSTO,Benign,None
1.2088250196550245,3267.326940227017,1448.146486481416,6,17,48439,443,udp,-,S0,Benign,None
0.018428056014406693,1210.7278719209671,46.43523945217211,83,4,1226,23,tcp,ssl,SH,Malicious,DDoS
0.04191594004557442,1441.946497615818,568.4597153099519,19,18,63415,22,icmp,ssh,RSTR,Benign,None
0.09968362982803175,139.23596073950856,0.0,2,0,33988,53,tcp,dns,S0,Malicious,Mirai
0.00045174321204954676,1187.9640751903776,47.00046134252061,46,0,19352,2323,icmp,dhcp,SH,Malicious,DDoS
18.96790860337219,400.66282275907224,173.95807768638906,2,1,25989,22,udp,dns,SH,Malicious,PartOfAHorizontalPortScan
3.410990787381485,4613.425205505284,753.360487064366,2,2,50678,443,tcp,dns,RSTR,Benign,None
0.02784494094279229,513.2022047528257,1469.8683593302017,25,76,49503,8080,tcp,-,SF,Benign,None
4.971430425294543,180.12948649640745,183.1801623682236,3,6,37763,23,udp,ssl,RSTR,Malicious,C&C
0.39254029147970165,407.06504435957754,158480.62266369976,3,14,47948,2323,icmp,http,RSTO,Benign,None
0.3655196741475181,2937.7796602491385,861.4780006296851,18,93,37441,23,icmp,dhcp,RSTR,Benign,None
0.10752072172893293,123.42958230019653,0.0,3,0,17653,443,icmp,dns,S0,Malicious,Mirai
0.0028959318167744307,1204.871801889074,53.55631240580675,80,0,51485,53,udp,ssh,SH,Malicious,DDoS
0.007880292787080734,1304.6867677833634,49.498247334370134,56,1,28326,2323,udp,http,S0,Malicious,DDoS
0.3433962211388065,2376.3895405751873,1242.7909418355723,10,4,40534,2323,tcp,dhcp,RSTO,Benign,None
1.6481515476079898,2087.162596201509,1901.510452744777,9,30,60938,80,icmp,http,S0,Benign,None
0.15868417967905896,167.15353521259237,0.0,2,0,65022,22,udp,ssl,S0,Malicious,Mirai
27.060937991888274,227.3195780863926,735.0465635382799,2,2,19486,8080,icmp,-,SH,Malicious,PartOfAHorizontalPortScan
5.485179726055681,78.59061683787509,319.5617307424884,3,2,28570,2323,udp,-,SF,Malicious,PartOfAHorizontalPortScan
3.0866343319338068,211.0719262959322,427.31027966700873,2,4,22414,53,icmp,dns,SF,Malicious,PartOfAHorizontalPortScan
1.7868991232739635,251.19443989111898,70.66195076879784,3,2,41082,22,icmp,-,SH,Malicious,PartOfAHorizontalPortScan
0.015026673519478256,149.48635556298612,0.0,4,0,22388,53,udp,-,S0,Malicious,Mirai
4.986901200589103,136.6343959104613,256.60492787701656,2,1,52201,2323,icmp,ssl,RSTR,Malicious,C&C
1.9371198160476988,161.38967645644786,50.21381044570384,3,3,57293,2323,tcp,ssh,S0,Malicious,PartOfAHorizontalPortScan
0.004997471393044483,1100.2190727843356,52.20759275474442,26,0,46573,22,udp,-,REJ,Malicious,DDoS
0.12098993228605198,795.2192105285848,1315.9731103630747,3,22,62322,23,udp,ssh,SF,Benign,None
0.024889035711729384,1174.675584275849,50.68370900915038,45,2,44202,80,tcp,http,S0,Malicious,DDoS
4.9877454135542,463.1930684403304,164.04607433891755,2,7,41122,23,icmp,ssh,S0,Malicious,PartOfAHorizontalPortScan
1.754333173054612,335.62642827161477,6698.833908806531,4,8,44056,22,icmp,dns,S0,Benign,None
3.2514137424232272,4504.783849312612,2186.3969100352397,2,10,60752,80,icmp,ssh,S0,Benign,None
2.4914017837048092,313.699621537464,107.2546189113005,3,2,38093,443,icmp,ssh,RSTR,Malicious,C&C
2.0256880713239838,2082.0114292657445,982.7074186343483,11,50,65419,22,udp,ssl,SF,Benign,None
3.296377299013268,1913.1131154704967,1924.4517611668907,3,7,33890,53,icmp,http,RSTR,Benign,None
1.28974003459994,81.82704901281144,323.9281412070794,4,4,29822,23,icmp,-,SF,Malicious,PartOfAHorizontalPortScan
0.009397168261792706,1244.0073568734829,37.79141778783167,15,3,20043,2323,icmp,dns,RSTO,Malicious,DDoS
0.009931203948589004,1163.5246746874848,52.77127763508678,38,1,31436,23,udp,dns,RSTR,Malicious,DDoS
7.3136427025372726,108.92666600236187,103.9822212121626,3,1,22292,53,tcp,ssh,RSTO,Malicious,C&C
20.53609890552389,285.508159564096,92.58237056234277,3,4,3500,2323,udp,ssl,S0,Malicious,C&C
0.43226686277928117,4997.6108327754755,5515.940834934408,14,23,64048,443,tcp,dns,S0,Benign,None
2.027340082737695,232.49422317603808,77.93479438420853,4,2,40565,80,tcp,-,RSTO,Malicious,PartOfAHorizontalPortScan
0.03137237704329376,1256.6344711929855,41.69719969350623,14,4,35707,2323,udp,ssl,REJ,Malicious,DDoS
0.01148904296718966,1149.7111980884479,60.56502403715035,65,2,52693,80,udp,dns,RSTR,Malicious,DDoS
0.4005601497619877,1320.0171037821126,3543.6618926718543,4,6,39818,80,icmp,dhcp,SF,Benign,None
1.3468413945564028,2294.041827559935,527.2628003263726,13,3,51480,80,icmp,ssl,RSTR,Benign,None
0.08195724450720014,449.3294148806086,3476.738142467544,14,8,61247,22,tcp,http,REJ,Benign,None
0.043595938357883286,1345.4003682472758,49.81960300643831,36,4,55703,23,icmp,ssh,RSTR,Malicious,DDoS
0.8387386267064424,30.910811298003228,132.18506522310736,5,1,51084,8080,icmp,ssl,SF,Malicious,PartOfAHorizontalPortScan
0.01677886493862098,1150.072125463925,34.12634548603679,97,3,61011,53,udp,ssl,RSTO,Malicious,DDoS
0.003653891240968485,1089.606905756335,58.3833817420014,87,2,40294,23,icmp,dns,RSTR,Malicious,DDoS
0.08584303997284788,171.46099443675837,0.0,3,0,26494,22,icmp,-,S0,Malicious,Mirai
7.040589927154116,208.86529990730452,55.066466929460326,2,3,59327,8080,icmp,dns,S0,Malicious,PartOfAHorizontalPortScan
0.014701891753362601,1245.9901764840208,57.619493416364925,33,4,32133,443,icmp,dns,SF,Malicious,DDoS
3.953685750263856,110.1509773049573,1557.4191789611004,7,7,31240,8080,icmp,-,SH,Benign,None
2.5747653957174133,76.83966782304675,142.17071095400314,4,2,56202,53,icmp,http,RSTO,Malicious,PartOfAHorizontalPortScan
1.0360606323638046,1100.995724652725,454.24270271476706,3,7,36099,22,icmp,http,RSTR,Malicious,C&C
4.519832217609261,638.7754379587328,75377.08641434352,17,17,33708,8080,tcp,dhcp,S0,Benign,None
3.7904540972149436,1025.8980848077697,721.2595108949674,2,3,4331,443,tcp,http,S0,Malicious,PartOfAHorizontalPortScan
1.158477938999138,1941.3630301321407,4412.908771727627,12,9,43162,443,udp,-,SF,Benign,None
0.3450988258470299,154.047545743349,0.0,3,0,45143,53,tcp,ssl,S0,Malicious,Mirai
0.012711493915863159,1334.8751054150484,39.398885728097525,27,2,33424,23,icmp,ssh,RSTO,Malicious,DDoS
0.04621806798792707,168.89412605784403,0.0,1,0,11576,8080,udp,ssh,S0,Malicious,Mirai
1.7136882384248133,1323.215628425387,12885.96128239101,1,8,33620,8080,icmp,dhcp,RSTR,Benign,None
4.518703999011087,618.1686234000751,82.19597349965748,4,2,23830,53,udp,-,SF,Malicious,C&C
0.014207570137647821,1056.9843273872764,49.34424438458442,17,3,46141,53,tcp,http,SF,Malicious,DDoS
6.0005009450248314,133.23674577060171,20.135232487937575,3,3,33301,2323,udp,http,SH,Malicious,C&C
1.747121150179624,341.176499631045,824.3293040599226,9,5,56180,2323,tcp,-,SF,Benign,None
2.6490608391843624,230.09550614062772,93.99764266278737,4,2,14138,22,udp,http,S0,Malicious,C&C
5.070332250040921,3426.9673650749346,549.8986668143397,17,7,25086,53,udp,-,RSTR,Benign,None
2.7121062950219352,6401.884217746721,10242.918641386172,11,4,40558,8080,tcp,dns,S0,Benign,None
3.1180649240934137,200.6514139034358,16.892693164939256,2,1,11440,2323,icmp,-,RSTR,Malicious,C&C
0.08717331819551717,154.2970183173564,0.0,2,0,25895,2323,udp,dns,S0,Malicious,Mirai
0.016316277302934473,1302.2037406651518,53.80441711988572,54,1,21066,8080,udp,dns,REJ,Malicious,DDoS
7.014341487770221,77.69226395351062,145.32791034914703,3,1,61087,80,udp,dhcp,REJ,Malicious,C&C
0.04562184488830636,109.67512384994949,0.0,3,0,41980,8080,tcp,-,S0,Malicious,Mirai
0.7793366295180782,217.9606293898991,271.65308884409416,5,1,44600,8080,icmp,dhcp,RSTR,Malicious,PartOfAHorizontalPortScan
1.8778323889899031,406.2612624496937,48.97887350155353,3,3,14018,23,tcp,dhcp,REJ,Malicious,C&C
0.9500805673146839,341.5738282081927,55.422171681466644,3,1,42481,80,tcp,ssh,SH,Malicious,C&C
0.016020122237414024,1247.2232485960121,45.96076858898583,88,0,50628,80,icmp,dhcp,RSTR,Malicious,DDoS
3.1317206757049902,279.1123349182235,10552.962006729047,3,18,63417,443,udp,-,SH,Benign,None
0.040034478338786775,563.0661935925754,1183.792478760909,2,7,57768,8080,icmp,http,SH,Benign,None
3.503349188295072,134.32711297800387,40.47535131295118,2,3,28814,443,icmp,http,RSTO,Malicious,C&C
0.2738052490902744,1288.7843193222882,657.7138101977829,21,2,60415,80,udp,-,S0,Benign,None
0.13069481450390372,148.35233564968846,0.0,4,0,30728,8080,tcp,http,S0,Malicious,Mirai
1.648809943734162,1012.8245916609659,2374.423895545592,6,8,63000,22,udp,-,S0,Benign,None
4.143597270257911,2443.6119353403024,1012.7190632088776,43,28,58020,443,icmp,ssh,SH,Benign,None
0.43870898750622433,607.9784930351839,91.24337608266887,4,30,37935,80,tcp,-,RSTO,Benign,None
1.9268693662612109,1952.974770865259,3263.890431904814,4,17,58710,80,tcp,ssl,REJ,Benign,None
0.015847559876455128,1257.3867240985833,51.1525825520081,68,2,57975,22,tcp,dhcp,RSTR,Malicious,DDoS
0.1845658640934728,1456.8698746741388,29629.297745263866,6,5,15438,53,udp,dhcp,RSTO,Benign,None
0.03892337427667075,136.8358112670657,0.0,4,0,41574,8080,tcp,dns,S0,Malicious,Mirai
1.3414472245462576,307.8911137162587,178.43563907145466,6,24,50872,8080,udp,dns,S0,Benign,None
11.59149611352669,131.55907439603598,218.69474826210197,2,3,2095,23,udp,ssl,SF,Malicious,C&C
12.313568846352494,538.5046823888396,250.19648881178384,6,1,62397,23,udp,http,S0,Malicious,PartOfAHorizontalPortScan
7.959550167206006,59.600914095064326,29.953024532911606,4,3,55442,22,icmp,http,RSTR,Malicious,C&C
3.346462024854495,1181.2562185114493,8295.189301066974,5,3,5128,8080,icmp,http,SH,Benign,None
0.010474532614516112,1192.2778192654241,58.94499812594491,15,0,18431,2323,udp,http,RSTR,Malicious,DDoS
0.019823897887554773,192.91104528411128,102.79745726424365,3,3,53999,8080,icmp,ssh,RSTO,Malicious,C&C
3.6018017614322395,1150.6277188867186,4355.2000864048405,4,22,45556,443,tcp,ssh,SH,Benign,None
0.002563412910126841,127.27643882360945,0.0,4,0,54904,53,icmp,dns,S0,Malicious,Mirai
0.007012428554406524,1253.7932905295556,47.76812419248737,55,4,46834,2323,udp,http,RSTR,Malicious,DDoS
0.011369062278390536,1333.847285660148,63.24709327026287,52,0,41437,2323,icmp,dns,REJ,Malicious,DDoS
1.512864812606759,618.3529456794105,234.44564389191922,5,5,49965,443,icmp,dhcp,SF,Malicious,C&C
0.026125260232665797,1255.6835535647774,63.18317391191665,60,1,62549,80,udp,dns,SH,Malicious,DDoS
3.333503243857132,778.8999979448681,21802.15044475106,22,76,8479,53,tcp,-,S0,Benign,None
0.7952392658070659,679.6274386397897,39667.24116467477,7,15,14471,22,tcp,dhcp,RSTR,Benign,None
10.628480763327575,156.88465036164163,250.33077505235653,6,2,36499,443,tcp,ssl,S0,Malicious,PartOfAHorizontalPortScan
0.019884518550659,1385.5620846532868,58.81135593946225,47,0,11719,443,udp,ssh,REJ,Malicious,DDoS
1.5586704014452863,860.7753192085464,250.53431884453,152,11,19632,22,icmp,ssh,RSTR,Benign,None
0.002461394530815407,1056.0147990064092,49.518861246130015,67,1,57172,8080,udp,http,S0,Malicious,DDoS
0.029861451015779302,150.48493621315117,0.0,3,0,8603,2323,icmp,ssl,S0,Malicious,Mirai
0.030384107483320794,1001.351388045201,45.028263004776726,94,3,14927,80,icmp,http,RSTO,Malicious,DDoS
3.256820536633423,1172.7249877691158,11.539043890312865,4,4,53970,22,udp,-,RSTR,Malicious,C&C
2.809008491152541,74.56775597497037,70.39385532959496,4,4,2743,80,icmp,http,REJ,Malicious,PartOfAHorizontalPortScan
3.744761454027619,57.03149478964146,111.42030815348679,2,2,4044,22,tcp,dhcp,RSTO,Malicious,C&C
0.06044797331455898,146.75055112927754,0.0,3,0,53424,8080,icmp,ssh,S0,Malicious,Mirai
0.46129757444123004,1830.0635821922003,175.0518679858807,3,3,48059,8080,icmp,dns,SF,Malicious,PartOfAHorizontalPortScan
3.6203626233116704,30.242484798243883,96.94021969417086,3,2,18454,22,icmp,dhcp,RSTR,Malicious,C&C
0.3765241346063787,1974.142660469322,7094.619229466153,6,169,30689,2323,tcp,dns,REJ,Benign,None
0.010504301490179833,1309.3865573413536,59.87674180452093,15,2,38564,443,tcp,ssh,RSTR,Malicious,DDoS
0.0035470482383685394,1278.8381695547102,49.83666248965208,79,0,1093,80,icmp,-,RSTR,Malicious,DDoS
9.168745414764535,418.08549970773026,48.668860570729855,3,2,55333,443,udp,-,RSTR,Malicious,C&C
5.2599980723074395,93.33931542567849,518.5197296870645,9,3,24940,443,icmp,http,S0,Malicious,PartOfAHorizontalPortScan
0.009260902589664015,1269.9966494611776,39.54297543905434,81,2,54274,443,icmp,-,S0,Malicious,DDoS
10.506448863914567,223.92720389241214,251.90550581070397,2,6,9145,23,icmp,ssh,S0,Malicious,C&C
2.153788289465329,172.61519978575532,337.62522445430415,4,4,44088,443,tcp,ssl,SH,Malicious,PartOfAHorizontalPortScan
5.894974269434994,241.52440627585796,44.70438610031346,2,1,19280,23,tcp,-,S0,Malicious,C&C
1.8871553316647613,1253.8932269102888,23436.25326909311,5,8,52554,23,udp,-,RSTR,Benign,None
3.2459803035545844,1139.9938337979293,29.702408619905757,7,5,57345,80,icmp,ssh,REJ,Malicious,C&C
0.1586230634125685,936.8377399910073,254.56439685629212,7,4,11939,23,icmp,ssh,SF,Malicious,C&C
1.3197935213521352,1729.8197408617605,1854.9468099245216,13,50,36065,23,icmp,dhcp,SF,Benign,None
0.022775464277405514,1337.0429077560298,52.54029959641759,52,2,36601,8080,tcp,http,SF,Malicious,DDoS
4.177458449414597,90.0551250301527,70.73289782852042,2,2,27905,443,tcp,dhcp,RSTO,Malicious,PartOfAHorizontalPortScan
1.1519284285443634,183.67533097352316,96.91408585069017,5,3,24207,8080,icmp,ssl,S0,Malicious,C&C
2.8799342616028385,160.2785702350015,23.795612597692873,3,5,64420,22,icmp,dns,RSTR,Malicious,PartOfAHorizontalPortScan
0.4837823120771336,607.6326928136152,2022.7468486033451,11,49,14279,23,udp,dhcp,RSTO,Benign,None
7.093816157828243,26.93075649371679,122.64144123280698,4,2,42882,80,tcp,http,SH,Malicious,C&C
1.6931158226103884,1434.7712129432293,22386.22805679825,2,5,4267,80,udp,dns,S0,Benign,None
0.1144878845935919,146.4493387639511,0.0,4,0,31700,8080,icmp,dns,S0,Malicious,Mirai
1.912037070491312,117.70445065725443,58.69071013898894,4,1,44266,80,udp,dhcp,S0,Malicious,PartOfAHorizontalPortScan
4.888251801145476,290.1643234956163,31878.097480322118,9,8,61732,80,udp,dhcp,S0,Benign,None
3.043933577929835,1368.299987720925,4483.307181317652,4,5,47562,80,udp,ssh,S0,Benign,None
3.160414359377882,2739.8895487105374,10513.589265925095,45,58,26246,8080,tcp,dns,SF,Benign,None
0.0007544906646420956,1320.1160509852473,42.39240879721162,12,3,5166,80,tcp,-,RSTO,Malicious,DDoS
0.02509314476946229,58.842276070746784,412.4541277473748,3,3,43403,8080,icmp,dns,RSTO,Malicious,C&C
0.006995730283019013,1258.0812020171497,28.394687125008065,70,0,20294,80,icmp,dhcp,S0,Malicious,DDoS
0.15379180506011292,70.45496926104347,307.46315031944505,5,2,27340,22,tcp,-,RSTR,Malicious,C&C
3.320917222401997,553.7683034924788,1094.9977038512313,3,7,53633,2323,tcp,ssh,RSTR,Benign,None
17.46131860240331,231.8770503912847,74.80145503643689,4,6,20821,443,tcp,ssh,SH,Malicious,C&C
0.31344707692891755,1495.1062840603918,6848.075729729945,10,10,21355,53,icmp,dhcp,SH,Benign,None
1.6536633417903572,165.97367321966158,232.18638426013925,3,1,24630,53,icmp,http,SH,Malicious,C&C
0.007666145648849394,1196.5008125761015,59.013875277271495,78,1,61812,2323,icmp,-,RSTO,Malicious,DDoS
2.030053139394229,1352.979273013283,1738.5014631020042,21,45,54660,2323,tcp,http,SH,Benign,None
0.21326239967576616,146.9584549207604,0.0,3,0,60417,23,udp,dhcp,S0,Malicious,Mirai
0.010618624745691614,1210.3230431470874,69.81016377678996,80,2,14949,22,udp,ssl,SF,Malicious,DDoS
1.2037749473862105,1094.421238118623,458.7252707035123,6,3,30287,8080,tcp,dhcp,SH,Benign,None
5.706106367225438,1402.3433461649113,2334.429882261338,11,4,36641,8080,tcp,dns,REJ,Benign,None
0.2077312800351689,134.2507165557139,0.0,2,0,18412,23,udp,dns,S0,Malicious,Mirai
0.002057453839996355,155.58178554910393,0.0,3,0,56545,22,tcp,http,S0,Malicious,Mirai
0.1389183893107712,132.1559908389274,0.0,2,0,7751,22,icmp,dhcp,S0,Malicious,Mirai
1.2006567624092799,966.2761424791994,4093.478015193725,8,12,5008,53,udp,http,S0,Benign,None
0.0032308986145457054,1215.0018168681645,56.08350426962797,59,2,30433,443,udp,dns,SH,Malicious,DDoS
1.9870443550659702,238.0317326811925,101.99027887742136,6,1,61107,80,tcp,ssl,SF,Malicious,PartOfAHorizontalPortScan
2.036047519036698,6004.237950117108,5023.269493999333,2,24,48001,8080,udp,dhcp,RSTR,Benign,None
0.6897468184363489,945.861021736454,400.2042311736802,2,2,34083,2323,icmp,ssh,REJ,Malicious,C&C
0.013108101016489997,1295.9960898564445,47.967741248343515,10,2,56065,443,tcp,ssl,RSTR,Malicious,DDoS
6.831010527954065,17.053232062435843,238.18121114402825,1,4,36711,22,udp,ssl,REJ,Malicious,PartOfAHorizontalPortScan
0.042817440099020276,159.77765415367995,0.0,2,0,35475,80,icmp,dns,S0,Malicious,Mirai
0.012347025203751921,1209.3331649735267,23.297759488785807,84,4,8553,22,udp,-,RSTR,Malicious,DDoS
1.249075514909497,1352.4102417165482,2673.296814131507,5,21,41396,443,udp,ssl,SF,Benign,None
5.3713783838348075,971.1187083091787,1822.4506962831665,11,8,8127,8080,tcp,dhcp,RSTO,Benign,None
0.004277406573302633,1233.7915434080044,73.72756164536882,15,3,5117,8080,udp,dhcp,SH,Malicious,DDoS
0.007534766127599207,1102.9190703151894,47.38627402073912,51,2,4777,53,udp,ssh,SH,Malicious,DDoS
0.13495502094945047,142.15322098215142,0.0,3,0,22812,443,udp,http,S0,Malicious,Mirai
1.653218636521296,335.8506526240871,119.61249602478132,2,1,31289,2323,udp,http,RSTO,Malicious,PartOfAHorizontalPortScan
0.041827875587125765,161.38226912616085,0.0,1,0,13377,80,icmp,dhcp,S0,Malicious,Mirai
4.82355394866411,567.0867312385778,9574.849987526612,31,40,55106,23,icmp,ssl,SF,Benign,None
0.137553736041233,98.41927018349818,354.2730913108102,2,2,35763,2323,icmp,http,RSTO,Malicious,C&C
2.8502394123405357,111.34799756394885,518.1704613711985,2,0,1512,22,tcp,-,RSTR,Malicious,C&C
5.146256818386005,181.64488055067437,495.8785572632493,4,4,42753,53,icmp,ssh,SH,Malicious,PartOfAHorizontalPortScan
1.3189886826301342,623.7368445271038,5617.82528825147,9,16,41027,53,icmp,dns,SH,Benign,None
0.00013631843114483077,1185.4180570949138,50.072322186434015,35,2,2412,8080,icmp,dhcp,REJ,Malicious,DDoS
1.822872342817039,133.11884431432802,737.4878196368846,3,5,45844,2323,tcp,http,RSTO,Malicious,C&C
0.34205499195445477,98.82321081131033,329.7793949457844,4,3,56430,443,udp,dhcp,SF,Malicious,C&C
5.840436963672976,206.25606566437304,66.40299334445237,9,1,13940,23,icmp,dhcp,SF,Malicious,PartOfAHorizontalPortScan
0.007008246310121657,1123.2104371458847,50.39127227076913,22,3,1930,443,tcp,-,SH,Malicious,DDoS
0.014316097447478285,1141.6608476541307,56.46120294803775,19,4,40648,2323,tcp,dns,RSTR,Malicious,DDoS
1.0966692979967652,1961.6599637171566,4567.778702181596,5,8,12103,23,tcp,http,SF,Benign,None
0.0027013878364273002,1239.2575676888393,34.76744068494829,11,2,65138,53,udp,http,RSTR,Malicious,DDoS
6.578020596482861,315.5060790589861,779.2009566007393,7,3,7495,2323,udp,dns,RSTR,Malicious,C&C
3.668723052460316,59.75049010246951,177.70405165420902,5,3,45451,23,icmp,dns,RSTO,Malicious,C&C
0.8917644827820034,551.3009176039553,540.2476741608585,13,25,64698,22,udp,http,RSTO,Benign,None
19.55691379948916,109.68576707913617,214.06173090573648,6,1,6233,8080,icmp,dns,RSTO,Malicious,C&C
0.006307673830177171,1193.696616376067,45.77427103712888,33,1,22503,22,udp,dhcp,RSTO,Malicious,DDoS
4.9524668658967625,14.880883127319303,102.93858654616801,4,3,4369,8080,tcp,dns,S0,Malicious,PartOfAHorizontalPortScan
0.20313930188872506,159.6442374205352,0.0,2,0,48289,22,tcp,dhcp,S0,Malicious,Mirai
9.544232744105003,447.23055405704065,965.7494477826172,3,4,40074,22,tcp,dns,RSTO,Malicious,PartOfAHorizontalPortScan
6.023641645003945,734.3704954405958,2466.8200766936543,26,18,51390,2323,udp,-,RSTO,Benign,None
0.011396978255373594,1174.762270873335,60.12068703888056,53,0,25860,53,udp,ssl,RSTO,Malicious,DDoS
0.5658962300941003,406.5106724082456,7419.516104622998,4,18,46173,22,tcp,ssl,RSTR,Benign,None
0.21617070002732808,151.86096910529082,0.0,3,0,18686,2323,udp,dns,S0,Malicious,Mirai
0.1209961513569938,932.0703646688579,1566.8628838147988,9,3,24398,2323,udp,ssl,SH,Benign,None
0.30181761952897546,149.26671049492415,0.0,3,0,39439,53,tcp,dhcp,S0,Malicious,Mirai
0.20336630426589286,14.755727748020723,243.10612328069314,1,7,47134,80,tcp,dhcp,SH,Malicious,C&C
0.1745530711268588,135.11108704003993,0.0,1,0,5195,53,icmp,dhcp,S0,Malicious,Mirai
0.0541191807207112,159.928941932944,0.0,1,0,60684,80,tcp,ssh,S0,Malicious,Mirai
0.25420458314809774,941.470219814847,404.72102412023503,37,13,43591,53,tcp,http,S0,Benign,None
0.03026311800862493,1120.426705065398,42.03940363709681,98,0,26332,2323,udp,dns,RSTO,Malicious,DDoS
0.06758394206131065,134.924007258531,0.0,4,0,48903,443,udp,dns,S0,Malicious,Mirai
0.0003203034544643195,1367.3616756001456,47.68767842138914,13,0,20035,22,icmp,http,RSTO,Malicious,DDoS
0.08422100850802391,174.35720304991744,0.0,3,0,44602,22,udp,ssh,S0,Malicious,Mirai
0.10372003766401981,154.20797604191446,0.0,4,0,59205,2323,icmp,ssl,S0,Malicious,Mirai
0.8332958472421994,754.5239984342419,227.32761111222737,9,3,12481,80,udp,ssh,SF,Malicious,C&C
5.55147788727559,7873.638755052344,1484.9772578875532,4,6,57381,80,icmp,http,S0,Benign,None
0.5044586774315112,39.79475739612292,74.83578979955118,3,1,4331,443,icmp,dhcp,RSTO,Malicious,C&C
0.6070236198697636,2530.666077912832,1207.2442423989285,11,26,20637,22,icmp,ssl,S0,Benign,None
1.9416422564328981,451.0809003452843,49.97267983612025,2,6,36019,2323,icmp,dhcp,SH,Malicious,C&C
0.013479292496373843,183.9853316771638,0.0,2,0,15003,2323,tcp,http,S0,Malicious,Mirai
0.01657542880300478,1202.9060402297941,53.54894531649398,78,3,30613,8080,udp,dhcp,REJ,Malicious,DDoS
0.0016136633336943603,1161.5784273524753,39.33140564340493,46,0,16636,53,udp,http,REJ,Malicious,DDoS
6.365832910021162,791.7435478165886,150.33740381772006,2,4,30764,53,tcp,-,SH,Malicious,PartOfAHorizontalPortScan
0.004037663591992266,1149.3394209374337,60.014839721066814,42,3,61536,80,udp,http,SH,Malicious,DDoS
0.13502133482824571,137.6614507516085,0.0,3,0,16053,443,tcp,-,S0,Malicious,Mirai
3.6194297097650208,1132.021774807067,1690.7871920016598,15,66,35679,80,icmp,-,S0,Benign,None
5.744481886190091,3340.5936460625753,63240.47034202601,17,25,49901,80,tcp,dhcp,RSTR,Benign,None
4.928089960145597,851.1058438671424,263.22996746450673,4,2,13534,2323,icmp,ssl,SF,Malicious,PartOfAHorizontalPortScan
0.14287887428879734,56.41611393360417,64.95947726157446,2,1,56932,23,tcp,-,REJ,Malicious,PartOfAHorizontalPortScan
0.014781042391751832,1266.1523627145582,61.69625087904733,46,2,37370,80,udp,http,REJ,Malicious,DDoS
0.11179879003708315,166.65166209278428,0.0,1,0,43410,53,tcp,dhcp,S0,Malicious,Mirai
0.024907965948348088,184.6137451187128,0.0,2,0,40682,23,icmp,dhcp,S0,Malicious,Mirai
4.050567783525294,136.17012795943842,36.413157745835456,4,2,42869,8080,udp,dhcp,RSTR,Malicious,PartOfAHorizontalPortScan
0.9575117727462987,465.2793083900594,3273.264049791455,3,87,50991,2323,tcp,ssl,REJ,Benign,None
19.99901888511223,314.58592393199956,120.84481957651738,4,0,11892,80,icmp,http,S0,Malicious,PartOfAHorizontalPortScan
4.533595686421449,578.3626773099942,699.878875826855,5,21,48364,22,icmp,http,REJ,Benign,None
8.320605633814086,87.76412324267824,103.10545837895873,3,1,3527,2323,icmp,http,SH,Malicious,PartOfAHorizontalPortScan
0.8183716524799842,175.8496974679458,137.09229488434252,2,1,8371,8080,icmp,ssh,RSTO,Malicious,C&C
1.553112391547974,469.8698111146848,177.93133846074682,3,2,21674,23,udp,http,SH,Malicious,C&C
0.004716226197159712,1230.4908291011964,56.92345545878856,90,4,37535,443,tcp,ssl,SF,Malicious,DDoS
0.6158347255693232,315.3775508574797,237.2529693953326,4,3,12742,23,icmp,http,SH,Malicious,PartOfAHorizontalPortScan
7.005549932034776,144.75481999484177,123.041723320756,3,2,5316,8080,icmp,ssh,S0,Malicious,PartOfAHorizontalPortScan
0.12809316066937157,146.30641982879612,0.0,1,0,46190,80,udp,dhcp,S0,Malicious,Mirai
9.384144811112964,60.913384050155365,175.11312924092863,2,0,9619,22,icmp,ssh,SH,Malicious,C&C
10.402266410728148,90.9752697039933,253.09308500624246,1,1,58549,80,icmp,dns,REJ,Malicious,PartOfAHorizontalPortScan
0.02081062236142557,141.0956839750215,0.0,3,0,4322,23,udp,dns,S0,Malicious,Mirai
14.421623806717253,62.98256769552206,69.15475471177659,3,3,44211,22,icmp,dhcp,RSTR,Malicious,PartOfAHorizontalPortScan
4.8950056077652,164.31504776937976,126.26772695970915,5,3,65391,8080,tcp,-,SH,Malicious,C&C
6.841965681706155,27.16400848286316,513.8248072080786,4,3,62397,53,udp,dns,S0,Malicious,PartOfAHorizontalPortScan
0.055080989773901856,140.73740271902994,0.0,3,0,51302,8080,icmp,-,S0,Malicious,Mirai
5.850675870194628,145.4632971474576,173.24199948290206,5,3,25235,23,udp,-,RSTR,Malicious,C&C
3.30270701164652,338.70990130982597,270.2241398111412,3,1,46232,8080,icmp,dhcp,SH,Malicious,PartOfAHorizontalPortScan
0.004397252779598793,1121.2898795818226,53.19750207011723,50,3,45263,443,icmp,ssl,SF,Malicious,DDoS
0.645935431810256,2447.9961706488893,6022.353239385013,5,15,48718,443,udp,ssl,S0,Benign,None
0.02817075668947993,1200.663213312973,50.35966783834563,82,1,9886,23,icmp,http,S0,Malicious,DDoS
4.215417677798437e-05,1236.391694462482,58.1267087411878,98,0,30109,80,icmp,ssl,SF,Malicious,DDoS
2.6856173665612157,1853.1491935561855,515.6070874354485,7,1,15311,23,icmp,-,SH,Malicious,PartOfAHorizontalPortScan
0.24061605989389115,597.7680814305919,675.588055996024,16,32,44726,23,tcp,http,REJ,Benign,None
3.643449541008921,320.81747866551376,130.8250968873823,5,6,21991,2323,icmp,dns,SF,Malicious,C&C
2.5211362890726785,567.4831987758095,5702.26482605602,12,2,35908,22,tcp,dns,RSTR,Benign,None
0.24904601598385012,145.2617479711183,0.0,2,0,34089,53,icmp,-,S0,Malicious,Mirai
0.46096635566985744,352.9122601634918,709.7108201955316,3,2,57161,22,tcp,ssh,SH,Malicious,PartOfAHorizontalPortScan
2.6921147734319106,24.596352622513724,46.21813658955633,3,4,6444,80,udp,-,SH,Malicious,C&C
0.5357890782317581,1423.5764000791105,3198.0621722336464,2,5,54372,443,tcp,dns,S0,Benign,None
0.027547441170062647,1056.2019281840492,39.18729296129178,56,4,48226,80,icmp,-,RSTR,Malicious,DDoS
6.683975473077296,403.09778202519,417.29770754547917,4,2,13052,443,tcp,dhcp,SF,Malicious,PartOfAHorizontalPortScan
1.80655099798688,8375.513354386076,109643.72267567985,2,21,25346,80,tcp,dns,S0,Benign,None
0.03231052344041218,173.09450615239373,0.0,3,0,11095,2323,tcp,dhcp,S0,Malicious,Mirai
13.938954652384197,120.1095545557633,97.07270490233378,4,1,31839,53,icmp,dhcp,REJ,Malicious,PartOfAHorizontalPortScan
4.1823620528362255,124.4653342611792,559.1169863034103,2,4,25637,23,udp,ssh,SF,Malicious,C&C
3.357915482761972,1524.5040054882886,9069.50730251229,45,4,39078,22,udp,ssh,RSTR,Benign,None
0.23903566139274043,161.33775747075364,0.0,1,0,17079,80,udp,dhcp,S0,Malicious,Mirai
3.273255492811292,2165.1613086792813,1670.4926573401415,8,44,36911,443,tcp,ssh,RSTO,Benign,None
0.012830295477385787,1243.9758029517952,48.91713761670744,65,4,51718,22,udp,http,RSTR,Malicious,DDoS
0.05335044512113346,152.50813565882544,0.0,1,0,6210,443,udp,dhcp,S0,Malicious,Mirai
0.9923905777359755,3034.546553223948,3942.09715311244,4,3,46606,22,icmp,-,SF,Benign,None
0.23149052237682766,171.52732832338958,107498.71941897036,6,10,52150,8080,icmp,http,S0,Benign,None
3.038223769645234,359.4016725777278,1308.7601209862537,3,88,35184,53,icmp,dns,REJ,Benign,None
8.680629248306431,73.6670138903429,35.62921350798987,3,5,57582,80,icmp,http,REJ,Malicious,PartOfAHorizontalPortScan
0.0004462216767065967,1149.3465507161638,45.39790259552092,37,3,50726,80,udp,-,SF,Malicious,DDoS
0.01094168822705389,1213.5253333194578,42.57941370460403,70,2,32485,23,tcp,dhcp,S0,Malicious,DDoS
1.7080408267089489,135.66296775534076,40.1671954689399,2,4,7572,8080,icmp,dns,SF,Malicious,C&C
0.01149098500725791,110.50721839360267,0.0,4,0,31125,443,tcp,dns,S0,Malicious,Mirai
0.21354830435971614,307.56346578500535,108.03115839201396,4,2,58709,8080,udp,ssh,REJ,Malicious,C&C
0.35317185773657456,434.39300008458906,38.08469039990976,8,1,25065,443,icmp,ssl,RSTR,Malicious,PartOfAHorizontalPortScan
0.006031204557296689,1352.729086357624,57.71028555842123,22,4,56758,8080,udp,dns,RSTO,Malicious,DDoS
0.08323366143345821,142.9338550582776,0.0,3,0,45356,53,udp,ssh,S0,Malicious,Mirai
3.4069468856125407,123.67872723986922,1511.27460160999,6,3,45127,2323,tcp,http,REJ,Benign,None
0.002291170907774706,107.42061581031467,0.0,4,0,52097,80,icmp,http,S0,Malicious,Mirai
10.695162763173583,173.85804395180705,21.97653818593489,5,0,4892,443,udp,ssl,RSTR,Malicious,C&C
0.04799330368963289,154.925584687774,0.0,4,0,32607,22,tcp,-,S0,Malicious,Mirai
4.575674638369967,126.4704991298632,684.3031334952483,3,3,25598,443,udp,ssh,SH,Malicious,C&C
0.3753146209463274,6085.366805473036,10971.26820364613,7,18,26254,443,icmp,ssh,RSTR,Benign,None
0.12025545961851945,1381.6962803413048,1008.7952192225815,4,82,6019,443,icmp,ssh,REJ,Benign,None
0.015636315295242408,1057.503812095599,56.680662385730336,15,1,14709,80,tcp,ssh,RSTR,Malicious,DDoS
0.08101334186773929,204.36633606814596,0.0,4,0,3194,8080,udp,dns,S0,Malicious,Mirai
0.05885746402676337,147.27243840539333,0.0,4,0,39697,443,udp,-,S0,Malicious,Mirai
1.717946368109588,389.6875234692983,13513.01794240346,8,7,25621,8080,tcp,-,RSTR,Benign,None
8.18722881477976,82.32329665671864,110.61480838648316,8,1,47004,22,tcp,http,RSTO,Malicious,C&C
0.8027461282000301,58.23313983712173,356.0951118072835,5,4,33529,2323,tcp,ssh,SH,Malicious,PartOfAHorizontalPortScan
0.001020696081960899,150.33795384148135,0.0,3,0,32909,22,icmp,http,S0,Malicious,Mirai
0.16888880896839253,762.7916918769974,6524.718807188767,9,10,56350,2323,icmp,ssh,SF,Benign,None
0.07502537507106938,139.3692789025111,0.0,3,0,39946,80,tcp,dns,S0,Malicious,Mirai
7.628801856201859,65.42525819831877,51.69505784843768,5,2,44987,53,udp,http,RSTR,Malicious,C&C
0.012171014911167753,1226.7802236358016,54.847531459539,38,0,18958,443,tcp,ssh,SH,Malicious,DDoS
0.007934459838477754,1102.0437336993373,56.33398044277549,51,3,32584,53,tcp,http,REJ,Malicious,DDoS
0.04326311678034388,152.2886193228356,0.0,4,0,38905,22,udp,-,S0,Malicious,Mirai
0.0905788560742885,156.39687724770226,0.0,1,0,48765,2323,tcp,ssl,S0,Malicious,Mirai
2.4559398054003148,1115.1135036750848,5078.407625331498,13,9,33910,8080,udp,dns,RSTR,Benign,None
0.6079904354284625,60.91121930148417,325.07407452216825,2,1,10419,22,icmp,-,SH,Malicious,PartOfAHorizontalPortScan
0.0008567508595504575,1105.12556901093,41.668242331024786,42,2,35249,53,tcp,dns,REJ,Malicious,DDoS
0.09821494249268967,174.07384039468647,0.0,1,0,53255,23,udp,dns,S0,Malicious,Mirai
0.8781504379296898,943.5384084805289,4591.7630876377625,2,25,31891,22,udp,dhcp,REJ,Benign,None
0.37893516824064805,688.244532918154,1933.8955377229067,19,7,35715,443,tcp,http,SH,Benign,None
0.0005105518522243281,1322.7150884213274,54.986858591747804,91,1,64493,8080,icmp,ssl,SH,Malicious,DDoS
0.01083191254302946,102.02004253599297,0.0,3,0,64788,443,udp,http,S0,Malicious,Mirai
2.3426930640989623,1021.569003712944,50.21212629123083,3,12,64903,2323,udp,ssl,RSTO,Benign,None
14.429214786501793,137.06244534199442,73.89329069952676,2,4,46027,53,icmp,ssl,REJ,Malicious,C&C
7.511954063193187,46.86030158901026,120.14439138929096,3,1,34785,22,tcp,http,RSTR,Malicious,C&C
9.28995690077927,150.7693727883744,44.672182398303455,4,2,1180,80,udp,dns,RSTO,Malicious,C&C
0.008032221696773837,1257.846017432349,29.40532612993524,31,1,15783,23,udp,dhcp,SF,Malicious,DDoS
0.059475938883965795,104.33545912420539,0.0,4,0,43469,53,tcp,http,S0,Malicious,Mirai
4.066907619564826,46.84585372350407,30.215734680205475,6,1,9328,80,tcp,dhcp,RSTR,Malicious,C&C
0.05412044774776936,177.84175538196368,0.0,3,0,52820,23,icmp,dns,S0,Malicious,Mirai
0.012085952482024606,1169.9037769670003,44.82601859613968,52,3,41092,22,tcp,http,S0,Malicious,DDoS
2.7129159586922436,126.79472216664342,107.65425552894177,2,3,33273,22,tcp,http,REJ,Malicious,PartOfAHorizontalPortScan
2.954126461399956,1017.1175645659118,13332.396044439554,5,12,52890,2323,tcp,-,SF,Benign,None
2.6357657437309414,1299.7981758305943,6193.836662397352,8,9,5597,53,udp,ssh,RSTR,Benign,None
2.698017561143241e-05,149.51604595935186,0.0,4,0,55357,2323,udp,-,S0,Malicious,Mirai
6.375029529486204,534.0099244160504,402.43225337366385,3,2,8700,53,udp,dns,RSTR,Malicious,C&C
2.4648924451084016,1459.3926997151261,7994.460615503798,2,9,35381,22,icmp,dns,RSTO,Benign,None
0.024491535844060188,1357.4308687706105,42.17887244935716,66,2,16701,443,icmp,ssl,SF,Malicious,DDoS
0.8898405323265117,7561.8384011417,7652.057540698755,4,6,56679,53,tcp,-,SF,Benign,None
0.003856162865059058,1143.7121683528303,62.95553866030343,31,3,16669,23,icmp,dns,RSTR,Malicious,DDoS
0.3412040069914534,1518.1356772665065,1654.3685203014902,25,13,37367,22,icmp,http,SF,Benign,None
0.5631628230226824,204.61912341281376,390.9941236889389,2,1,16472,53,icmp,dns,REJ,Malicious,C&C
0.6318326800393268,87.38267557123535,30.642286222391135,3,2,34007,23,tcp,dns,SH,Malicious,C&C
3.5037065232464952,1654.269314100928,2613.97189616564,3,50,3101,8080,icmp,ssh,REJ,Benign,None
0.0029161425814776877,160.25105973396552,0.0,3,0,34470,2323,tcp,http,S0,Malicious,Mirai
1.6564619474380269,286.8285413117344,3170.9640307299296,6,7,42015,443,tcp,dns,RSTO,Benign,None
4.519105807311488,152.6736076028344,145.763801372528,3,3,41608,23,udp,dns,SF,Malicious,PartOfAHorizontalPortScan
1.0522729882662794,1963.6690785211993,800.6153392218781,5,30,4202,2323,icmp,http,S0,Benign,None
0.922235223108909,410.53969383371606,614.7695768175791,2,1,37818,22,udp,-,REJ,Malicious,C&C
0.00014938501456796753,1310.725854993124,40.100222938257986,89,2,60964,2323,udp,dhcp,REJ,Malicious,DDoS
2.4965635663331596,220.4105401315178,4988.596853766538,9,28,51891,53,udp,-,S0,Benign,None
0.0093439353151038,1282.9875852000146,30.534246942056846,61,0,64595,23,icmp,-,RSTO,Malicious,DDoS
0.021864663592997043,1068.141701543469,52.57052765897236,32,1,58697,2323,udp,-,S0,Malicious,DDoS
1.9731238576785874,283.3097252001569,358.88114931413025,5,0,41726,23,icmp,ssh,S0,Malicious,C&C
0.47215046432788355,1704.1863468318943,8686.272423981634,16,22,50751,23,udp,dns,SF,Benign,None
1.4735489551736551,1456.255484477243,1225.2944528553178,5,17,28145,22,icmp,-,SF,Benign,None
0.028182541558929592,163.13560845125744,0.0,3,0,42715,80,udp,dns,S0,Malicious,Mirai
2.8584355753831976,660.8495954895532,349.43437824276936,3,9,35536,8080,icmp,ssl,RSTR,Malicious,C&C
0.9662418547800047,493.2732476586574,9036.53175932472,3,42,28556,22,icmp,dhcp,SF,Benign,None
0.37322871667825513,468.74385706569007,2075.4970007053735,12,14,32281,8080,udp,dhcp,REJ,Benign,None
0.8278687172605506,224.98531296398795,9575.282657033873,21,7,56191,443,icmp,ssl,SF,Benign,None
2.630775161782797,21.352323009292583,37.46391243010808,4,2,37201,8080,udp,ssl,SF,Malicious,PartOfAHorizontalPortScan
1.2982000285294035,1188.1726673993164,1595.2353186377788,17,2,10038,53,tcp,dns,SH,Benign,None
2.6893079671603544,104.10731039849007,170.19793963936283,2,10,38971,443,tcp,http,SH,Malicious,C&C
0.27540532447915594,273.66676214769814,132.6169691631539,4,3,23891,80,icmp,dns,S0,Malicious,C&C
0.5577918354554315,2386.7203676782497,7406.099156705487,27,22,35287,53,tcp,ssl,S0,Benign,None
3.005470713451613,4385.094574857592,529.3360974058154,28,16,64469,8080,udp,-,RSTR,Benign,None
0.548143565736204,25594.52190174428,1077.6664745491394,12,37,54453,2323,tcp,ssl,RSTO,Benign,None
0.05489830020730192,129.5081058306533,0.0,2,0,28182,22,udp,dhcp,S0,Malicious,Mirai
0.08720989446963656,142.22823622407498,0.0,1,0,56175,80,udp,http,S0,Malicious,Mirai
1.3688952071376765,136.75049737352612,93.39301177269441,3,3,33598,2323,udp,dns,RSTO,Malicious,PartOfAHorizontalPortScan
3.3436934878416817,242.1182419331841,77.10035308484676,6,4,55003,22,tcp,http,REJ,Malicious,C&C
9.613319523820088,648.9528445311705,78.69306967833987,3,3,24785,23,tcp,ssl,RSTR,Malicious,PartOfAHorizontalPortScan
0.04247680546126574,1127.5667387421793,77.64903143154464,93,0,25654,80,icmp,-,REJ,Malicious,DDoS
2.665921957753989,831.6479933063367,5971.871337540079,4,4,65435,53,icmp,dhcp,SF,Benign,None
1.7496463757456986,820.8327640222127,7384.0764875367595,4,8,27273,23,udp,ssl,REJ,Benign,None
0.021309876925045858,1054.3877965632623,37.089428828753,99,1,22976,443,icmp,ssl,RSTO,Malicious,DDoS
1.0188305595713836,11083.74169537708,1987.9415819408855,21,5,40989,8080,udp,dns,RSTR,Benign,None
0.8839738403007635,347.1953224284582,753.3435034037702,22,6,58443,2323,icmp,dhcp,RSTO,Benign,None
0.005211932681122293,1224.2181859716814,55.50075690096716,21,1,57158,53,tcp,dns,S0,Malicious,DDoS
0.07985258351577351,180.960389638562,0.0,1,0,22594,53,icmp,dhcp,S0,Malicious,Mirai
3.4879742834925915,1113.9302501099962,699.3158088467602,3,34,50891,2323,udp,dhcp,REJ,Benign,None
15.137604168221902,288.1502117991517,765.9887639763496,4,1,25074,23,icmp,dns,SH,Malicious,PartOfAHorizontalPortScan
0.13713174568395567,146.3436198588886,0.0,3,0,56024,2323,icmp,http,S0,Malicious,Mirai
6.061840847506427,197.91340634295057,395.2389428208708,2,4,24023,443,icmp,dns,SH,Malicious,C&C
37.57435413975549,457.63625440809875,56.421215892688984,4,1,19093,2323,udp,ssl,RSTR,Malicious,PartOfAHorizontalPortScan
0.062389311873497305,132.67524741549775,0.0,2,0,40151,23,tcp,dns,S0,Malicious,Mirai
4.533708729177564,365.4821859418459,210.28188859300013,2,4,25008,443,udp,dhcp,RSTO,Malicious,C&C
0.1634703984974381,470.8402167279865,353.7262091809143,2,3,11785,53,icmp,dhcp,SF,Malicious,PartOfAHorizontalPortScan
0.030419474175025715,175.1783564335124,0.0,2,0,5157,22,udp,-,S0,Malicious,Mirai
2.9050299981304253,261.78804367923186,18.211959909397855,5,1,17046,443,icmp,dhcp,SH,Malicious,PartOfAHorizontalPortScan
5.49027192712821,65.62359518303394,129.8052309149438,3,4,19518,8080,udp,ssh,RSTO,Malicious,C&C
5.013718718133504,66.00844665889841,67.85849476015974,9,4,63915,53,tcp,ssl,SH,Malicious,PartOfAHorizontalPortScan
4.830871047793189,62.99958586419,131.81022582517087,6,2,20686,22,tcp,ssh,REJ,Malicious,PartOfAHorizontalPortScan
0.1722436990024826,112.58943256190933,0.0,4,0,12224,23,tcp,http,S0,Malicious,Mirai
11.542350060992003,220.82130759721554,28.875041059199653,5,5,32200,53,icmp,http,RSTO,Malicious,PartOfAHorizontalPortScan
2.427332949172535,305.87199282340595,8648.24691118053,16,3,5701,8080,tcp,dns,RSTR,Benign,None
0.08537764738711867,151.2170238123909,0.0,4,0,52698,80,tcp,dhcp,S0,Malicious,Mirai
0.02062410805539434,1207.8409480886787,42.36555071094296,86,1,5089,53,icmp,dns,SF,Malicious,DDoS
29.143714585206915,602.2703163686563,213.9770807748573,2,6,47866,80,udp,-,RSTO,Malicious,C&C
9.062112227792428,435.1071251416451,37.78215025305782,4,4,21567,23,udp,ssl,RSTO,Malicious,C&C
0.00558799805568268,1304.220208931407,377.06717733552665,14,16,30254,2323,tcp,dns,SH,Benign,None
2.4202339125612844,247.85675694172946,24534.701005214934,17,9,12343,23,icmp,ssh,SF,Benign,None
1.2186389550124985,41.792062251134205,40.02370213983537,7,2,6251,23,udp,http,RSTO,Malicious,C&C
6.10280921188717,58.9370876831809,88.00764522541616,2,3,1428,23,tcp,ssl,RSTR,Malicious,PartOfAHorizontalPortScan
2.5272086711590225,750.4346621508597,17825.863470566583,5,38,62038,443,tcp,ssh,S0,Benign,None
0.0006103499716076281,1224.8505097964437,65.49683749728156,93,0,30736,23,icmp,dhcp,S0,Malicious,DDoS
0.003763808299235568,1327.6315028176075,44.851010071200434,63,3,17940,22,tcp,http,SF,Malicious,DDoS
3.440519739488185,312.7502338631949,301.58521317840194,3,4,5233,443,icmp,-,RSTR,Benign,None
10.932146014251964,905.8323230708439,54.854356027633116,2,4,54525,22,udp,ssh,REJ,Malicious,C&C
0.8558685918092861,543.457692090857,12441.095423663388,1,20,55851,443,tcp,ssh,SH,Benign,None
2.8359717744575828,1237.48161645958,467.15414676872706,5,17,30509,80,icmp,dhcp,SH,Benign,None
2.1705618369495054,2711.8386801731885,117.02268180414,6,76,32869,22,icmp,ssl,RSTR,Benign,None
0.03391609819009686,153.41839580066966,0.0,3,0,64451,53,icmp,http,S0,Malicious,Mirai
0.6992129542465148,2193.34389447,2781.7767346831565,15,49,44490,23,tcp,ssl,RSTR,Benign,None
0.013847949657001495,1149.373223932714,59.7370749435613,19,3,17684,443,icmp,http,SF,Malicious,DDoS
0.3738792995735872,2110.508491409602,1743.1122506746774,17,30,45775,80,udp,ssh,S0,Benign,None
4.906867738340934,1646.938174380309,20181.054928629623,6,8,48084,23,tcp,-,RSTO,Benign,None
0.8210106552078348,609.6295806535351,5158.945567974719,8,6,63688,8080,icmp,ssh,RSTO,Benign,None
1.5740826918453694,2425.734355815535,12677.734364416181,14,2,59981,2323,udp,-,REJ,Benign,None
0.9832158951826788,512.2776380996522,30.578068371153964,2,2,22956,23,tcp,ssl,SF,Malicious,C&C
1.1618349964010086,438.89032381002835,300.5894499821149,7,3,53873,443,udp,ssl,RSTR,Malicious,C&C
0.044301819689024,184.85228352371126,0.0,4,0,7607,22,icmp,-,S0,Malicious,Mirai
0.2522321385215706,166.09041016146088,0.0,1,0,40681,2323,tcp,-,S0,Malicious,Mirai
5.114417987569173,90.86400577295906,67.45056745571466,3,1,10984,8080,udp,ssh,SH,Malicious,PartOfAHorizontalPortScan
3.6585859404074927,458.36012424701113,471.54205177443646,6,1,17610,2323,icmp,-,RSTO,Benign,None
0.008815330641152006,1256.2063694734081,41.25273832012123,88,3,1685,443,tcp,ssl,RSTO,Malicious,DDoS
0.6202545779893198,41.568485876798725,280.1161386035172,6,2,5394,8080,tcp,ssl,SH,Malicious,PartOfAHorizontalPortScan
0.6701847878140832,1529.4621487071715,15299.296566006973,17,32,33652,53,tcp,http,RSTO,Benign,None
6.157152537169228,104.37381377805487,294.3247229899052,2,2,28586,8080,tcp,ssl,S0,Malicious,PartOfAHorizontalPortScan
0.006307048138012384,1086.9148740065348,41.11750880688708,66,0,14511,8080,tcp,dns,S0,Malicious,DDoS
0.261878552453957,211.73422501711534,1742.016759959669,2,7,32237,53,tcp,-,RSTR,Benign,None
2.918801088335763,516.7329573245054,958.9195694718849,14,146,42698,8080,udp,ssl,S0,Benign,None
0.4622655617141199,574.2084071153686,35.74632248470724,4,2,49855,2323,tcp,dhcp,RSTO,Malicious,PartOfAHorizontalPortScan
0.05840987534065594,147.37031938501977,0.0,2,0,65205,23,tcp,dns,S0,Malicious,Mirai
0.004446820287125637,1165.7868704204177,55.561296156609394,60,4,3734,53,tcp,ssl,S0,Malicious,DDoS
4.392889462530189,1597.7850263124335,64.08349607349928,10,12,24129,23,udp,dns,RSTO,Benign,None
2.5406739723488565,314.53351100359987,189.07553800014338,4,2,64121,2323,icmp,ssl,S0,Malicious,C&C
2.9898794876088224,42.332794162595654,21.01905656891653,2,3,2588,8080,icmp,dhcp,RSTO,Malicious,PartOfAHorizontalPortScan
6.499056798813957,1841.1744868017336,45.50622727894662,2,3,14886,443,icmp,dhcp,RSTR,Malicious,C&C
0.007726538345000522,1110.591658705141,51.22335756629782,90,2,48188,23,tcp,-,RSTO,Malicious,DDoS
0.024427241445809246,1109.4009424159226,37.93991336469227,23,3,38028,80,icmp,dhcp,RSTO,Malicious,DDoS
11.313387745667693,83.2410526362977,216.18806602835693,2,4,55999,2323,tcp,ssh,S0,Malicious,C&C
0.8954901280033378,432.81718226488033,482.52712009350114,14,3,53059,80,tcp,http,SH,Malicious,C&C
0.5914518504232316,324.54798777389027,6868.264406318705,2,12,55026,80,udp,dns,REJ,Benign,None
0.10776231929541434,136.14115475023993,0.0,4,0,65189,23,icmp,dns,S0,Malicious,Mirai
0.06780360180713006,146.75970088254016,0.0,4,0,12891,22,tcp,ssh,S0,Malicious,Mirai
11.558895873121033,775.8187634811176,117.16862429185514,3,1,29881,53,udp,dns,RSTR,Malicious,PartOfAHorizontalPortScan
0.03951905963347823,134.4553911019924,0.0,3,0,44485,8080,tcp,ssh,S0,Malicious,Mirai
22.738591693051955,59.487004673370095,24.39944057179349,3,2,38661,80,udp,dns,SF,Malicious,PartOfAHorizontalPortScan
1.9682435958013824,793.3135697679924,2374.313064132569,4,6,52103,80,tcp,ssh,SF,Benign,None
11.004514790583208,185.12659442004468,533.1354502105436,3,1,48353,2323,icmp,dhcp,S0,Malicious,C&C
2.0805997546223262e-05,1135.5233352678217,59.80732111991786,19,0,11447,443,icmp,ssl,SF,Malicious,DDoS
0.5653260896188012,437.416752983498,1220.3626518097167,17,14,65097,22,tcp,dns,S0,Benign,None
2.066402209387391,532.7140023877184,2812.7791621373035,7,27,3724,22,udp,dns,SF,Benign,None
0.08027807017873609,341.7135061920071,7803.497368369872,28,40,12750,80,tcp,http,SH,Benign,None
1.069046266942837,121.04123984247435,102.69541590758841,2,1,34492,53,tcp,dhcp,RSTO,Malicious,PartOfAHorizontalPortScan
0.002978631677598169,142.26013033068975,0.0,3,0,61377,443,icmp,dhcp,S0,Malicious,Mirai
1.077452039745895,37.207662701401965,106.82898601404649,2,1,6253,80,udp,ssh,SH,Malicious,C&C
4.729495153786063,432.06909908115585,112.40014221113806,5,3,47718,53,icmp,ssh,SF,Malicious,PartOfAHorizontalPortScan
0.3591271464980349,45.12196246812874,55.71609145962422,3,3,20122,23,tcp,-,REJ,Malicious,C&C
0.10988238483870967,138.56690888019858,0.0,2,0,26234,22,tcp,dns,S0,Malicious,Mirai
0.022577617647648332,1119.7886825056223,41.456987258574976,62,2,22024,22,icmp,-,RSTR,Malicious,DDoS
0.14630959350813616,43.9863096187085,78.95204199759814,3,2,19329,8080,tcp,dns,RSTO,Malicious,C&C
7.3864656830405275,909.4558547629622,125.354135511761,4,3,48930,8080,icmp,dhcp,RSTR,Malicious,PartOfAHorizontalPortScan
3.4733774769042047,80.42134156606699,191.93150107809822,3,1,48133,23,icmp,dns,REJ,Malicious,C&C
0.09535672332121295,127.60806236176093,0.0,2,0,29934,80,udp,ssl,S0,Malicious,Mirai
2.3049855445248997,864.7864566491173,5938.173929274141,8,7,61075,8080,tcp,ssh,SF,Benign,None
0.036777701817024194,2307.5096053274874,46903.95796840242,4,7,44152,80,udp,ssh,RSTO,Benign,None
10.010555950763482,107.30835797022749,118.24674728403947,7,2,25458,22,udp,ssl,SH,Malicious,C&C
12.582074717754496,255.75553675617505,39.50600565568124,3,4,22773,22,icmp,-,RSTO,Malicious,PartOfAHorizontalPortScan
1.3134675656306976,681.1686387199169,633.709129828545,11,29,11025,8080,icmp,dns,SF,Benign,None
0.14391328664852873,165.42178930391165,0.0,4,0,25421,8080,udp,ssl,S0,Malicious,Mirai
0.3782828945760839,3054.315646931283,7588.922616899219,36,46,12114,80,icmp,ssh,SH,Benign,None
1.4955310253015006,55.85056572807087,86.04318829631019,3,0,63927,23,tcp,dns,RSTR,Malicious,C&C
2.9660308908235615,29.361610784054374,50.03127411738238,3,1,30099,53,icmp,http,S0,Malicious,PartOfAHorizontalPortScan
2.731884478008414,471.19833713125934,119.36720213970752,3,3,6540,22,udp,ssh,SF,Malicious,PartOfAHorizontalPortScan
1.479779137683342,2476.85906161452,6714.066610965528,11,2,61917,8080,udp,dns,REJ,Benign,None
0.01632616922337084,143.66055784494154,0.0,4,0,63655,53,udp,http,S0,Malicious,Mirai
2.349113478216333,559.885126958551,4756.144228967105,58,14,45027,2323,tcp,http,RSTO,Benign,None
0.0707263812013206,134.3127549846399,0.0,3,0,59136,80,icmp,ssh,S0,Malicious,Mirai
0.00424843744150933,1053.0057488471355,45.434872826902605,19,4,63206,80,icmp,-,RSTO,Malicious,DDoS
8.00156295275302,228.6524555256471,97.99458356235235,2,4,63210,2323,udp,dns,S0,Malicious,C&C
1.3512180411105206,124.5470804207873,52.369196598202706,5,3,17849,80,udp,-,REJ,Malicious,PartOfAHorizontalPortScan
0.04562307693986293,156.63400026594476,0.0,1,0,6892,80,udp,http,S0,Malicious,Mirai
1.859064413308107,143.83153740219603,411.2951700400726,3,6,13046,80,udp,ssh,RSTO,Malicious,C&C
0.6710523780641825,1195.9839703944638,16202.906020248322,12,7,48371,80,udp,dns,S0,Benign,None
1.8577262402265493,6535.267479751039,2478.9162138822953,1,18,18606,22,udp,dns,RSTR,Benign,None
0.055234759367293565,141.2676759794687,0.0,4,0,58925,2323,icmp,http,S0,Malicious,Mirai
11.524122049665685,52.22729245964062,141.51318441833567,3,5,21285,443,icmp,ssh,SF,Malicious,PartOfAHorizontalPortScan
7.576377262249774,148.76562017656562,135.01267727870675,2,1,22457,23,icmp,ssh,SH,Malicious,C&C
7.588327483340188,215.49509494897143,17.29817258188275,6,1,44733,23,udp,-,S0,Malicious,C&C
1.1370939693885156,598.0050674988049,11256.716683731222,6,13,28334,53,tcp,dhcp,SF,Benign,None
1.8241930789454142,89.0216802389213,57.97744388154037,3,1,27288,23,tcp,-,SH,Malicious,C&C
0.16190317885858307,161.79213998648376,0.0,3,0,18546,2323,icmp,http,S0,Malicious,Mirai
4.015784599364803,1384.7790464030331,15665.119098726169,20,33,24694,53,tcp,ssh,SH,Benign,None
0.0012388203356455281,150.6836108407509,0.0,4,0,51071,53,icmp,http,S0,Malicious,Mirai
1.88953041986955,51.849978608080114,134.6531313276851,3,2,24143,23,icmp,ssl,REJ,Malicious,C&C
0.038940380485966236,162.58101452420817,0.0,1,0,35325,53,icmp,dns,S0,Malicious,Mirai
0.02841659117763315,1175.3214776624127,38.216943296056684,78,4,62957,2323,tcp,ssl,RSTO,Malicious,DDoS
8.647026743065453,749.3452175690616,3057.3107253319836,10,11,59961,8080,icmp,dhcp,RSTO,Benign,None
0.05079099376856266,141.89330626769512,0.0,4,0,59027,2323,icmp,ssl,S0,Malicious,Mirai
0.025556012857664342,161.14504420809067,0.0,3,0,14082,22,udp,dns,S0,Malicious,Mirai
6.973598813591701,98.8006533581614,41.868154709164095,4,6,56487,8080,tcp,dhcp,RSTR,Malicious,PartOfAHorizontalPortScan
0.009334447467512273,1327.9769584083986,37.37986497967019,52,1,10013,443,icmp,ssh,S0,Malicious,DDoS
0.6946697968236869,1886.7498519383928,857.0460571608215,18,3,44205,80,tcp,ssl,REJ,Benign,None
10.222879148291453,45.02323452345955,105.49951349987782,2,5,39137,8080,udp,ssl,SH,Malicious,C&C
3.8809441066303925,325.2080016666433,62.432033853029665,2,1,33707,53,udp,-,SH,Malicious,PartOfAHorizontalPortScan
6.206662321762167,489.03514093114455,567.9477842143015,46,12,56022,2323,udp,http,RSTO,Benign,None
9.255486081397349,23.48860306392418,347.8620592533337,2,1,51873,443,udp,ssl,SF,Malicious,C&C
0.00013611588151568507,1266.1366320206364,42.00147478380002,38,1,9576,443,tcp,ssh,REJ,Malicious,DDoS
0.021276557918370784,426.43029179429504,2638.5970818885526,30,46,52365,23,udp,dhcp,SH,Benign,None
0.0020651883306259016,1196.2116971866321,32.79061598980997,57,3,6320,23,udp,-,RSTR,Malicious,DDoS
8.786097022521972,73.48830084226974,59.77708749350044,4,2,4326,443,icmp,ssl,SH,Malicious,C&C
1.9679125141761964,267.3746680631497,95.22385012483349,5,2,58537,22,tcp,dns,SF,Malicious,PartOfAHorizontalPortScan
0.007658644438399066,1170.8763837078582,59.73680612117215,86,4,46267,53,icmp,ssl,RSTO,Malicious,DDoS
8.296756764892606,111.35286653954803,45.47985920827112,2,3,5086,22,icmp,-,S0,Malicious,PartOfAHorizontalPortScan
0.15061065497071935,130.25347396272565,0.0,2,0,44524,22,tcp,-,S0,Malicious,Mirai
16.170003385078473,35.50650223054677,59.23011119675002,4,6,21962,443,icmp,ssh,REJ,Malicious,PartOfAHorizontalPortScan
0.004633353436078872,1165.1957926885138,48.540207827446885,10,0,33331,22,icmp,dns,S0,Malicious,DDoS
0.14899841748957846,159.83545032985504,0.0,3,0,23633,23,icmp,dhcp,S0,Malicious,Mirai
11.109641984364709,519.748665982553,936.2012828422103,62,12,13450,2323,icmp,dhcp,RSTO,Benign,None
0.1902906312264342,578.974565133574,3186.4518731381654,3,20,37140,8080,tcp,dhcp,RSTO,Benign,None
2.2874586327146824,111.76828429139903,1712.713444419751,7,6,1476,23,icmp,ssh,S0,Malicious,PartOfAHorizontalPortScan
10.748652080741047,565.697861159044,8249.354193950869,2,24,25796,443,tcp,http,SF,Benign,None
0.014740766149783247,1320.3511819007786,60.092366106323155,82,3,27174,2323,udp,-,REJ,Malicious,DDoS
0.0009133509031824372,1095.0253944320834,56.61422766255395,29,1,50422,2323,udp,dns,RSTR,Malicious,DDoS
5.113907113273003,117.14239092492424,93.15971940757414,3,2,9055,2323,udp,ssl,RSTR,Malicious,PartOfAHorizontalPortScan
1.605293331857519,56.108494137750185,1020.708922367577,8,1,52280,2323,tcp,ssh,SF,Malicious,C&C
2.7581695234276653,77.23273562896048,288.75727588790375,3,10,3325,22,udp,dns,RSTO,Malicious,PartOfAHorizontalPortScan
0.28235609676243095,1375.7867765065528,3189.442066187641,38,29,48305,443,udp,ssh,RSTR,Benign,None
9.934428916655659,466.0897012268518,633.918638338091,4,3,34651,22,icmp,dhcp,SH,Malicious,C&C
4.165252557010632,3283.4377046133663,6588.97139977207,8,31,26558,443,icmp,-,S0,Benign,None
0.016665976873933838,1224.7639331745195,53.98886656807483,43,4,3710,23,tcp,dhcp,RSTO,Malicious,DDoS
2.887632801301734,74.70832148125656,153.50421396239716,5,5,17636,8080,tcp,-,S0,Malicious,PartOfAHorizontalPortScan
1.0979719475946996,569.9354639086052,1107.69095702027,6,28,15819,443,icmp,dhcp,S0,Benign,None
0.025724892201021234,120.11441873807733,0.0,3,0,36567,22,tcp,dns,S0,Malicious,Mirai
0.03103854460181271,147.25236547349408,0.0,3,0,4129,443,icmp,dhcp,S0,Malicious,Mirai
1.9442804394220958,99.6376988581197,258.3332386734797,5,3,5455,23,tcp,-,RSTO,Malicious,PartOfAHorizontalPortScan
3.5542740616430235,3506.445354378482,1332.6120107215693,1,24,26745,53,tcp,-,S0,Benign,None
0.06292482292507444,158.46033476361058,0.0,4,0,37609,8080,icmp,dns,S0,Malicious,Mirai
0.557692722288938,85.83937151872483,51.65484101501395,4,2,53874,53,tcp,ssh,SH,Malicious,PartOfAHorizontalPortScan
1.824057447704838,1168.3916766993025,3037.3360786805238,15,5,62548,23,icmp,dhcp,SF,Benign,None
0.061586754047754114,172.18837639854476,0.0,1,0,61390,80,udp,-,S0,Malicious,Mirai
0.01286418550580846,1213.987026570205,59.833696334909085,26,2,2908,8080,tcp,http,RSTR,Malicious,DDoS
9.189766498709517,24.730099438691017,1734.8977242966607,4,2,16178,53,udp,http,SF,Malicious,PartOfAHorizontalPortScan
0.007382754462613725,131.97746766381587,0.0,2,0,8029,443,tcp,http,S0,Malicious,Mirai
0.8668419473983251,317.5901936530923,127.07048153500945,6,3,63085,80,udp,ssl,RSTR,Benign,None
3.1174413299643104,300.7146619754367,283.8661601708015,3,4,25202,8080,tcp,dns,RSTO,Malicious,C&C
2.3019086102724287,189.03980440362483,1184.9174190465255,38,11,52135,8080,tcp,ssh,RSTR,Benign,None
4.682937643072573,70.59277967664845,148.90345165704764,6,3,56141,80,udp,-,SH,Malicious,C&C
2.3182650588035005,236.70126555894234,348.53070070443897,15,19,30551,23,tcp,ssh,SH,Benign,None
0.013393290228380445,1365.1179286696758,74.09432438036929,56,3,56826,2323,icmp,dns,S0,Malicious,DDoS
0.290544353202223,151.57086857179937,0.0,4,0,53166,443,udp,-,S0,Malicious,Mirai
2.3531327834847473,141.53227419074696,37.99247608597913,4,1,52828,443,tcp,-,SF,Malicious,PartOfAHorizontalPortScan
1.1409088359157722,220.7774438244492,300.69771514274333,6,3,34705,8080,udp,http,S0,Malicious,C&C
0.20805094724588633,3821.3049963756457,19692.385706189485,7,20,49048,2323,tcp,dhcp,SF,Benign,None
0.02792373634371911,167.92775232259757,0.0,1,0,26788,2323,tcp,dhcp,S0,Malicious,Mirai
0.024326368222904838,1274.9278800142265,34.0391254056961,85,1,39431,8080,udp,ssl,REJ,Malicious,DDoS
6.600553006443793e-05,1170.280578404518,40.268512637125426,65,1,34220,23,tcp,http,SH,Malicious,DDoS
1.2985590217154934,113.25684927697975,1704.0969991188401,9,9,32328,2323,udp,dhcp,RSTO,Benign,None
0.38581849730726303,303.3291984466711,6091.808551174586,10,21,28651,2323,tcp,http,SH,Benign,None
0.0048911003906693794,1125.9979715881136,59.7726696792967,85,4,11670,8080,udp,http,S0,Malicious,DDoS
0.04290118932457846,131.3548483037328,0.0,4,0,21315,80,icmp,ssh,S0,Malicious,Mirai
0.2299590451866872,124.29464573200319,0.0,2,0,54039,80,icmp,-,S0,Malicious,Mirai
1.9633448561195601,176.00849877755024,123.60514242160444,2,3,46880,22,udp,dns,RSTR,Malicious,PartOfAHorizontalPortScan
0.07004797195927141,2467.9799768328426,10271.423937795273,27,11,45829,2323,udp,http,REJ,Benign,None
0.25086576939924793,157.81020224206094,0.0,2,0,60626,2323,tcp,ssh,S0,Malicious,Mirai
2.3512700047554693,384.70926806509,152.5819285039325,5,3,61816,53,icmp,-,RSTO,Malicious,C&C
0.05175279515494191,159.20110384487634,0.0,4,0,29973,2323,udp,ssh,S0,Malicious,Mirai
0.13002420994939656,147.20528122414393,0.0,4,0,63064,80,udp,ssl,S0,Malicious,Mirai
3.6932710175149537,1954.802077612841,965.1346014091001,1,2,37244,2323,udp,dns,RSTR,Malicious,PartOfAHorizontalPortScan
0.1986923212831052,140.3953609797088,0.0,4,0,65266,8080,tcp,dhcp,S0,Malicious,Mirai
1.6464646568241148,107.5060420795359,66.22053536415551,3,2,54396,23,icmp,http,RSTO,Malicious,C&C
0.01857436770140862,131.35463345675524,0.0,3,0,30128,23,icmp,-,S0,Malicious,Mirai
6.1985505951160285,335.3096186622867,408.80499344699075,2,3,31526,8080,udp,dhcp,RSTO,Malicious,C&C
0.9860226428870773,13.863730284093588,108.6827522976439,3,1,13685,53,icmp,ssl,SH,Malicious,PartOfAHorizontalPortScan
0.0004555319575761482,1285.4467344356233,47.57384814206825,58,1,4591,22,tcp,dhcp,SF,Malicious,DDoS
0.9992823029526564,474.85324527015405,3913.104968210034,8,24,63364,53,tcp,http,REJ,Benign,None
0.002877778055259947,1261.4878496263211,34.64413702336995,12,1,37830,53,udp,dns,REJ,Malicious,DDoS
1.299815934515455,2459.6355787324806,928.2921416590224,5,100,54049,53,udp,-,RSTO,Benign,None
1.6139079470247726,56.524161178784986,117.77686234331459,3,1,32728,80,udp,ssh,SF,Malicious,PartOfAHorizontalPortScan
1.2689541880985857,448.819401520803,317.1539477439676,15,15,38823,8080,tcp,ssh,SF,Benign,None
0.01673737881545461,1197.2380537818974,69.63643827594063,24,1,56993,23,icmp,http,S0,Malicious,DDoS
0.9904820347191444,2477.434985755703,21679.97376605974,3,45,57855,23,icmp,ssl,S0,Benign,None
0.013402876016986556,1245.8359124962483,58.21457784054424,83,1,61939,443,tcp,-,RSTO,Malicious,DDoS
1.6186676589223596,163.51485392848323,126.16568677570974,3,4,49826,23,tcp,dns,S0,Malicious,PartOfAHorizontalPortScan
0.09298582236330216,139.53891471379018,0.0,3,0,29437,80,tcp,dhcp,S0,Malicious,Mirai
1.4734011283237463,409.8672416742022,6261.594758919128,10,4,13252,53,tcp,ssh,RSTO,Benign,None
0.0006297974326296766,1216.2043368283696,44.70053795269743,20,1,44320,22,icmp,dns,RSTR,Malicious,DDoS
0.0040648984617161245,133.59288269960913,0.0,4,0,49926,8080,tcp,dhcp,S0,Malicious,Mirai
0.06377021757407669,123.64022503741324,0.0,2,0,5770,22,tcp,dns,S0,Malicious,Mirai
1.3544955398306,2358.07212092745,1341.626454914238,29,5,21466,53,tcp,ssh,REJ,Benign,None
1.997410969209958,415.58989646052544,218.32801701138177,2,2,35402,53,tcp,dns,REJ,Malicious,PartOfAHorizontalPortScan
0.045048690865270136,149.30330868381267,0.0,4,0,42151,80,tcp,ssh,S0,Malicious,Mirai
0.006004109984305351,1212.4170890702906,50.06465216112946,82,1,41795,80,udp,ssh,S0,Malicious,DDoS
7.591464493213982,578.4028576360214,339.99610284827986,7,2,4713,53,tcp,ssh,REJ,Malicious,PartOfAHorizontalPortScan
0.01118476818570988,1034.7106955250813,58.54367529873415,64,2,12255,2323,udp,http,REJ,Malicious,DDoS
2.58735528367993,1716.310965845144,21749.86908876495,3,4,44788,22,icmp,ssh,S0,Benign,None
1.319427800458851,1540.2812185808043,41532.086174953336,3,12,18349,2323,udp,ssl,REJ,Benign,None
0.009134177422519905,1267.2067265461499,54.4228891626464,29,3,15317,22,icmp,-,REJ,Malicious,DDoS
45.80971686250062,977.108136339787,156.40408850825352,3,5,50590,80,udp,dns,RSTO,Malicious,PartOfAHorizontalPortScan
0.0008419477948376067,1310.3596411940323,49.23822621487971,27,2,16587,443,icmp,ssh,RSTO,Malicious,DDoS
0.01273699521443282,1068.600277675274,73.04070255734135,30,4,31897,2323,icmp,dns,REJ,Malicious,DDoS
0.04639287236134249,1167.6092642829321,61.04603384392927,12,2,53601,22,tcp,-,SH,Malicious,DDoS
1.0149913342510997,687.0320795412249,1579.906684338089,4,7,9537,22,udp,dns,S0,Benign,None
0.006115169288465714,1237.9685711345307,43.17269780803889,71,1,19576,23,tcp,http,RSTR,Malicious,DDoS
2.8479700939814077,246.62758815759568,43.859444242420274,3,1,54145,443,tcp,ssl,SH,Malicious,PartOfAHorizontalPortScan
10.108679774085513,126.94191944806774,56.16635791174532,3,1,10118,80,udp,dhcp,REJ,Malicious,PartOfAHorizontalPortScan
0.1140288051585393,140.06444981557217,0.0,2,0,45022,8080,icmp,dns,S0,Malicious,Mirai
0.05084890032607613,1289.1939367222722,51.967272445622235,28,2,60701,22,udp,http,RSTR,Malicious,DDoS
1.2504055584078497,133.78843392020477,12088.477835819229,8,10,13147,22,icmp,dns,SH,Benign,None
6.424120853367921,95.24211457350233,216.52582316268058,5,2,53613,443,icmp,dhcp,SF,Malicious,C&C
0.009516369258862695,1054.4411945437585,51.68263312181726,30,1,12442,22,icmp,http,RSTR,Malicious,DDoS
0.000862152135467488,1137.610570348362,53.27388539194408,86,0,61784,2323,tcp,ssl,S0,Malicious,DDoS
0.0024009167246560213,1129.682740680107,35.61772353556665,55,0,56953,443,icmp,dhcp,S0,Malicious,DDoS
0.5234405510803529,474.98030163994196,3133.777593059775,13,2,12701,8080,tcp,http,SH,Benign,None
0.03714496502742639,1288.365485326706,20.002855631987018,13,4,6191,23,icmp,-,RSTO,Malicious,DDoS
0.07821300404359224,182.03822540528878,0.0,4,0,18627,80,tcp,ssh,S0,Malicious,Mirai
0.003930134311967357,1028.4727734987287,48.2232365849763,14,0,6347,53,tcp,-,RSTR,Malicious,DDoS
1.2869961388185533,1956.9374577173417,227.282934974683,10,8,50581,80,icmp,dhcp,RSTR,Benign,None
6.860814027506139,801.1099628257642,343.66691984644456,4,8,62029,53,udp,dhcp,S0,Benign,None
0.12116203699651105,138.19298918721591,0.0,1,0,63247,22,tcp,ssl,S0,Malicious,Mirai
1.4771629783698115,117.6201860977589,287.09583400886027,3,3,49661,53,udp,dns,S0,Malicious,PartOfAHorizontalPortScan
8.978051922788062,29.347335456313324,87.78813633044585,3,5,15311,80,tcp,http,RSTO,Malicious,PartOfAHorizontalPortScan
2.300710576315595,79.2157278388985,107.41436033330756,3,3,16948,53,udp,dns,RSTR,Malicious,PartOfAHorizontalPortScan
0.03334490755395712,1241.6939188887843,48.5373004575544,26,3,50423,443,icmp,dns,SF,Malicious,DDoS
3.8004310679835385,949.7100960905971,2322.993269772813,13,14,9548,80,tcp,ssh,SH,Benign,None
0.009544999387342904,1184.2019340177956,42.33313207239042,34,4,38003,2323,icmp,dhcp,SF,Malicious,DDoS
0.05468286892193916,142.65510816358298,0.0,1,0,18817,22,icmp,dns,S0,Malicious,Mirai
0.03930654892906511,111.13848759675156,92.96528921266156,4,1,17661,23,tcp,-,SH,Malicious,PartOfAHorizontalPortScan
7.742881305755196,69.14452513338969,191.28532748254077,2,3,35746,80,icmp,http,RSTR,Malicious,PartOfAHorizontalPortScan
7.65679461303632,376.29552474324026,121.24039833108117,3,1,62711,23,tcp,dhcp,REJ,Malicious,C&C
0.02867911436096752,1147.3458800230685,50.58519645024759,87,0,27610,80,udp,dns,SH,Malicious,DDoS
0.04815942700284361,157.71198559612247,0.0,3,0,61566,2323,icmp,dns,S0,Malicious,Mirai
0.1930989344980269,1986.0874698296695,5122.821003558594,24,8,20463,8080,udp,http,S0,Benign,None
3.007549554639372,47.500676781807336,86.03972697027841,3,1,37222,8080,icmp,dhcp,RSTR,Malicious,PartOfAHorizontalPortScan
0.007520867695326873,1167.3976573604612,44.70961778141376,34,2,13068,53,udp,dns,REJ,Malicious,DDoS
2.7772735281690126,485.2692123046362,1210.786984696933,3,54,35356,80,icmp,dhcp,REJ,Benign,None
0.034319257337359486,159.8717719740396,0.0,2,0,35467,22,icmp,ssl,S0,Malicious,Mirai
0.8887649519555331,474.99392398545507,269.46600087434047,6,2,54555,23,tcp,-,SF,Malicious,C&C
0.008511578635879494,1202.6230613148543,33.46822160229788,35,1,32078,22,udp,-,RSTR,Malicious,DDoS
0.015142163089759518,1232.471061738304,47.00522096695713,54,2,38702,23,udp,ssl,RSTR,Malicious,DDoS
5.66560801775688,1709.7944706823655,3334.2537628647037,16,7,61697,80,udp,-,SF,Benign,None
1.4286116015743808,18.42123192172203,119.33114572948278,2,1,2939,53,icmp,dns,RSTO,Malicious,C&C
2.2356875305785326,6541.857295576707,507.0479394104578,8,2,38740,443,udp,-,REJ,Benign,None
20.563392231058792,224.05277151295653,28.944628104009592,4,4,10307,22,tcp,ssh,S0,Malicious,C&C
0.005666096381413981,1050.7451302529632,61.197131873573234,10,4,17443,443,tcp,dhcp,REJ,Malicious,DDoS
0.0024873979793406695,1139.6167043210132,62.43808680217678,34,2,44019,53,icmp,http,RSTR,Malicious,DDoS
2.4471624703033954,752.3147425893247,16302.702967369505,3,8,4665,443,icmp,-,RSTR,Benign,None
0.44567321777224245,148.9584063436644,0.0,2,0,30767,443,udp,http,S0,Malicious,Mirai
0.009900100095760794,1076.5574153056307,56.72664638780796,85,2,9448,53,icmp,-,SF,Malicious,DDoS
3.1160103874847507,138.02135449225696,109.73512041520615,3,2,27823,2323,udp,-,S0,Malicious,C&C
0.0015480584169933445,1203.6168676738034,50.854127805783875,41,2,14990,80,tcp,ssh,RSTR,Malicious,DDoS
1.6320728263849045,264.79131399173383,692.3331287729724,2,3,53936,53,tcp,http,RSTO,Malicious,PartOfAHorizontalPortScan
5.6556347301691785,1542.5801515589847,2386.1053711762206,3,22,33904,8080,icmp,ssh,SH,Benign,None
7.093592576853051,235.59311646029155,188.42326099388836,5,2,3164,8080,icmp,ssl,REJ,Malicious,PartOfAHorizontalPortScan
0.012416783217761762,1191.600833931145,37.707051734489994,68,4,5497,23,icmp,ssl,SH,Malicious,DDoS
0.30661128413759536,224.7656837952379,90.1806900577118,5,3,48267,80,udp,dns,RSTR,Malicious,PartOfAHorizontalPortScan
0.001710163704554881,1134.9278188474348,57.03919249386676,60,4,32467,23,tcp,-,SH,Malicious,DDoS
0.16216940791489065,160.6443762143313,0.0,1,0,5050,22,tcp,http,S0,Malicious,Mirai
0.003015080326411459,1489.5299687887994,54.01585451491717,23,4,50969,8080,udp,http,RSTO,Malicious,DDoS
0.14467933463277746,181.59238222340508,0.0,4,0,1783,22,tcp,-,S0,Malicious,Mirai
22.642868209659515,317.0978751704092,320.68296555320984,3,1,3231,8080,tcp,ssl,SF,Malicious,PartOfAHorizontalPortScan
0.010439411653086863,177.54045608098048,0.0,2,0,9286,443,udp,ssl,S0,Malicious,Mirai
0.010575653656629658,1156.0219408754037,45.52593454096995,93,1,3864,23,udp,ssl,S0,Malicious,DDoS
1.4297716474490538,2322.3951195519294,985.9620244364676,13,8,22368,80,udp,http,RSTR,Benign,None
0.00538734189262733,1214.3844093616453,45.40900320626045,69,0,46132,23,tcp,-,S0,Malicious,DDoS
2.8258083867868167,57.874261840927986,487.17894897849703,4,4,50437,23,udp,ssl,S0,Malicious,PartOfAHorizontalPortScan
4.236168485606447e-05,1453.0874549158848,54.16544271661337,89,2,60301,23,udp,ssh,S0,Malicious,DDoS
0.7214059257977546,127.9154319436236,100.49840703842109,5,3,10025,22,icmp,ssl,REJ,Malicious,C&C
0.9280893493834518,688.8753918887406,3254.4259346775284,19,2,8046,443,tcp,dns,REJ,Benign,None
6.181877519113971,55.17218470114242,474.0773789744197,4,3,46428,8080,icmp,dhcp,REJ,Malicious,PartOfAHorizontalPortScan
0.9929126579344598,1004.8277612198028,173.54487546959604,10,6,24756,53,icmp,dns,RSTR,Benign,None
0.13703835312318444,139.6978400559109,0.0,3,0,64376,8080,tcp,dns,S0,Malicious,Mirai
3.2443797835788857,31.29468329346781,146.58560558804524,2,2,6277,23,udp,dhcp,SH,Malicious,C&C
0.605016579673978,10883.079106364641,31832.593478031467,2,15,14993,443,udp,ssh,RSTO,Benign,None
3.6599479635196106,249.4129677089933,367.81027481226664,3,3,61679,80,icmp,http,SH,Malicious,PartOfAHorizontalPortScan
0.13349344604085878,109.36350226850877,0.0,2,0,47705,22,tcp,-,S0,Malicious,Mirai
4.072989483373053,102.23700965329806,154.47745561127954,4,2,46378,80,tcp,dhcp,RSTO,Malicious,PartOfAHorizontalPortScan
0.6405718525013118,1043.3910237118284,13612.941481057198,32,22,40259,22,tcp,-,S0,Benign,None
2.7031082562910163,529.8206549990038,1886.5075766093482,4,25,23848,2323,udp,-,S0,Benign,None
5.874798074193284,23.426834517683872,225.48597542044618,4,2,45597,80,tcp,ssh,RSTR,Malicious,C&C
2.158684518978631,801.5137055630827,6540.702851944076,18,11,22097,23,icmp,ssl,RSTR,Benign,None
2.0052919072844326,1861.590663024413,819.6886642303858,3,20,55625,22,icmp,ssh,S0,Benign,None
0.7299484204647964,77.76560512178744,31.86009136328838,3,1,16563,8080,icmp,ssh,REJ,Malicious,PartOfAHorizontalPortScan
3.1958182564859845,40.58420229140634,51.384918354331674,3,2,55406,22,udp,dns,REJ,Malicious,C&C
0.0034838986618480694,1306.6755409867144,46.56072853298254,58,4,61104,80,udp,http,S0,Malicious,DDoS
11.711373732696169,279.1315680507565,38.748367634371064,2,2,54290,443,icmp,ssl,SH,Malicious,C&C
0.6351952719808358,79.57498107883448,15.852804884227176,2,2,19151,8080,udp,-,SH,Malicious,PartOfAHorizontalPortScan
0.0007727249077568457,1301.4404260296214,52.69566526920638,34,4,31433,443,tcp,ssh,REJ,Malicious,DDoS
0.013415604294394255,1200.0396405052663,59.54866212264504,84,1,34344,80,tcp,ssl,S0,Malicious,DDoS
0.18795817856861552,184.38296599465508,0.0,3,0,38146,8080,icmp,-,S0,Malicious,Mirai
2.160385935534659,182.47235449064877,25960.35749298501,6,50,6838,23,icmp,dhcp,S0,Benign,None
0.23250639776506912,175.6059634924055,0.0,1,0,7802,8080,tcp,dhcp,S0,Malicious,Mirai
0.7141696300346262,757.9575063874425,127.19786334929032,41,12,24103,443,icmp,dhcp,RSTR,Benign,None
0.7622962295664517,100.80691434203587,856.5726542712357,4,2,21139,8080,icmp,http,RSTO,Malicious,PartOfAHorizontalPortScan
0.07637101184731541,1497.6157977073233,2603.776036524359,4,47,50645,53,icmp,dhcp,SF,Benign,None
3.70524727487443,1014.7610403672927,11257.755438578703,7,17,47499,53,icmp,http,SH,Benign,None
4.285653361621855,272.75406492228564,2752.303693195237,6,28,56882,23,udp,http,REJ,Benign,None
5.916999692338342,242.3602433541272,88.53241417921564,4,7,62629,8080,udp,http,REJ,Malicious,PartOfAHorizontalPortScan
0.1810179879851921,130.6663008614739,0.0,4,0,22378,23,tcp,dns,S0,Malicious,Mirai
0.1866531803983262,232.22895747572585,6690.117605328458,15,96,48131,22,tcp,ssh,REJ,Benign,None
0.011684698142516641,149.13093720835607,0.0,2,0,8183,2323,icmp,-,S0,Malicious,Mirai
0.05411111468352882,175.60510002583322,0.0,3,0,1793,23,udp,ssl,S0,Malicious,Mirai
0.7959528396611674,2955.2470459497936,691.1281221335042,4,4,28832,443,tcp,ssl,SF,Benign,None
0.5088352978329336,1046.6925786675026,199.49120745120413,2,2,19283,22,tcp,dhcp,SF,Malicious,PartOfAHorizontalPortScan
1.6368980921843916,66.51306313469374,48.7948478012573,3,3,52289,443,tcp,-,S0,Malicious,C&C
0.450008270380258,8420.000554290878,18247.111833868414,30,2,42515,80,tcp,ssh,REJ,Benign,None
0.0432230663820678,635.2596065299948,1131.999873235311,4,6,19086,22,tcp,ssl,SF,Benign,None
0.37930184915679277,499.5928804173981,2166.425070128044,22,18,62799,8080,icmp,http,SH,Benign,None
3.1976241516627524,273.9538903939167,112.5500453068457,11,7,2660,53,tcp,http,RSTO,Benign,None
0.0001358585385952213,1166.7747647548645,58.02995234131121,36,4,9355,80,udp,-,SF,Malicious,DDoS
1.572783385781,128.37680317312152,51.61614926521095,3,2,4130,22,udp,ssl,RSTR,Malicious,PartOfAHorizontalPortScan
0.17055425435533308,148.2876088711643,0.0,3,0,58050,8080,udp,ssl,S0,Malicious,Mirai
2.0545270335802415,86.14933403368794,478.52479002334235,4,5,4490,80,udp,ssh,S0,Malicious,PartOfAHorizontalPortScan
0.01149317635842498,1332.1305248578767,32.508302590704986,19,0,26684,80,icmp,dhcp,SH,Malicious,DDoS
1.5100580804346622,263.67309948311214,300.38282740558793,3,1,17348,8080,udp,ssl,RSTR,Malicious,C&C
0.00033233970167103813,1235.0703148311738,23.393736083431964,63,2,32448,443,udp,ssh,S0,Malicious,DDoS
0.8316550519407087,270.3604598551399,104.92785454195679,2,3,16658,2323,tcp,ssh,SH,Malicious,PartOfAHorizontalPortScan
0.041245370135632585,184.1307140824843,0.0,3,0,46684,23,udp,dhcp,S0,Malicious,Mirai
2.8742208284600985,3959.554755088154,4233.483089644522,1,19,46067,443,icmp,dhcp,S0,Benign,None
3.855095933811185,1034.7079166991653,168.33855917978772,5,5,21002,53,icmp,http,REJ,Malicious,C&C
7.586451436791673,466.42743910058726,68.92861740242502,4,3,28188,2323,icmp,-,SF,Malicious,C&C
0.49988144828779774,168.0391383709586,3172.4816475445496,8,34,26890,80,icmp,ssh,S0,Benign,None
0.08939981073313126,161.22413887040304,0.0,2,0,31919,443,icmp,ssh,S0,Malicious,Mirai
13.62991473026192,233.71726540567343,80.611711824029,3,0,44462,53,icmp,ssl,REJ,Malicious,C&C
3.238782746588558,1090.1716223520486,1303.3738844852576,20,22,59815,80,icmp,ssh,SF,Benign,None
0.11863731095438151,155.76769384590747,156.8101876195146,6,1,61371,8080,udp,http,S0,Malicious,PartOfAHorizontalPortScan
0.00870571464076155,1175.0820484809612,76.17896472891172,14,3,29688,2323,tcp,-,RSTO,Malicious,DDoS
4.488874964377129,196.33131807495462,216.74118017595757,4,1,5969,80,icmp,-,RSTR,Malicious,C&C
0.006121403654725367,1308.6803438011038,48.73832529208432,78,3,58912,22,tcp,dhcp,SF,Malicious,DDoS
6.865028006926401,311.8546653578655,84.13430616540728,3,2,50433,80,icmp,dhcp,RSTR,Malicious,C&C
1.071136902721805,924.6972082784636,9250.182866979256,39,28,9798,443,udp,-,SH,Benign,None
0.048083760058437466,157.7655078607846,0.0,4,0,46091,2323,tcp,dns,S0,Malicious,Mirai
0.03208511423296525,1071.0415405712397,47.10716639761839,95,1,12437,2323,tcp,dns,S0,Malicious,DDoS
0.37793601706353286,2484.9204669045353,2732.575186036366,11,24,35441,443,tcp,-,RSTO,Benign,None
0.023029087781235854,1276.5955488524237,52.18594939483311,32,4,8676,23,tcp,ssh,SF,Malicious,DDoS
3.70041915112332,341.63691121717227,94.78777098615379,4,2,32229,53,icmp,-,RSTO,Malicious,PartOfAHorizontalPortScan
7.0337217207830705,117.64705642179183,191.81458788884237,3,1,8319,2323,tcp,http,S0,Malicious,PartOfAHorizontalPortScan
0.03482330540739506,1236.83669291979,49.126972614977944,26,1,18151,22,icmp,dhcp,SF,Malicious,DDoS
0.4281818113354138,195.63113715913468,3154.4867847727296,11,40,26620,22,icmp,http,SF,Benign,None
3.080126261163656,1036.5416934311836,6959.309278814781,5,1,28226,2323,tcp,dns,S0,Benign,None
15.906327459808868,24.642347373482718,92.15826047823738,2,1,54366,8080,icmp,ssh,RSTR,Malicious,PartOfAHorizontalPortScan
2.33621821587252,2786.64167796557,19243.00305444424,2,27,8259,80,udp,ssl,RSTR,Benign,None
0.15500532710879722,77.09657571705162,466.09738902867275,7,2,8476,22,tcp,dns,SF,Malicious,C&C
0.16645898003231546,160.53364726315706,0.0,2,0,13783,443,icmp,ssh,S0,Malicious,Mirai
0.2598719389308826,2343.3301030556813,6256.4593742259885,5,7,52586,80,tcp,ssh,SF,Benign,None
5.922305750435342,80.89766620142429,705.9889737566233,2,1,60665,53,udp,dns,REJ,Malicious,PartOfAHorizontalPortScan
0.03392814281682859,1068.382932303174,39.3372351279287,26,0,53389,2323,udp,ssh,SH,Malicious,DDoS
0.052528081476606515,141.80364389352636,0.0,1,0,49972,80,tcp,ssh,S0,Malicious,Mirai
3.1807224481899876,2673.118469070569,1012.9978964640559,3,5,52744,23,udp,-,RSTO,Benign,None
3.435909352322273,72.26018160702814,423.31888635999366,4,2,49516,2323,udp,ssh,RSTO,Malicious,C&C
0.006469698061956734,1191.745269280181,58.49043393442327,67,4,18145,22,tcp,-,SH,Malicious,DDoS
4.3280010430757985,252.46154390251428,1040.2006061279108,2,4,37996,443,udp,ssl,SH,Malicious,C&C
0.0443172856001538,139.10540952052608,0.0,4,0,48705,23,icmp,-,S0,Malicious,Mirai
3.4024997462086546,321.92811687378975,84.88181650799964,2,2,20157,80,icmp,ssh,SH,Malicious,C&C
0.007429698933542873,138.14317390180955,0.0,1,0,58475,22,tcp,dhcp,S0,Malicious,Mirai
0.01884100391355409,159.83712167648065,0.0,4,0,36478,8080,tcp,ssh,S0,Malicious,Mirai
0.7558188336768642,1682.1364834388066,11324.893818992578,9,14,7361,22,udp,dhcp,S0,Benign,None
9.874489222895447,112.20228767952979,158.37945277937072,4,3,48006,23,udp,dns,SF,Malicious,PartOfAHorizontalPortScan
0.08549752101257439,384.71633782355997,27.986946325017136,3,2,45139,53,udp,dhcp,SF,Malicious,C&C
2.911347076588224,1761.5443535624865,13963.797444341279,12,52,61748,22,udp,dns,REJ,Benign,None
0.29161356558065493,625.866257526342,1251.8017275595723,17,16,44613,8080,udp,-,RSTR,Benign,None
0.7431668130632524,3693.7467752847965,3767.127355097568,13,9,24437,80,udp,-,REJ,Benign,None
0.011196297927011717,1218.6707772171703,44.37194120665105,12,0,33502,23,tcp,-,S0,Malicious,DDoS
0.08840856689195652,121.38812257028533,0.0,3,0,54413,80,tcp,-,S0,Malicious,Mirai
0.020194644997893304,1150.320690678954,52.34890675919351,42,4,29382,53,udp,dhcp,SH,Malicious,DDoS
0.04059382201643477,177.396527317967,0.0,1,0,20670,2323,udp,http,S0,Malicious,Mirai
0.10773996801591992,7484.700957824031,46800.11449565391,4,19,19396,22,udp,ssh,S0,Benign,None
0.014911996020042551,147.11341165668114,0.0,3,0,38871,53,udp,dhcp,S0,Malicious,Mirai
0.022210412452450083,1141.72818346425,45.15082354982485,27,0,18788,22,icmp,ssl,REJ,Malicious,DDoS
4.404154517751676,1248.4491842005675,288.2616863346859,4,8,42709,22,tcp,ssl,SF,Benign,None
0.00023759692884262347,1301.6596975834318,68.19970916818387,80,3,15686,80,udp,-,S0,Malicious,DDoS
5.049687543304438,100.82668945085395,322.90030872190346,3,2,12542,53,udp,dhcp,RSTR,Malicious,C&C
2.1307171816768307,205.19050425062744,335.18851878410203,3,1,51555,23,tcp,dhcp,RSTO,Malicious,C&C
4.0465107905950966,518.8962950889777,12.710411656080565,3,3,2227,23,tcp,-,SH,Malicious,PartOfAHorizontalPortScan
1.6069488603569655,600.5459840499848,1646.4452264002105,5,3,7934,80,udp,ssl,SH,Benign,None
1.085646129705013,149.77386659177304,65.43361132969288,4,4,48842,80,icmp,-,RSTO,Malicious,PartOfAHorizontalPortScan
0.09974732507673013,1017.4810339837578,8044.719603108239,2,2,17414,53,tcp,dhcp,SF,Benign,None
0.16435451717086044,3845.082432618861,359.7176881741063,3,4,1581,8080,icmp,dns,S0,Benign,None
0.7883571238431937,4536.449463665681,5128.816555727731,10,4,19472,443,udp,-,RSTR,Benign,None
3.266675220071254,37.63966347153057,356.74844408464406,2,1,27369,53,icmp,http,REJ,Malicious,C&C
5.44423121963991,112.47706375592139,230.6627847194786,2,2,59361,8080,tcp,dns,RSTO,Malicious,PartOfAHorizontalPortScan
0.0035582541206171515,1240.6813914572392,58.92378526671373,40,4,55423,23,udp,ssh,RSTO,Malicious,DDoS
1.1976844037005965,470.8569985882627,5587.617827944965,3,4,53153,53,icmp,http,RSTR,Benign,None
15.10147981316633,372.0828122914322,604.5538250777627,3,4,16236,2323,icmp,-,S0,Malicious,PartOfAHorizontalPortScan
0.3175143222354113,130.10819974911178,0.0,3,0,34160,80,tcp,http,S0,Malicious,Mirai
0.005586208877487918,1019.6789547525424,46.553480315347166,70,4,18145,2323,tcp,ssl,REJ,Malicious,DDoS
0.16311835685838505,736.9119341627422,988.5205285880664,2,10,7293,443,tcp,-,SH,Benign,None
0.011027173949761741,1061.812490417946,48.55087586455789,82,4,30209,22,icmp,ssl,RSTO,Malicious,DDoS
2.85959463026691,1507.4080451065613,252.98078973992335,5,2,56271,22,icmp,dns,RSTR,Malicious,C&C
2.4964592464248057,44.332355195709,59858.726463303545,5,5,59862,23,icmp,ssh,REJ,Benign,None
2.7604433735448057,28.98705155129041,562.2335402593769,4,1,60744,2323,icmp,dns,REJ,Malicious,PartOfAHorizontalPortScan
15.85190925293894,330.15156367727803,99.04286797533436,3,3,17201,8080,icmp,ssl,S0,Malicious,PartOfAHorizontalPortScan
0.004761882997988988,1165.6668210961902,55.882218880446445,27,3,24222,23,udp,dhcp,RSTR,Malicious,DDoS
2.0840005748927206,303.4509152253627,1587.937743753032,49,8,46621,80,udp,ssh,RSTO,Benign,None
2.577055622435913,732.6332354616486,66762.80783844557,11,8,27930,53,icmp,ssl,RSTO,Benign,None
0.34982335627257216,909.8361332518751,158.4702606160198,4,3,13881,2323,udp,-,RSTR,Malicious,PartOfAHorizontalPortScan
0.007394326630423736,1239.6490357164153,49.12148078569891,40,0,38270,23,icmp,dns,RSTR,Malicious,DDoS
0.016482612546265426,1206.8111492948667,60.61129519367175,47,4,41619,443,tcp,dhcp,S0,Malicious,DDoS
0.2578359397195507,13.098328037434916,99.0105406567662,6,2,20457,443,tcp,dhcp,RSTR,Malicious,C&C
0.3293125199773649,152.78442355032826,0.0,1,0,56180,23,icmp,-,S0,Malicious,Mirai
0.016750517797916583,1062.9765032242979,57.279338539030924,94,3,60785,2323,icmp,ssh,RSTR,Malicious,DDoS
3.0792756149288922,675.4553571593707,552.0687375911956,8,4,42196,443,tcp,ssl,RSTR,Benign,None
9.172756456265121,449.1225175536512,220.18351840931135,2,6,31362,53,udp,-,RSTO,Malicious,PartOfAHorizontalPortScan
0.005970127319520734,1204.3930995381572,41.7301530389311,66,4,48889,2323,icmp,ssl,RSTR,Malicious,DDoS
0.5941350923880264,5407.46300309695,870.2976051031534,2,5,29037,53,udp,dns,SH,Benign,None
18.896035085815733,172.94191004230836,75.57584941003063,2,2,49015,443,tcp,-,RSTO,Malicious,C&C
2.4695454236482424,24.878276476292335,262.86630147919954,5,2,35994,23,icmp,-,RSTO,Malicious,PartOfAHorizontalPortScan
0.020677323386383853,2786.5889194539873,33681.38216104474,3,7,51111,80,tcp,ssl,RSTR,Benign,None
8.50328641287778,343.9658206600737,1836.703527726755,7,2,18367,80,udp,dns,SH,Benign,None
0.027262853760687263,157.8856664356544,0.0,4,0,61675,53,tcp,ssl,S0,Malicious,Mirai
0.6338981638440049,860.961993427191,734.8494943695432,12,1,28806,2323,tcp,ssh,SH,Benign,None
7.176720399929541,1260.6777017190702,2459.8628375162575,7,12,46078,53,icmp,-,S0,Benign,None
11.507180853760099,234.26987505503322,75.53147695930298,4,2,64981,23,tcp,ssl,RSTR,Malicious,PartOfAHorizontalPortScan
0.011780907516049436,160.20374950605373,0.0,1,0,32780,22,udp,ssl,S0,Malicious,Mirai
3.111008752507733,171.7212116270909,59.1612086675481,2,2,8920,443,udp,http,SF,Malicious,PartOfAHorizontalPortScan
0.00682600584346381,1200.7299678930647,61.39761025533637,24,3,13618,443,udp,dns,SH,Malicious,DDoS
0.00859786634762701,1146.1409144891338,40.08488213444672,18,2,1669,443,tcp,-,S0,Malicious,DDoS
0.1874153745411591,632.1889769209779,3073.256901532673,10,5,23622,53,tcp,dhcp,REJ,Benign,None
0.25137130864158946,176.8740942272668,0.0,4,0,21237,443,tcp,http,S0,Malicious,Mirai
0.0005244696766845726,1210.3563461357076,43.35541779885831,67,4,40704,2323,tcp,dns,REJ,Malicious,DDoS
0.01706518123228402,1406.6035450124998,44.43307860590223,94,0,37298,80,tcp,dhcp,SF,Malicious,DDoS
2.900116349062683,110.39011760808688,44.208184397170115,7,4,24261,23,udp,-,S0,Malicious,PartOfAHorizontalPortScan
0.9804916897698245,470.69123631177825,4217.381652553253,5,23,50802,22,icmp,dhcp,S0,Benign,None
0.10923375448037881,357.84260442589925,6483.932037106649,47,7,12000,2323,tcp,dhcp,RSTO,Benign,None
0.013973327738681549,145.4303010879831,0.0,2,0,45438,53,icmp,ssl,S0,Malicious,Mirai
0.18884011954584096,167.48395750532666,0.0,2,0,45915,8080,udp,ssl,S0,Malicious,Mirai
0.021107596905200688,1841.0909502651714,937.590104542047,8,11,30969,2323,icmp,-,RSTO,Benign,None
18.76842323557861,44.531047946139815,1039.2329043571556,2,2,34941,22,udp,ssh,REJ,Malicious,C&C
9.063133322520933,245.6582290303374,104.733047638061,4,1,14455,23,udp,ssl,RSTO,Malicious,C&C
9.323218366133863,109.26241994485896,711.6925674307363,4,2,30176,23,udp,http,S0,Malicious,C&C
0.016145794022056167,173.43809777272588,0.0,2,0,36362,23,icmp,dns,S0,Malicious,Mirai
0.035092277207308224,127.02107897092134,0.0,1,0,3265,2323,udp,-,S0,Malicious,Mirai
1.569913202276587,141.12486264758738,137.85675654327054,3,2,12520,80,icmp,dns,RSTO,Malicious,C&C
0.04388376732678321,175.27478965499682,0.0,2,0,33162,80,udp,ssh,S0,Malicious,Mirai
0.005716212716360851,169.12607490906754,0.0,1,0,34106,8080,icmp,ssh,S0,Malicious,Mirai
2.354388022952585,108.49435793840821,30.761155216465347,4,3,34647,443,udp,ssl,S0,Malicious,C&C
3.7248782278636163,194.9045139109838,101.87145499955213,6,2,28587,2323,udp,ssh,REJ,Malicious,PartOfAHorizontalPortScan
9.84120622210151,1056.7429100351394,60.012385143934296,4,4,44794,23,udp,dns,SH,Malicious,C&C
4.108040693060211,1208.1420287274047,5158.869870019166,38,13,21583,2323,icmp,http,S0,Benign,None
0.22572027756698834,134.96709645859656,0.0,2,0,3338,2323,udp,dhcp,S0,Malicious,Mirai
2.7498589873672943,34.50960414910718,340.99195125977303,3,1,20597,23,icmp,dhcp,S0,Malicious,C&C
2.6322735382987,2045.5869223149157,498.669558009438,15,8,30275,53,icmp,dns,RSTO,Benign,None
9.572858543162502,112.16819310425197,108.4794047842465,3,3,11555,53,tcp,http,RSTR,Malicious,PartOfAHorizontalPortScan
0.00022322437387920912,1238.8491350908598,47.958716041458665,93,1,17448,53,udp,-,SF,Malicious,DDoS
9.669994698272165,1993.2231953373207,5437.113090152857,11,22,36284,8080,udp,http,REJ,Benign,None
11.286977039497215,148.63462904044852,150.47233220468306,2,1,8080,8080,tcp,dhcp,SF,Malicious,C&C
5.384123615783493,345.8601843640644,1237.8313079672478,5,9,65345,23,icmp,dhcp,RSTO,Benign,None
26.52051287847368,70.70515734022305,69.50257672045791,2,6,45600,80,icmp,dns,SF,Malicious,C&C
0.00029297184790183994,1186.4531230168213,52.65215413242555,97,2,1267,22,tcp,ssl,RSTO,Malicious,DDoS
0.030139051135484842,1351.5811055274635,47.15182203398851,99,0,40910,53,udp,dns,RSTO,Malicious,DDoS
4.03200069315654,162.1365532226251,201.89953783922314,3,3,54743,53,udp,-,RSTO,Malicious,PartOfAHorizontalPortScan
0.6011851891398529,1413.7833831626938,171.16756567079054,2,2,6617,80,udp,ssl,SF,Malicious,PartOfAHorizontalPortScan
1.5387185163363808,5933.891757145839,1040.4099821138934,7,39,49833,8080,tcp,dns,S0,Benign,None
0.36102380196367184,116.05601481882196,23.958240753070527,4,3,62486,2323,tcp,dns,S0,Malicious,C&C
0.001500980050783411,1281.4496159286673,42.20643641345857,74,3,62118,23,icmp,ssh,REJ,Malicious,DDoS
3.443287955444707,117.03396336265797,18.86962121118623,1,4,5494,23,icmp,ssh,RSTO,Malicious,PartOfAHorizontalPortScan
0.10111729529731231,144.57628215212628,0.0,2,0,36955,23,udp,dns,S0,Malicious,Mirai
0.002501366876419814,1339.5800859415751,54.29007360602378,55,4,28889,80,tcp,ssh,RSTO,Malicious,DDoS
0.010936963143690567,1078.0382316596151,61.33435722174054,45,2,29404,53,icmp,dns,SF,Malicious,DDoS
0.11023622472193295,125.1106378440507,0.0,1,0,19159,2323,icmp,dhcp,S0,Malicious,Mirai
1.3380223534906461,217.57396191074682,1117.7887490119626,75,23,1050,443,tcp,dns,S0,Benign,None
5.2487169643775,2173.5141055962217,16326.929949201718,92,6,30423,80,icmp,dhcp,REJ,Benign,None
0.006883146929979813,1247.173664674525,55.9219770575362,27,2,29495,80,udp,dhcp,REJ,Malicious,DDoS
0.5275888970488872,38332.36087006436,2211.4831515946157,11,20,62571,22,udp,ssl,S0,Benign,None
3.6225072795298114,48.88599314968512,13.622310985275906,4,2,32445,443,icmp,dhcp,RSTO,Malicious,C&C
0.0030966246325754634,1280.987344641049,58.520429790212404,28,0,53878,22,udp,ssl,REJ,Malicious,DDoS
0.6942311021100668,309.9112539403461,12.581523137513386,3,2,64679,53,tcp,dns,RSTO,Malicious,C&C
1.8504856092466986,9589.253753044331,789.1220424881534,16,75,50380,443,tcp,ssl,SF,Benign,None
0.193336558213818,145.33889605927368,0.0,3,0,16535,80,tcp,dhcp,S0,Malicious,Mirai
7.183828323355289,53.081600025677986,44.18385237503262,5,2,8166,22,udp,http,SH,Malicious,PartOfAHorizontalPortScan
0.7708647366558393,4180.505899198283,1207.1755629375348,14,5,56386,8080,udp,dns,REJ,Benign,None
0.01780890297387917,1153.8131744798116,44.30804100253548,49,2,16049,80,tcp,http,RSTR,Malicious,DDoS
0.007890077571673067,1126.1466190067915,43.22106194737684,59,3,35757,23,tcp,http,REJ,Malicious,DDoS
2.848994046364318,505.66625893732555,6473.087097465843,2,2,28454,23,tcp,-,S0,Benign,None
0.5841897111163923,107.6148091377627,174.51178381754033,15,3,24336,22,tcp,ssl,S0,Malicious,PartOfAHorizontalPortScan
0.15658460141052669,597.3085592825217,1206.3124474549577,12,23,16509,80,tcp,dhcp,RSTR,Benign,None
0.19718166736073137,194.03098570938113,0.0,3,0,60363,80,tcp,-,S0,Malicious,Mirai
4.0589102380985596,112.54366407973139,110.04487397324488,4,1,17729,2323,tcp,ssh,SH,Malicious,PartOfAHorizontalPortScan
1.9109303378033498,872.9356217632621,977.60267396926,3,2,52051,53,icmp,dns,REJ,Benign,None
0.006338963414380369,1291.306819140525,23.667341399746658,94,2,20750,443,tcp,-,SF,Malicious,DDoS
1.1986747606734098,280.91499281292795,782.3886682244785,4,1,60482,80,tcp,-,SF,Malicious,PartOfAHorizontalPortScan
0.013075015856694665,1477.2611283105618,47.15783264822801,44,3,26802,2323,udp,dns,SF,Malicious,DDoS
0.028367710874312,1236.7557810810256,44.691312577432356,34,2,15105,23,tcp,ssl,RSTR,Malicious,DDoS
0.0071750339130207536,1086.492641661752,52.16222786920562,63,4,56019,22,icmp,dns,SH,Malicious,DDoS
3.0289980356567114,824.922645649425,56684.16684095171,9,19,50490,2323,tcp,http,SH,Benign,None
0.02416924625239775,1152.9558477443675,56.870708574699364,46,4,57672,22,tcp,-,SH,Malicious,DDoS
0.0016191484195250134,1135.9685290224675,41.011397120038694,63,4,56105,2323,tcp,http,REJ,Malicious,DDoS
0.15321237099269694,1051.3796651088694,5407.984574140807,9,114,65124,2323,tcp,http,RSTR,Benign,None
0.3273621823661657,136.87168179252785,0.0,3,0,50688,443,tcp,ssh,S0,Malicious,Mirai
0.10411233459259733,135.23249361540226,0.0,4,0,46337,443,tcp,http,S0,Malicious,Mirai
0.005743295715384214,1233.7243013747527,40.646412698536444,54,0,56694,22,udp,dns,SH,Malicious,DDoS
1.8205823317616572,1719.1645529648868,5488.392722255143,4,7,22075,23,icmp,dhcp,RSTR,Benign,None
5.722621365563008,48.37807005123163,413.66194210802183,3,4,28255,23,icmp,dhcp,RSTR,Malicious,C&C
0.019939681815011923,173.94646176860093,0.0,1,0,2286,443,icmp,-,S0,Malicious,Mirai
0.40828941753378084,188.04242089370294,192.68871921885986,4,5,35535,443,udp,http,RSTR,Malicious,PartOfAHorizontalPortScan
1.3235416412111092,74.61370249747407,49.002810286381816,4,1,37411,8080,udp,-,RSTR,Malicious,C&C
0.06230363230253645,192.07305945230152,0.0,2,0,53414,22,icmp,ssh,S0,Malicious,Mirai
4.940771186445108,20.756744916997967,137.9963841689834,5,3,11295,443,udp,dhcp,S0,Malicious,PartOfAHorizontalPortScan
0.00475222635363326,176.7009185960968,0.0,4,0,13607,23,udp,-,S0,Malicious,Mirai
0.004555574758265432,1329.6158025073669,74.50166036831578,88,4,64536,22,tcp,ssl,RSTR,Malicious,DDoS
0.021549876312960098,1149.5023869512136,44.129400902068205,84,0,60277,443,icmp,ssh,RSTR,Malicious,DDoS
8.751303476800006e-05,1089.1711522197813,39.027155764140666,51,3,37659,22,icmp,dns,SH,Malicious,DDoS
0.012912841735563065,1198.8831782230613,39.0275779967783,97,1,23007,23,tcp,ssh,SF,Malicious,DDoS
0.001534215972621205,1245.5426297197457,68.40582910345223,55,0,53531,80,icmp,dhcp,SH,Malicious,DDoS
3.2817117348901172,168.6267066465667,267.9600461761659,4,1,20728,8080,tcp,ssl,RSTO,Malicious,C&C
2.6655097790466495,730.0362454161382,1041.6271146575123,10,6,57214,23,tcp,http,S0,Benign,None
0.01795963639356,151.96067729162797,0.0,2,0,60247,2323,icmp,ssh,S0,Malicious,Mirai
0.022491083211156195,26.017656316697657,662.7142908086187,3,3,16140,22,udp,ssh,SF,Malicious,PartOfAHorizontalPortScan
0.0012700146988860414,1136.531075805144,26.87302538146705,72,3,58180,2323,udp,http,SF,Malicious,DDoS
0.005653572673918527,1105.6927124957265,45.87709786966053,73,3,33581,2323,tcp,dhcp,SH,Malicious,DDoS
0.20000340269398983,140.8859601772389,0.0,2,0,2507,443,tcp,dns,S0,Malicious,Mirai
3.195728389061576,5036.222154553356,295.1145929496525,12,11,43750,443,tcp,http,SF,Benign,None
14.0631268292325,193.01811667334408,24.809369558284402,4,4,52259,23,icmp,ssh,REJ,Malicious,PartOfAHorizontalPortScan
0.6317824813984902,360.7219977426411,42.957852419114474,5,2,40851,443,icmp,ssh,S0,Malicious,C&C
1.3315442393734551,4816.92087346013,7099.778014433799,5,5,46123,22,icmp,http,S0,Benign,None
4.25326087426814,69.34289036395977,469.49253385774176,4,2,47367,23,icmp,dns,S0,Malicious,PartOfAHorizontalPortScan
0.194478006788815,156.52470248882915,0.0,2,0,46319,23,udp,-,S0,Malicious,Mirai
0.0811324672511839,685.8678518311326,9125.05988020215,33,9,41199,80,tcp,ssh,SF,Benign,None
5.749166460802653,455.8275166066537,271.65237027117223,4,1,45766,8080,tcp,dhcp,SF,Malicious,PartOfAHorizontalPortScan
0.022516578760657577,137.0846010707209,0.0,2,0,29952,2323,udp,-,S0,Malicious,Mirai
0.22868480391132012,218.50611885382676,192.77054583348408,3,34,8334,443,icmp,-,RSTO,Benign,None
0.0005835882533813319,1217.1776445658409,60.113975104131995,97,3,47092,53,icmp,dhcp,SH,Malicious,DDoS
13.326599729779044,100.47038138798412,92.21280036361233,3,4,10547,443,tcp,dns,SH,Malicious,C&C
0.3163032531170554,1440.934026146177,1591.5146885772742,7,10,34544,443,tcp,ssh,REJ,Benign,None
0.03553517512019661,1341.4073529384157,44.158227035137166,50,2,61956,443,icmp,ssl,SF,Malicious,DDoS
1.6300674160122648,1556.9141066096806,5493.151133225907,9,14,27894,8080,udp,-,REJ,Benign,None
0.004530411106709084,104.68326368428941,0.0,3,0,56508,80,udp,dhcp,S0,Malicious,Mirai
2.817679853188106,28.41513209466526,59.001076096231735,2,3,15129,80,udp,http,SH,Malicious,PartOfAHorizontalPortScan
0.15913795544261863,88.98603673628375,130.58236442302862,5,2,13866,2323,tcp,-,SF,Malicious,PartOfAHorizontalPortScan
0.3325361908691673,559.070870185596,4637.709831136265,10,40,3250,80,udp,dhcp,REJ,Benign,None
13.821365383154184,178.23039265788003,464.83466450245174,3,2,53596,443,tcp,ssh,REJ,Malicious,PartOfAHorizontalPortScan
0.06088431455373738,113.33243855991148,0.0,4,0,41172,53,tcp,ssl,S0,Malicious,Mirai
1.3836226598350936,230.72950815991717,15124.417961848005,5,16,17795,443,tcp,http,RSTO,Benign,None
0.011021423700357092,1192.9288990013883,55.94756805392088,64,3,60686,23,icmp,ssl,SF,Malicious,DDoS
3.6119993776668355,94.34579954604509,118.42953864179822,5,6,21273,8080,icmp,dns,REJ,Malicious,C&C
7.186306609123916,79.6525326461286,1054.2354624194618,6,2,42695,443,icmp,ssh,RSTO,Malicious,PartOfAHorizontalPortScan
0.04128784330183587,160.77879749733262,0.0,3,0,3483,8080,icmp,-,S0,Malicious,Mirai
0.6992931656719816,27.986697550093535,49.15638279151634,3,5,48372,22,udp,dhcp,RSTO,Malicious,PartOfAHorizontalPortScan
5.434636391654956,362.4995631129427,18.70312998773135,3,2,12969,23,tcp,ssh,S0,Malicious,PartOfAHorizontalPortScan
1.655575500723857,2376.1953517267625,12403.595374281425,11,4,61002,22,udp,dns,SF,Benign,None
3.571482103169137,178.63920055349578,1555.3868750724562,4,2,57470,8080,udp,dns,SF,Malicious,PartOfAHorizontalPortScan
6.5098449315584315,102.43183024435675,213.45894732633928,2,7,13504,443,icmp,dns,SH,Malicious,PartOfAHorizontalPortScan
5.29773044879339,2579.918422557504,6958.1995861125215,10,6,38845,53,tcp,ssl,RSTR,Benign,None
8.175132312125301,119.80218664848167,1967.161503388547,5,3,53418,2323,udp,ssh,S0,Malicious,C&C
0.044797268577548066,184.2385529044052,0.0,4,0,14881,80,tcp,http,S0,Malicious,Mirai
0.9127353187458277,1681.6687390499744,14953.166518219849,2,22,38194,80,udp,ssh,RSTR,Benign,None
2.400436763775979,864.7081635132851,50.1213672374461,6,8,12014,23,udp,dhcp,RSTO,Malicious,PartOfAHorizontalPortScan
4.641014041710447,143.595919409767,165.2324213140174,4,3,48113,2323,udp,ssh,S0,Malicious,PartOfAHorizontalPortScan
3.50076507540361,1354.689535749824,3909.2378469798364,16,11,13901,443,udp,-,S0,Benign,None
13.25301462109078,169.72945568699043,160.5526716280411,3,6,24798,443,tcp,-,REJ,Malicious,C&C
1.5191541025434423,1926.0802642167905,1461.4092697643732,6,16,16984,23,tcp,ssh,SF,Benign,None
0.21499155306914833,347.6083444859225,83.8938853687002,3,2,27559,22,icmp,ssl,REJ,Malicious,C&C
0.44051105360658843,590.7280948589402,774.2783279460465,10,13,7295,22,tcp,ssl,S0,Benign,None
0.9915027533456335,23.759215444381965,75.89344785880469,5,5,14026,8080,udp,dhcp,SF,Malicious,PartOfAHorizontalPortScan
0.32067416777268365,157.70356309107882,0.0,2,0,51386,2323,udp,dns,S0,Malicious,Mirai
0.065462452863057,152.50463069287886,0.0,1,0,18254,80,icmp,-,S0,Malicious,Mirai
0.36039271203404666,171.11201997595816,0.0,4,0,64213,8080,udp,dhcp,S0,Malicious,Mirai
1.5366641795853582,1565.744758360507,206.11646022059543,5,106,36105,53,icmp,ssl,SF,Benign,None
0.011344644040160412,1448.6828448209287,42.98887352867805,14,0,12937,2323,udp,http,RSTR,Malicious,DDoS
0.29147283721641615,100.0953060137078,154.98069913899516,2,2,15307,53,udp,ssl,SF,Malicious,PartOfAHorizontalPortScan
0.021974978665973265,1246.2993318474792,51.33518362710618,16,2,32317,53,icmp,http,REJ,Malicious,DDoS
2.8217324521018954,2389.3286951040536,183.9947585519642,5,4,1397,22,tcp,http,SF,Malicious,PartOfAHorizontalPortScan
0.06763992914678499,139.8213934604185,0.0,1,0,3673,23,tcp,http,S0,Malicious,Mirai
0.03724988990841312,1227.196118789967,44.69344680443102,54,4,62673,22,icmp,ssh,S0,Malicious,DDoS
0.015777354097093802,113.6667333549809,0.0,4,0,18475,80,udp,-,S0,Malicious,Mirai
0.850706103653337,836.7620779514704,99.7233545449282,3,2,40212,443,icmp,ssh,RSTO,Malicious,PartOfAHorizontalPortScan
0.08135229044924645,142.58860742824908,0.0,2,0,16854,443,icmp,-,S0,Malicious,Mirai
0.8064309614231295,184.17358225855446,37.15496010976802,2,1,49022,23,udp,ssl,SH,Malicious,PartOfAHorizontalPortScan
1.5133551532059175,1903.6242542048094,113.88573207568247,37,25,32765,443,tcp,dns,SF,Benign,None
0.28062799764193513,218.78315550778441,18751.2441312014,4,38,61363,53,tcp,http,RSTR,Benign,None
5.845648796756602,66.1598806588213,320.89712415817183,3,3,30390,8080,icmp,dns,S0,Malicious,C&C
9.69666147912567,322.61369947612656,1764.3693187153985,41,22,19804,8080,icmp,ssl,SH,Benign,None
7.735977166441464,154.3123189936014,44.74829267240138,3,4,50902,80,tcp,http,RSTR,Malicious,C&C
5.724871650852799,52.56710449719713,59.08658066077323,3,1,2235,443,udp,dhcp,S0,Malicious,C&C
0.0028417623448052896,1187.607131119361,49.326418037390546,48,3,42257,80,icmp,dhcp,SF,Malicious,DDoS
1.8343303568933043,498.33829640112737,102.44473876090893,3,1,62384,8080,icmp,ssh,S0,Malicious,PartOfAHorizontalPortScan
5.686674903714881,830.8624849770604,66.89202777800978,5,4,21783,80,udp,ssl,RSTR,Malicious,PartOfAHorizontalPortScan
0.18045256356215408,4461.202230553587,2893.9221743969847,2,4,59198,22,udp,http,SH,Benign,None
1.8953238716433864,2498.4606982222044,10861.98641341706,5,106,57657,2323,tcp,dhcp,SH,Benign,None
0.0325672807411968,183.04108912758863,0.0,3,0,65038,23,udp,dhcp,S0,Malicious,Mirai
0.039932748031286484,129.55518905816342,0.0,4,0,44992,53,icmp,dhcp,S0,Malicious,Mirai
0.014336289541315123,130.83747007541191,0.0,1,0,34708,2323,udp,ssh,S0,Malicious,Mirai
0.48768940320686077,5265.986960672411,1718.5250323593727,13,25,41552,2323,icmp,http,S0,Benign,None
0.0038220069016507235,1166.6228489902217,48.52983573082802,96,3,24271,22,udp,-,SH,Malicious,DDoS
7.069710270523249,28.917063891059616,148.1474088833757,3,4,47986,23,icmp,ssh,REJ,Malicious,C&C
0.06611111391365426,163.34546034369606,0.0,2,0,46707,22,tcp,dhcp,S0,Malicious,Mirai
0.007828660853893178,161.60379788725785,0.0,3,0,59641,80,tcp,dns,S0,Malicious,Mirai
0.04665375310875762,80.37645780602548,6.460823900771619,6,3,27486,23,icmp,http,RSTR,Malicious,PartOfAHorizontalPortScan
0.016334577257459827,107.67868002773609,0.0,1,0,28606,80,tcp,http,S0,Malicious,Mirai
0.005075486187365836,1208.3743613723304,64.81833578489065,50,1,36910,8080,tcp,ssl,REJ,Malicious,DDoS
4.583805446322561,228.57262198997336,173.1567694069338,4,1,31141,443,tcp,http,RSTR,Malicious,C&C
1.0614134069296426,116.98575621988515,80.010707250129,2,3,47294,23,tcp,http,S0,Malicious,PartOfAHorizontalPortScan
1.5972797224754116,1211.999524098388,2499.967121582171,25,12,27667,8080,tcp,dns,RSTR,Benign,None
0.06253951620304538,166.1822275787567,0.0,1,0,22665,80,icmp,ssh,S0,Malicious,Mirai
2.4598693096969386,425.62611061622675,701.1989460630749,2,1,38762,443,icmp,dhcp,SF,Malicious,PartOfAHorizontalPortScan
0.8787183449383078,261.27267569918877,51.06047985652251,2,2,52898,22,tcp,dns,SF,Malicious,PartOfAHorizontalPortScan
1.8571018098431673,1218.3849833282698,6529.989886973405,25,16,32258,53,udp,dns,REJ,Benign,None
3.8159266147155444,2607.5862602048464,52849.091751587985,3,43,4103,80,icmp,dns,RSTO,Benign,None
0.1444496612512274,96.88394662475174,95.70932128544652,5,1,42868,80,tcp,-,RSTO,Malicious,C&C
0.27785057841491717,169.7345639495712,0.0,4,0,45427,22,tcp,http,S0,Malicious,Mirai
0.8612655588854601,1010.9015133540258,785.8177601421716,7,39,24301,53,udp,dns,REJ,Benign,None
0.590168439824588,453.3827743171349,765.0792461311773,16,8,30290,23,tcp,ssh,SH,Benign,None
9.715700637356175,287.1634119132535,73.40312179054735,4,1,15349,80,icmp,dns,SF,Malicious,PartOfAHorizontalPortScan
1.3309869411708137,192.53908610615562,19784.80475697162,4,18,25373,8080,tcp,http,RSTR,Benign,None
1.2496158129551225,117.86357996294151,194.41399227848467,4,2,35504,53,icmp,dns,REJ,Malicious,C&C
4.229333216405327,1303.6416547507172,4275.3566129059745,19,147,34129,22,udp,-,SH,Benign,None
5.407276478660366,547.5037609255652,1932.0195297220403,11,21,37352,80,tcp,http,S0,Benign,None
0.23717702050019232,154.47198805631535,165.92753224335655,3,2,31004,80,udp,dns,SF,Malicious,C&C
0.003855927371107296,1238.1278592342942,56.11499053210051,68,2,23442,53,icmp,http,REJ,Malicious,DDoS
0.3212149445661947,171.6814639588459,0.0,3,0,54372,443,udp,ssl,S0,Malicious,Mirai
13.4456358596038,1141.2895750716482,285.38640730638485,4,2,43712,23,tcp,ssh,S0,Malicious,C&C
0.007822078282444746,1237.2021717900634,49.51823874859604,30,3,10964,2323,tcp,ssl,REJ,Malicious,DDoS
0.0009308955726154408,1127.6574901465103,39.052303545155254,55,0,55035,22,tcp,ssl,RSTR,Malicious,DDoS
17.686242334225284,156.01105758896546,98.17022994819511,4,2,51145,23,udp,dhcp,RSTO,Malicious,C&C
6.2855800130079995,54.63465274588941,82.83174761272124,6,3,46599,23,icmp,dns,S0,Malicious,PartOfAHorizontalPortScan
0.008716364973278079,1233.564663385262,69.38571100449383,28,0,31555,443,udp,-,RSTO,Malicious,DDoS
0.03907732776602487,146.1657726068224,0.0,1,0,4492,8080,tcp,dhcp,S0,Malicious,Mirai
1.0134696061255772,1085.2931269727073,7777.038843596483,32,12,52173,2323,udp,-,S0,Benign,None
1.3187192701526629,979.6525086000286,147.79777230407652,5,22,42535,443,icmp,ssl,REJ,Benign,None
7.344879276835529,18.326304617905468,97.7199296336861,4,5,55610,2323,icmp,http,RSTO,Malicious,C&C
4.373535715103512,137.9390013175996,71.57069817496847,5,3,10951,8080,udp,-,RSTO,Malicious,PartOfAHorizontalPortScan
0.005477566083830593,1099.752992253849,69.5554049937368,85,4,18219,80,udp,-,S0,Malicious,DDoS
7.413456445908009,122.05151246755047,223.38593736100293,3,3,54317,53,udp,dns,RSTR,Malicious,C&C
3.1045387342387314,235.0583394869422,577.3521833037244,5,4,19460,8080,udp,dns,SH,Malicious,C&C
0.008237093754504965,155.48773961838586,0.0,2,0,22763,23,icmp,-,S0,Malicious,Mirai
0.12053460247949283,165.41474036327,0.0,4,0,30068,2323,tcp,ssh,S0,Malicious,Mirai
0.06743665660266573,172.20677547613096,0.0,4,0,30753,2323,tcp,ssh,S0,Malicious,Mirai
5.009863325816403,11315.448937942549,233.60900315552857,5,51,15678,22,icmp,http,RSTO,Benign,None
5.707199268217891,301.98001677646346,149.92608203382773,6,2,16602,443,icmp,ssl,RSTR,Malicious,C&C
0.5940371404644859,7706.387408089109,15639.391263857866,4,12,62799,22,udp,dhcp,SF,Benign,None
0.14595966377377065,151.0930277670718,0.0,4,0,18428,23,tcp,ssh,S0,Malicious,Mirai
0.2204195657108329,119.42408475697682,0.0,4,0,16141,443,icmp,dns,S0,Malicious,Mirai
1.9852509265156848,103.92313251601118,311.33175609919033,4,3,18337,22,udp,-,S0,Malicious,PartOfAHorizontalPortScan
0.025352001127778075,130.55389944609018,0.0,3,0,38429,80,udp,ssl,S0,Malicious,Mirai
0.001559499578574222,1137.251657803729,37.0078600374233,65,4,46317,22,udp,dhcp,RSTR,Malicious,DDoS
5.041248165270721,98.4348414786726,118.98539137297018,7,2,46261,80,tcp,-,SH,Malicious,PartOfAHorizontalPortScan
1.949853516337604,696.5581742360631,7185.378935510697,5,46,25277,8080,icmp,ssl,REJ,Benign,None
1.0736329436132603,1028.4650140117951,1699.2222586037715,13,11,8945,443,udp,-,SF,Benign,None
2.26922167484024,20.671923537235852,34.30630353365115,3,5,64143,80,udp,http,REJ,Malicious,PartOfAHorizontalPortScan
0.016017733244955184,1149.5833843844596,49.57764555859968,87,4,19276,443,tcp,ssl,RSTO,Malicious,DDoS
0.02522758780834013,149.09114278286629,0.0,1,0,39168,2323,icmp,http,S0,Malicious,Mirai
2.2964335828217157,69.60742324799196,76.05021433299056,3,4,65385,23,tcp,dns,S0,Malicious,C&C
2.4540299450369587,843.1650486961232,28825.222037069394,10,2,52992,8080,tcp,dns,SH,Benign,None
0.0893021379141815,153.64407026312367,0.0,3,0,10452,22,icmp,ssh,S0,Malicious,Mirai
0.6452085447013983,211.4880649670253,106.9465258137974,2,8,58714,53,icmp,ssl,RSTR,Malicious,PartOfAHorizontalPortScan
0.05736757238076947,2537.0167999836326,6932.411436916281,3,57,51601,22,tcp,ssh,S0,Benign,None
0.023786661561633355,135.75184399842024,0.0,2,0,14063,22,tcp,ssh,S0,Malicious,Mirai
0.9912106194754459,9536.387297735804,838.1182498011594,3,12,17491,443,udp,dhcp,SF,Benign,None
1.7964447092548192,1468.2126036039201,913.6330365268273,2,21,64447,80,udp,dns,RSTR,Benign,None
0.5045748506255925,42.498004366612385,231.8468741994986,3,6,41424,8080,tcp,http,S0,Malicious,C&C
0.5947583354445848,344.95572662162283,1297.7773708736615,2,1,40835,8080,tcp,ssh,S0,Malicious,PartOfAHorizontalPortScan
0.32911043115140676,169.64507754318592,0.0,3,0,14168,53,udp,http,S0,Malicious,Mirai
0.42322577824240615,312.9652065261943,10257.911319409239,33,12,4384,23,icmp,ssl,RSTO,Benign,None
0.6858655782294277,3620.9681088465627,1097.9884998815655,22,13,56384,53,icmp,ssl,SF,Benign,None
12.566420486173005,100.79969684414618,233.5259207592544,3,3,56951,53,icmp,dhcp,SF,Malicious,PartOfAHorizontalPortScan
14.307353793843339,231.1421008274608,64.08609201532776,2,4,6357,8080,tcp,dhcp,SH,Malicious,PartOfAHorizontalPortScan
0.1386867568547073,139.43016566598212,0.0,3,0,34478,22,udp,-,S0,Malicious,Mirai
0.08996370575189505,173.41536391197,0.0,2,0,8570,8080,udp,ssl,S0,Malicious,Mirai
2.4022167795966407,112.72271643701163,269.16537911946466,3,2,36379,80,tcp,-,RSTO,Malicious,C&C
9.297782660132315,54.933730395007274,151.45484854856363,3,1,38246,2323,udp,http,RSTO,Malicious,C&C
0.0005074595580186195,1245.0983508296374,45.11559204210158,60,0,3101,443,icmp,ssh,RSTR,Malicious,DDoS
3.0692166158687275,5951.00697603862,3957.4647293492276,4,13,10583,53,tcp,ssh,RSTR,Benign,None
0.005905609194392493,1391.801168089091,37.81471117975939,91,1,50734,8080,icmp,http,REJ,Malicious,DDoS
0.05087146594605668,137.11323073426203,0.0,4,0,23540,53,tcp,dns,S0,Malicious,Mirai
7.7607368004549855,150.0468945037213,53.91441932329252,1,6,3656,2323,udp,http,S0,Malicious,PartOfAHorizontalPortScan
4.822740331802287,290.0759463281681,745.2903603917441,5,1,53469,443,icmp,ssh,REJ,Malicious,PartOfAHorizontalPortScan
2.6880017992415666,128.89629801854062,148.47553648654488,3,3,14347,22,tcp,dns,SF,Malicious,C&C
1.5566903685040303,232.2263698033991,935.3910421381202,2,2,41111,23,udp,dhcp,SH,Malicious,C&C
0.3477396103167796,1033.6959756774356,2073.2934915869932,8,3,24639,23,icmp,dns,SH,Benign,None
2.713214309401449,87.9436713122927,436.03080673173116,10,1,48078,80,icmp,dns,S0,Malicious,C&C
1.0504057294593048,507.890752067419,388.5840157847089,2,5,56697,22,tcp,ssl,RSTO,Malicious,PartOfAHorizontalPortScan
0.08394155415463372,168.87620322666882,0.0,3,0,31884,22,icmp,dhcp,S0,Malicious,Mirai
0.0056474281467051805,1210.832660431683,71.3257347750438,42,2,60001,22,udp,-,SH,Malicious,DDoS
4.07698339998378,4333.052995312869,7039.107107129335,7,14,57950,53,udp,-,S0,Benign,None
2.984532061111848,16.725782638347386,240.21480959952345,4,5,11472,22,icmp,-,RSTR,Malicious,PartOfAHorizontalPortScan
0.9079529360834225,117.41068858113454,64.79523286692415,3,2,33954,80,icmp,ssh,SH,Malicious,C&C
3.5400865926672545,591.0755600442856,127.97426730546026,45,9,31583,8080,icmp,dhcp,S0,Benign,None
0.0009291746439473691,1089.0867264515157,56.28856460744651,13,4,43303,2323,udp,dhcp,SF,Malicious,DDoS
1.336902983936231,295.959075376656,6920.930159782256,40,5,51274,22,tcp,dns,REJ,Benign,None
3.4412429919624334,1303.447635088182,5054.698122906219,2,8,47316,80,udp,http,SH,Benign,None
8.417615291719864,147.86875068112613,754.5981749647639,2,2,58848,80,icmp,dns,SF,Malicious,C&C
0.5668138609579487,1117.3479012582231,1693.4224295817537,17,27,42668,80,tcp,dhcp,REJ,Benign,None
2.494549058318657,145.63158221028053,50.934538202745756,3,5,4686,443,udp,dhcp,SF,Malicious,PartOfAHorizontalPortScan
0.2829030888660978,48.4826221421252,88.6352791284361,4,4,54783,443,udp,http,S0,Malicious,C&C
7.621911548983543,80.97757307688055,126.80790703417335,8,2,56651,8080,tcp,ssl,SH,Malicious,C&C
4.137754863296475,81.1573050836903,20.339773418841258,5,2,24839,2323,udp,ssh,REJ,Malicious,PartOfAHorizontalPortScan
0.4298687845038196,78.69191252835066,30.691478515583732,2,3,52089,53,tcp,-,SF,Malicious,C&C
0.06396350806144964,155.09549641633643,0.0,3,0,24375,53,tcp,-,S0,Malicious,Mirai
14.453166591865987,23.023309946914917,520.0523416942234,5,1,43439,22,icmp,http,RSTR,Malicious,C&C
0.012105254276650693,140.8951377670865,0.0,2,0,61939,2323,tcp,-,S0,Malicious,Mirai
3.6056588506700242,38.10076754682909,214.64157502779378,2,2,49183,80,icmp,dns,S0,Malicious,PartOfAHorizontalPortScan
0.7233014036716225,824.167948883977,1024.5831353024755,7,5,27294,2323,udp,-,S0,Benign,None
0.9423306493114345,1061.075044174387,88902.60223365182,3,6,60648,8080,tcp,ssl,RSTR,Benign,None
5.681958207209564,233.8956472416172,133.0544331407327,2,2,3243,443,tcp,http,SF,Malicious,C&C
3.5370044774971605,987.3061407971198,634.86979468652,8,39,56729,2323,udp,-,REJ,Benign,None
0.14435464554638133,144.71046988980706,0.0,3,0,46882,22,udp,ssh,S0,Malicious,Mirai
0.014306889534543777,1083.2546516705906,47.64081769129632,50,2,60718,23,udp,dns,RSTR,Malicious,DDoS
16.27382393497578,298.21144543384537,58.44671336909338,3,1,14235,2323,tcp,http,REJ,Malicious,PartOfAHorizontalPortScan
0.03884548854142717,3542.093297080589,10807.432811202085,4,14,20771,80,icmp,ssh,RSTR,Benign,None
0.05789945347981498,122.26961020206731,0.0,2,0,62811,443,udp,ssh,S0,Malicious,Mirai
3.9952047661364,155.22037526147892,371.56418683366337,3,2,50022,8080,udp,dhcp,SH,Malicious,PartOfAHorizontalPortScan
4.119040906808604,376.45070563772884,93.7381676567423,1,1,44241,2323,icmp,ssl,REJ,Malicious,PartOfAHorizontalPortScan
0.065000231363035,175.82168791089325,0.0,1,0,2432,23,tcp,-,S0,Malicious,Mirai
0.31364258170277276,1613.8764846586407,8372.117397826181,3,27,18560,8080,tcp,dns,SH,Benign,None
2.3739766091871433,167.6563627639355,143.30483179971077,3,2,10336,8080,tcp,ssl,RSTR,Malicious,C&C
2.149513787845196,1650.567298721431,512.384765556252,15,29,30021,80,tcp,http,SF,Benign,None
0.02494950555239135,116.67378461016624,0.0,2,0,46063,22,udp,ssl,S0,Malicious,Mirai
2.614709536743261,465.1985656929533,5753.262600380239,5,18,42014,443,icmp,ssh,S0,Benign,None
3.057334772146424,227.31637326070162,486.1448329694791,3,2,58207,2323,icmp,-,SF,Malicious,PartOfAHorizontalPortScan
0.42509774359354796,235.83264320764354,363.58317434941233,2,3,31472,23,udp,ssh,S0,Malicious,PartOfAHorizontalPortScan
0.3427959619346473,760.4033088332176,4277.2041431794905,4,17,22043,22,udp,http,RSTR,Benign,None
0.031093147290713483,450.58029352656973,67294.48545151405,7,37,33972,53,udp,ssl,S0,Benign,None
0.0029116007153134,1067.6176780146627,34.37537735806556,88,1,57279,23,tcp,ssh,S0,Malicious,DDoS
2.101997698259267,916.2997860318476,1560.3792660429879,4,29,22339,22,icmp,ssh,RSTO,Benign,None
0.2251807905637817,132.29368676542956,0.0,2,0,30473,23,tcp,ssh,S0,Malicious,Mirai
4.273797858387146,162.19193083740834,804.5765532314128,6,1,56827,23,tcp,dhcp,S0,Malicious,C&C
4.712504334400379,3390.165389528763,18167.97290854448,2,8,11625,80,tcp,http,RSTO,Benign,None
1.709737975416771,325.120425351204,418.7712325500126,9,22,30490,2323,tcp,http,REJ,Benign,None
0.2598351429785805,155.50417084364204,0.0,4,0,5211,443,icmp,ssl,S0,Malicious,Mirai
4.263335298620371,4527.078522851798,2967.705354972511,6,22,6504,443,icmp,dns,RSTO,Benign,None
0.007606170188950135,1230.6444762869055,25.7811785366428,51,0,15578,53,tcp,dhcp,S0,Malicious,DDoS
0.0546286060420729,131.4524465253541,0.0,1,0,40982,80,udp,dhcp,S0,Malicious,Mirai
0.01414769062623228,1150.7973191697404,60.01635907255863,36,0,8640,443,icmp,http,SF,Malicious,DDoS
3.2808121294164394,52.390627698750514,194.26691520034547,3,3,55517,80,icmp,ssh,RSTO,Malicious,C&C
0.715292694081016,1293.9876899745398,9937.678967629747,3,70,25489,2323,tcp,-,S0,Benign,None
0.8858120615147024,3674.6419630871414,3125.172164220709,3,7,33528,22,icmp,ssh,SH,Benign,None
0.00472645968726594,1084.1275548850153,55.72336827301358,86,1,61211,23,udp,ssl,S0,Malicious,DDoS
5.425788504346036,297.7997860338742,192.14004380036755,2,2,48806,8080,udp,dns,S0,Malicious,C&C
0.013675204892159254,143.72587924720375,0.0,2,0,36664,8080,icmp,dns,S0,Malicious,Mirai
0.013378739648513598,1229.1336656872254,55.059814486446484,39,3,28265,2323,tcp,dns,RSTR,Malicious,DDoS
3.933870982399108,41.569953961299284,45.03237469628424,3,2,48464,23,udp,-,SF,Malicious,C&C
3.3122446625911546,277.5865846416656,285.9013897506223,3,2,4091,53,tcp,ssl,RSTO,Malicious,PartOfAHorizontalPortScan
1.7851237994111757,312.4159760921732,207.42818465895306,5,2,45262,22,icmp,ssl,RSTO,Malicious,PartOfAHorizontalPortScan
0.01756041294594174,1110.1245121512013,47.65376194273229,44,1,38465,22,tcp,ssh,S0,Malicious,DDoS
0.2692015569146965,69.71241447518548,207.29916001380374,3,5,56102,2323,tcp,-,SF,Malicious,C&C
2.821796783372795,127.28456184711352,348.94635276871156,3,5,36584,23,icmp,http,RSTR,Malicious,PartOfAHorizontalPortScan
3.3280215446298786,239.9046635219329,11224.67604046209,5,4,22128,23,udp,dns,SH,Benign,None
3.3452224033509563,1396.5904122461982,5420.335954447832,17,5,31947,53,tcp,-,REJ,Benign,None
0.06695768041898412,739.90266216204,638.0381859789429,4,11,49204,53,tcp,dhcp,SH,Benign,None
0.4598308626716795,869.6257202647577,808.8430926397638,25,17,11846,80,tcp,ssl,RSTO,Benign,None
0.14721870822858338,155.37081981474378,0.0,3,0,57381,22,icmp,ssl,S0,Malicious,Mirai
0.02258121437537015,1106.802216968248,66.95611216631912,44,2,34457,2323,icmp,ssl,RSTR,Malicious,DDoS
1.599571968728246,1415.4979902530579,968.9109324485312,133,9,10075,22,udp,http,SF,Benign,None
2.3168217531754567,1515.8597019588842,3157.240565561346,5,5,3045,80,icmp,ssl,RSTR,Benign,None
0.005092515650349702,1375.873178086393,39.23457814104615,42,2,25948,53,udp,ssh,SF,Malicious,DDoS
20.86528471009164,250.85381482863414,136.61063616115788,2,5,58278,22,udp,dhcp,SH,Malicious,C&C
15.168675195255762,186.14076303652467,466.31821566620147,4,2,59640,53,udp,dhcp,RSTR,Malicious,C&C
0.08638955652888582,176.3942419103737,0.0,2,0,29473,23,tcp,-,S0,Malicious,Mirai
0.09215217352265036,153.19379044404693,0.0,1,0,14893,23,udp,ssh,S0,Malicious,Mirai
0.022694322166100865,1169.6577759159584,36.48238098655904,48,0,44046,8080,udp,dhcp,RSTR,Malicious,DDoS
1.2679760996929663,411.96512019626766,1463.3401303509422,10,3,44382,23,tcp,dhcp,RSTR,Benign,None
0.01504589012430837,170.89785868839974,0.0,2,0,33990,80,udp,ssh,S0,Malicious,Mirai
0.03174095335377115,1284.8710950774946,65.05887951797773,25,3,26571,8080,icmp,http,SH,Malicious,DDoS
0.10946647980873965,186.02871846252918,0.0,4,0,20746,53,udp,dhcp,S0,Malicious,Mirai
2.8427806674993183,449.6754528423091,55.80982171943742,3,3,39509,8080,tcp,-,SH,Malicious,PartOfAHorizontalPortScan
0.020872345729559472,1261.7608883375601,40.09374391535604,58,2,45294,53,udp,http,RSTR,Malicious,DDoS
0.7550841265539928,1400.2389130024571,246.55076805457054,19,29,18828,443,tcp,-,RSTR,Benign,None
0.02949837530221678,141.82575386298092,0.0,4,0,41481,53,icmp,ssh,S0,Malicious,Mirai
0.019388340220084538,154.09916364334535,0.0,1,0,2815,53,udp,dhcp,S0,Malicious,Mirai
0.04474603303958574,158.28609156908811,0.0,3,0,64724,80,icmp,http,S0,Malicious,Mirai
2.913937504167625,2725.110395211301,10041.699271955707,17,19,22321,23,udp,ssh,SH,Benign,None
3.185609907420688,363.24671076429286,316.4028667697827,11,31,27388,22,udp,dns,SH,Benign,None
11.231448061684926,401.2681203122569,481.75978747109315,3,1,21250,22,udp,dns,RSTO,Malicious,C&C
1.107497446756536,830.7591076075037,8535.998815766432,2,26,49214,53,tcp,dhcp,RSTO,Benign,None
0.005571944220219049,1122.935287419789,48.148665467891156,36,0,18281,22,icmp,ssh,REJ,Malicious,DDoS
6.048979587638176,3197.08397225829,1132.9347615824324,7,36,15016,22,udp,ssl,RSTO,Benign,None
0.9703671355468908,1600.571015349125,50841.14813369294,3,10,60847,23,udp,-,S0,Benign,None
15.705993580424488,171.48457672061795,362.25353469160615,2,4,57052,23,icmp,-,RSTR,Malicious,C&C
0.01612986056591858,1866.8239357243067,5665.433192475752,4,26,25450,80,udp,ssl,RSTO,Benign,None
0.6037175286576767,8500.175808538339,791.3585102216834,16,13,20513,443,udp,dhcp,SF,Benign,None
2.4234179276163617,1153.6909523888417,2690.1409757185634,6,21,50406,53,icmp,http,S0,Benign,None
5.296671490653994,891.1963570208396,1560.8133838810984,7,54,14324,22,udp,ssh,S0,Benign,None
0.0013097409703143386,1104.1276678691354,41.82295849256143,83,0,53197,22,udp,dhcp,RSTR,Malicious,DDoS
0.021115688328264205,1000.8855080247776,45.855731921874806,77,0,2817,53,tcp,http,SH,Malicious,DDoS
17.107776385777736,535.5453696598879,108.92717491477622,2,2,3743,53,tcp,dhcp,SF,Malicious,C&C
1.360840732923433,74.70778015201924,120.49093774189333,2,1,13567,8080,icmp,-,RSTO,Malicious,PartOfAHorizontalPortScan
1.7007419632797618,177.32662162592877,56.12425036238287,8,2,41840,8080,icmp,ssh,S0,Malicious,C&C
0.010993546474052268,1147.5793343301204,55.049889847366764,98,0,59440,53,icmp,ssl,SF,Malicious,DDoS
0.025725747978456694,131.29802804958962,0.0,1,0,49816,23,udp,http,S0,Malicious,Mirai
6.2126136311497016,45.14531389463213,108.67711490833823,6,1,36632,8080,icmp,http,RSTR,Malicious,C&C
0.009556905237814719,1213.4101690609657,47.88591202753791,85,2,9348,22,tcp,http,S0,Malicious,DDoS
1.0357271908592713,309.0296110130947,73.04650156076306,8,4,36797,8080,tcp,dhcp,RSTO,Malicious,PartOfAHorizontalPortScan
3.397805397400182,156.57741609175142,687.6386021864978,5,3,57021,23,tcp,ssh,REJ,Malicious,PartOfAHorizontalPortScan
0.030321332091291425,1158.0394420518949,51.644760271259855,28,3,28997,23,udp,dhcp,SF,Malicious,DDoS
0.0021221647922363323,1061.7991185305373,38.98962991451001,19,3,13715,22,udp,dhcp,S0,Malicious,DDoS
1.1531027103648592,42.35081494076949,27.807349044717196,2,2,2941,443,tcp,http,RSTO,Malicious,C&C
3.566109534931266,503.3062858689427,1356.1267282124138,6,8,1375,53,tcp,-,RSTO,Benign,None
0.0016412748649898502,136.75136188537823,0.0,1,0,21865,80,udp,ssl,S0,Malicious,Mirai
0.1294798136985475,180.0417639968583,0.0,1,0,43515,22,tcp,http,S0,Malicious,Mirai
1.949227868039287,142.23273963451916,215.29565329410713,3,2,63790,443,udp,dhcp,RSTO,Malicious,C&C
4.8337589264122025,308.16564028906635,5986.13339259397,14,12,17642,2323,tcp,dhcp,RSTR,Benign,None
2.2282939226952054,96.3956786173082,166.5368934576539,3,1,25284,23,tcp,ssh,RSTR,Malicious,C&C
5.336995442306433,698.8879967431553,19325.343468447834,2,104,10737,80,udp,-,SH,Benign,None
0.3107537096241549,1140.8479267249206,3986.7329880135367,86,118,26558,443,tcp,-,S0,Benign,None
6.647910296216489,300.73573545974165,256.8399053887917,3,1,41333,443,icmp,http,RSTO,Malicious,PartOfAHorizontalPortScan
2.11407134100401,983.6479620279497,29039.722214477966,70,52,38952,2323,tcp,dhcp,RSTR,Benign,None
5.865751516961327,151.63041809794572,24.265125543801563,2,4,53297,2323,tcp,dhcp,RSTO,Malicious,PartOfAHorizontalPortScan
0.22406990474164526,241.810362384875,341.2388720316673,6,7,15237,8080,tcp,dns,REJ,Malicious,PartOfAHorizontalPortScan
10.743213026432063,112.47136520378332,499.42044153371427,3,2,39778,2323,udp,ssh,RSTR,Malicious,PartOfAHorizontalPortScan
0.6902947689372996,2883.34955528615,3274.989490960042,7,10,12749,443,icmp,ssl,SH,Benign,None
2.573010559012359,111.91290628032112,53.363072670535814,3,2,35901,2323,icmp,dhcp,SF,Malicious,C&C
3.3736193628907944,209.384804425613,87.36536041008343,2,1,54518,8080,icmp,dhcp,SH,Malicious,PartOfAHorizontalPortScan
3.87554768187527,95.90559312142426,223.3328918921763,4,1,51201,2323,tcp,-,RSTO,Malicious,PartOfAHorizontalPortScan
0.01872094647264913,1138.7654241029466,49.559896112429485,14,1,42585,80,udp,dhcp,RSTR,Malicious,DDoS
0.2457366796260016,15.914073751258895,189.14214234788466,3,1,44384,80,udp,-,SF,Malicious,C&C
1.5015520365057609,392.05569295297937,20.791522919929893,4,2,35008,53,tcp,dhcp,SH,Malicious,C&C
0.21250599823927419,145.48255545786074,0.0,2,0,19912,8080,udp,ssl,S0,Malicious,Mirai
1.2743776475794522,784.9512120898587,3307.201321594941,1,8,36601,22,udp,dhcp,SF,Benign,None
1.425523368031947,250.48210835048766,741.765757968517,84,37,52351,22,icmp,dns,S0,Benign,None
0.020418751099703553,1037.354780996781,26.33259304592505,40,4,5815,8080,tcp,ssl,S0,Malicious,DDoS
0.02674144200230399,1200.7155357168012,44.19622475020189,27,4,54468,80,tcp,http,SF,Malicious,DDoS
0.013728362665877935,1295.897726573487,38.13598135466257,74,0,33240,22,tcp,ssh,S0,Malicious,DDoS
5.025064996623358,1176.8777913513102,848.608480293107,3,3,63969,2323,tcp,ssh,SF,Malicious,C&C
9.906428804551776,651.8939747383379,55.18575414487414,5,5,38120,53,icmp,-,RSTO,Malicious,C&C
0.1040106152856938,127.75191834682683,0.0,1,0,57930,443,tcp,-,S0,Malicious,Mirai
2.2825600303668234,20.962553225144497,133.62885025379984,6,0,48405,2323,udp,ssh,S0,Malicious,PartOfAHorizontalPortScan
0.024050661866391026,1208.3313456815295,48.920615458461,84,1,41510,53,tcp,http,RSTO,Malicious,DDoS
5.505993744375963,1304.8689935549446,33819.34472286222,22,34,58348,2323,tcp,dhcp,SF,Benign,None
0.0068747435447673675,1396.0512635691916,52.36080817233985,76,1,17805,8080,udp,dhcp,RSTR,Malicious,DDoS
0.047928289480765496,120.33742563937055,0.0,2,0,25367,22,tcp,dns,S0,Malicious,Mirai
0.0008287810058710951,1128.1527255131957,53.36032552063021,27,4,14199,2323,tcp,dns,REJ,Malicious,DDoS
2.5805777559145637,471.2015645225603,2254.5611260867527,8,23,47935,22,icmp,ssl,REJ,Benign,None
0.6624111545655548,1735.8406908875404,393.68022500229733,4,7,30533,22,tcp,-,RSTO,Malicious,C&C
0.05728964665309726,164.0697042395026,0.0,3,0,13951,22,icmp,ssh,S0,Malicious,Mirai
0.06988475103252653,133.51710860223812,0.0,4,0,58978,2323,icmp,ssl,S0,Malicious,Mirai
0.3106794121982929,156.62506242016377,0.0,1,0,13146,8080,icmp,http,S0,Malicious,Mirai
0.6428091175023974,110.56121138179823,47.12852035807617,4,3,22972,22,udp,ssl,RSTR,Malicious,C&C
0.19808965800458403,188.55088529859916,0.0,1,0,55309,80,icmp,dns,S0,Malicious,Mirai
0.08165431807370238,177.7248664447654,0.0,4,0,51090,2323,tcp,ssh,S0,Malicious,Mirai
0.04345797274567498,134.8375328093203,0.0,3,0,24833,2323,icmp,http,S0,Malicious,Mirai
4.124921724753715,100.85291329714923,342.8631642219038,4,1,8530,53,tcp,-,RSTO,Malicious,C&C
2.3668113603057703,43.32857673349878,353.93317444614974,3,4,61979,22,udp,ssh,SF,Malicious,C&C
0.0017093268327231634,1171.1075220817127,49.08066801547322,71,4,33506,23,tcp,http,RSTO,Malicious,DDoS
5.295372177919299,288.90144935733997,71.96153186003907,4,2,27866,8080,icmp,ssh,RSTO,Malicious,PartOfAHorizontalPortScan
0.03298178560436531,142.8318391741417,0.0,4,0,13732,53,icmp,dhcp,S0,Malicious,Mirai
5.873287878486729,382.50382754732146,1099.0804159001664,7,4,4092,23,udp,http,SH,Malicious,PartOfAHorizontalPortScan
0.5549121282771912,861.6010821828957,26746.329235583446,43,40,15550,80,icmp,ssl,SF,Benign,None
10.89992199812708,1118.4919797573912,539.2754536909954,3,2,27237,53,tcp,http,S0,Malicious,PartOfAHorizontalPortScan
0.0159841832258364,143.33729625963826,0.0,2,0,25593,80,icmp,http,S0,Malicious,Mirai
0.10663575806807941,151.01954720079792,0.0,1,0,17997,80,udp,http,S0,Malicious,Mirai
0.11923845030966268,158.99837625770678,0.0,3,0,35916,53,udp,dns,S0,Malicious,Mirai
0.020090324103817007,1236.478786779008,50.71654523173418,58,0,10889,53,udp,http,RSTR,Malicious,DDoS
0.020284868871692223,155.43948621509628,0.0,4,0,64617,8080,icmp,ssl,S0,Malicious,Mirai
0.8065151355774178,93.04678969504177,115.23010488907204,2,2,50655,80,icmp,dns,REJ,Malicious,C&C
0.011326039546099582,1227.2842154734383,39.837473431358156,70,4,1030,53,udp,ssl,REJ,Malicious,DDoS
0.013735907375256595,195.88643844509554,0.0,2,0,34514,80,icmp,http,S0,Malicious,Mirai
0.023900899253422776,169.5840979200444,0.0,3,0,20126,8080,udp,ssh,S0,Malicious,Mirai
5.96928154012836,41.70464617001061,348.85200098024194,4,1,50744,2323,tcp,ssl,S0,Malicious,C&C
3.3604353420690773,93.98226493957208,367.64245632149476,3,2,60908,23,tcp,ssh,S0,Malicious,PartOfAHorizontalPortScan
0.31120309443469063,667.5141271162045,1233.3488536090792,2,63,22609,23,icmp,dhcp,RSTR,Benign,None
0.2084111661521332,141.63899400033867,0.0,3,0,55260,2323,tcp,ssh,S0,Malicious,Mirai
0.39433133286506694,3810.7400184009493,5232.305698109185,12,26,33620,8080,udp,-,RSTO,Benign,None
12.598032085074111,820.1109761266645,703.2869878715156,4,1,22255,2323,tcp,dhcp,SF,Malicious,PartOfAHorizontalPortScan
19.74014888877533,102.18542606999492,73.90614830573197,2,3,34862,8080,udp,http,SF,Malicious,PartOfAHorizontalPortScan
0.010851771034245006,157.89552065549304,0.0,4,0,27953,23,tcp,ssh,S0,Malicious,Mirai
0.0044320111584197856,1191.1690907608513,46.42598973759098,28,1,58216,23,icmp,dhcp,SF,Malicious,DDoS
0.003657917498243238,1194.8392674126947,51.4164474550769,29,3,64242,23,udp,-,SH,Malicious,DDoS
0.09907501750502068,198.5423394172563,0.0,3,0,20686,2323,udp,dns,S0,Malicious,Mirai
0.8021112185806525,223.10943703442905,73722.82220705664,23,9,45757,2323,udp,-,REJ,Benign,None
4.076694098938447,42.819961714291885,78.01678144188017,4,1,26306,80,icmp,-,REJ,Malicious,PartOfAHorizontalPortScan
0.46495663792954134,2904.7014870138573,310.5237752809503,11,21,19248,80,icmp,-,SH,Benign,None
0.014786971894079083,1092.4147771104278,44.42896425723734,13,4,62429,23,udp,dns,RSTO,Malicious,DDoS
0.010830594296479798,138.94854539113632,0.0,1,0,47214,53,udp,dns,S0,Malicious,Mirai
1.9745578862810211,22.641638965433337,238.5286026594257,3,1,33731,8080,tcp,ssh,SF,Malicious,C&C
2.629353693893103,533.3488191613451,464.49520032729436,10,12,40930,443,tcp,ssh,S0,Benign,None
6.3584467628189545,301.2412658213372,201.7795796451037,3,2,11127,443,udp,http,RSTO,Malicious,C&C
0.12235556676961577,73.31987669206023,177.7804882016777,2,1,65011,8080,icmp,dns,SH,Malicious,C&C
4.670439783532614,339.15860638896567,256.298660200818,4,2,54810,53,tcp,dns,SF,Malicious,PartOfAHorizontalPortScan
2.396793728802188,419.674363283034,229.5804326926286,2,1,42882,80,icmp,ssh,SH,Malicious,PartOfAHorizontalPortScan
0.03999531003830925,143.78390226088322,0.0,1,0,6131,443,icmp,ssh,S0,Malicious,Mirai
0.014998187974043072,140.7004584474696,0.0,4,0,41693,22,icmp,dhcp,S0,Malicious,Mirai
0.0009385998029845135,155.4150936801253,5468.2201504706645,14,65,7902,22,tcp,dns,RSTO,Benign,None
0.8570660132265785,1517.9394758064602,27162.428561925055,30,25,35002,8080,tcp,dns,RSTR,Benign,None
9.753851579595876,162.33894332581428,36.65284131284401,2,2,9029,8080,icmp,dns,REJ,Malicious,PartOfAHorizontalPortScan
0.05945860498532788,122.98850009585259,0.0,1,0,6397,80,tcp,-,S0,Malicious,Mirai
0.05684074310440941,172.50535194009453,0.0,3,0,12217,23,udp,dns,S0,Malicious,Mirai
0.40923777686508195,244.5435574378058,2426.9404357576695,5,9,7482,2323,tcp,dns,SF,Benign,None
0.011532875758273792,1340.5166614419036,36.59357692824402,58,3,27350,8080,tcp,ssl,RSTO,Malicious,DDoS
0.0057476363036978355,1493.259359659312,580.0030257310495,1,5,42576,8080,udp,dns,RSTO,Benign,None
9.432703131637226,216.44822237725538,46.94336611755564,4,3,44693,2323,icmp,ssh,S0,Malicious,C&C
0.2951611134877688,117.79056373527548,0.0,2,0,63749,8080,tcp,-,S0,Malicious,Mirai
0.06267763955827745,136.14018436712064,0.0,3,0,5270,23,udp,http,S0,Malicious,Mirai
0.030695016069617543,94.96653752996718,0.0,3,0,37222,23,udp,ssl,S0,Malicious,Mirai
0.14506323886590317,174.7844701150736,0.0,4,0,37764,22,udp,ssl,S0,Malicious,Mirai
2.4358595491451767,6584.31880664652,3347.63820323072,19,20,7744,23,tcp,dhcp,RSTO,Benign,None
13.304301894332141,210.46685373442577,123.36130389235775,3,4,10610,53,tcp,-,SH,Malicious,C&C
0.0030813807190975336,1259.491619497052,43.40785093990465,11,4,11810,53,tcp,ssh,RSTR,Malicious,DDoS
1.9018430229057999,355.9241354478933,1226.8395747534744,4,2,47276,53,tcp,http,RSTR,Benign,None
2.0960883656614757,76.38602850663203,62.100129098162256,4,2,53091,8080,icmp,dns,SF,Malicious,C&C
0.37199743906113275,1682.4147257338634,109.13066343671593,9,21,51717,53,icmp,ssl,RSTR,Benign,None
0.3075571522473616,439.66261637309964,5920.699368256554,7,29,12182,23,icmp,dns,REJ,Benign,None
1.608939179665436,982.6405396122763,4498.049616273075,13,14,26430,8080,udp,ssh,REJ,Benign,None
3.934036144702291,122.59976417225253,163.8565741113919,3,1,25330,2323,udp,ssh,S0,Malicious,PartOfAHorizontalPortScan
2.184201484332956,333.3611355464627,23905.95987029664,13,7,41632,443,icmp,ssl,REJ,Benign,None
0.3632763652421433,42.297165542251335,76.22009546645496,4,2,41358,443,udp,dhcp,S0,Malicious,PartOfAHorizontalPortScan
0.004410452126085308,1215.8726573726672,57.67651569456956,62,3,31695,8080,tcp,dns,SH,Malicious,DDoS
10.098351775936507,49.00634135674102,563.775643588614,3,2,60298,80,icmp,http,RSTO,Malicious,PartOfAHorizontalPortScan
0.28656758647013003,167.14055024979805,0.0,2,0,11359,53,udp,http,S0,Malicious,Mirai
3.035297390610057,199.08953032060836,370.9031577213137,2,2,53854,22,tcp,dns,SF,Malicious,PartOfAHorizontalPortScan
0.00526841935054396,149.70303350528326,0.0,1,0,39045,443,icmp,dns,S0,Malicious,Mirai
0.06676914371266907,115.20885102726102,0.0,3,0,44934,2323,tcp,dhcp,S0,Malicious,Mirai
0.10367678681537931,128.57481532678455,0.0,3,0,37536,22,tcp,ssh,S0,Malicious,Mirai
0.10366053236519651,146.082801872759,0.0,2,0,58471,22,icmp,-,S0,Malicious,Mirai
1.2709416269819847,75.5677115796996,159.1062349816432,4,5,19593,23,tcp,dhcp,RSTO,Malicious,C&C
2.78424093274306,1124.5607979353729,2330.122826914968,6,38,50893,22,udp,ssl,RSTR,Benign,None
0.018427996142703643,1217.4597317767443,41.60013375534715,79,2,12799,22,tcp,-,SH,Malicious,DDoS
8.09671402856888,211.801224249966,15.160688799101196,3,2,37885,2323,udp,http,RSTR,Malicious,C&C
0.009305353747154048,1195.8666780730334,41.526838653222114,93,3,15321,2323,tcp,http,RSTO,Malicious,DDoS
0.0035413245816257803,145.98664408267544,0.0,3,0,41799,53,udp,ssl,S0,Malicious,Mirai
0.02810937217466974,124.43216312976689,0.0,3,0,25187,23,tcp,-,S0,Malicious,Mirai
1.2638373986965101,882.2318600511944,1547.8051461589357,26,9,11282,23,icmp,ssl,SH,Benign,None
0.00622095604445539,1289.6423561144143,49.00814049762195,55,0,52378,443,tcp,dhcp,RSTO,Malicious,DDoS
0.0024152565280027715,1333.0076624658013,51.77574873310874,17,4,4225,8080,udp,http,RSTO,Malicious,DDoS
3.55195049853328,1264.6670906682898,3446.1570832460084,3,4,17189,80,udp,http,SH,Benign,None
0.005767920853486792,144.25384926744033,0.0,1,0,43832,8080,icmp,ssh,S0,Malicious,Mirai
0.0034122740696489718,1155.8506175291739,43.62890987531981,50,3,25425,2323,tcp,http,SH,Malicious,DDoS
1.2852340189670144,507.37032313878007,19.284575462863025,8,1,53926,80,tcp,http,RSTR,Malicious,C&C
4.483376324666143,2056.3456606651753,1152.621709981528,12,10,62445,443,udp,dhcp,REJ,Benign,None
0.42730593638747155,19.198230079045896,168.1765054720878,4,3,33265,23,tcp,ssh,RSTR,Malicious,PartOfAHorizontalPortScan
0.11909007931966209,127.1291966428058,0.0,3,0,28936,443,udp,http,S0,Malicious,Mirai
2.019360862588582,1351.6209516484555,28741.73544391515,2,10,49198,22,udp,dhcp,S0,Benign,None
0.45185287967574417,153.05812840212343,0.0,1,0,27137,2323,icmp,http,S0,Malicious,Mirai
15.793703317412168,241.2029887806141,102.8718373240167,4,1,11562,53,tcp,ssh,SF,Malicious,C&C
0.38335283366785355,192.53674116366454,0.0,4,0,1676,80,tcp,ssh,S0,Malicious,Mirai
11.603933725469275,203.39498610811054,87.59659803731886,3,3,14317,53,udp,ssh,SF,Malicious,C&C
3.7294891887411086,160.6607506959413,208.11727165370607,3,1,3171,22,icmp,-,SH,Malicious,C&C
1.0180525928968593,194.5989885278585,903.1047072551784,11,21,44656,53,udp,-,RSTO,Benign,None
0.9798953178705561,525.2178216956517,1384.4308762793073,45,14,61505,53,udp,http,S0,Benign,None
0.91287865249505,518.7976779855195,644.9551732241936,26,24,6956,80,tcp,http,SF,Benign,None
13.100759025325235,84.46037879673982,848.8049820699109,6,2,34779,80,tcp,-,S0,Malicious,PartOfAHorizontalPortScan
0.6993191556056315,579.8514753256194,705.2622293506806,4,22,10360,23,icmp,dns,S0,Benign,None
1.6354848793694634,398.62556118101514,358.2638118032055,2,2,38637,2323,tcp,ssl,RSTO,Malicious,C&C
3.4744280641249183,68.63058546995852,32.67985421069443,2,1,57650,23,tcp,-,REJ,Malicious,C&C
0.01653289961806153,1314.3976298094067,54.57880681530626,32,1,23336,443,tcp,-,RSTO,Malicious,DDoS
1.6386220287378348,151.37760969529793,44.5704681588396,3,2,12334,22,icmp,-,SF,Malicious,C&C
3.668853014318557,380.8465056614192,20494.817465542346,9,12,31305,443,udp,ssl,REJ,Benign,None
13.493323553206997,169.71688763795612,414.5953856609388,3,2,23045,80,icmp,dns,SF,Malicious,PartOfAHorizontalPortScan
0.8480340225054739,1807.7265792310625,553.6084175328651,3,22,61602,80,tcp,-,SH,Benign,None
5.120940217149394,2344.768406755816,824.0226190735318,8,1,6386,23,tcp,ssl,SH,Benign,None
0.03614627293506373,113.33332741381723,0.0,3,0,19521,2323,tcp,ssl,S0,Malicious,Mirai
0.20450259333824922,2415.2537924701246,223.9534062913743,17,19,53354,80,udp,dns,REJ,Benign,None
0.0007276590550449273,1156.717280012273,39.69523769635371,47,0,53392,22,icmp,ssl,RSTR,Malicious,DDoS
0.006366811616915991,1138.7494117868716,33.89357948121728,62,1,25568,23,tcp,-,RSTR,Malicious,DDoS
0.08991531319078461,166.81206453854173,0.0,2,0,28367,8080,udp,ssl,S0,Malicious,Mirai
0.007582257576119792,1047.8330627029538,55.20902237894074,25,1,48798,2323,tcp,dns,S0,Malicious,DDoS
1.2819978760869417,918.5723745413176,3811.3006596929367,34,12,15207,443,icmp,ssh,SH,Benign,None
0.24358196645398578,1696.5232955320516,711.8741800852468,14,4,62788,22,tcp,-,RSTR,Benign,None
12.182800142291448,423.9367385422661,592.1089199385711,3,2,19358,443,tcp,-,RSTR,Malicious,PartOfAHorizontalPortScan
0.009081159517985098,1289.7812610750768,32.04845518065057,68,0,6436,80,icmp,dns,SF,Malicious,DDoS
0.39987927363395553,1243.3971435787348,1094.3490255386234,69,56,48343,22,icmp,ssl,SF,Benign,None
5.734577709726088,101.52560660490792,9263.934643813322,44,5,64720,8080,icmp,http,SH,Benign,None
13.666595104566868,339.48732227358374,43.487742750551284,3,0,31145,2323,icmp,dhcp,SH,Malicious,C&C
5.486518258425986,407.16200038392634,14252.973082266926,17,19,9483,8080,tcp,-,RSTR,Benign,None
10.998286941001572,239.15518990254319,143.9061844509691,5,13,38728,443,udp,dhcp,SF,Malicious,C&C
0.0647175060550763,2019.2088922411415,1013.8076561557345,9,13,62201,2323,icmp,dhcp,S0,Benign,None
0.026528241993326086,178.26513178792,0.0,3,0,50122,8080,tcp,http,S0,Malicious,Mirai
0.04447555882823929,147.22742940442214,0.0,3,0,38355,8080,icmp,ssh,S0,Malicious,Mirai
0.017665805525374827,1252.0797488970452,64.93293358218281,50,4,15554,53,icmp,http,S0,Malicious,DDoS
0.09993625976325778,158.58799599502194,0.0,4,0,59461,23,icmp,dhcp,S0,Malicious,Mirai
6.715038163172676,825.7223280132587,56.358150484965165,3,1,46745,443,tcp,ssh,SF,Malicious,PartOfAHorizontalPortScan
7.710956724998094,117.89461051730497,116.34398851668094,4,2,23934,22,icmp,dns,RSTO,Malicious,C&C
0.010942657655869414,145.73630076321317,0.0,1,0,57298,2323,icmp,http,S0,Malicious,Mirai
0.007344500685213048,1300.270077439794,35.49001821460092,87,1,40805,80,icmp,dns,RSTR,Malicious,DDoS
0.8105248883063685,437.07696571352784,67.65694967813057,5,2,10848,23,icmp,ssh,RSTO,Malicious,PartOfAHorizontalPortScan
0.06552109219145857,179.5227433367061,0.0,3,0,17166,23,udp,http,S0,Malicious,Mirai
0.008372325533379313,1347.3679116608832,51.67222459280971,46,4,40170,53,icmp,dns,SF,Malicious,DDoS
5.328489770627395,7722.970263391957,5266.7405749124355,9,15,10387,2323,udp,dhcp,SF,Benign,None
3.919904077965963,61.84261794686646,452.935277323756,2,1,48744,22,icmp,ssh,RSTO,Malicious,PartOfAHorizontalPortScan
8.481803829169863,548.0216607205241,309.87126495776863,3,2,15332,2323,tcp,dhcp,RSTO,Malicious,C&C
0.019071329449647092,1144.9063480493135,52.69004321716529,19,2,4055,2323,icmp,ssl,RSTR,Malicious,DDoS
0.7822962661955407,590.7893275805334,656.154787539463,16,34,42404,23,icmp,ssl,RSTO,Benign,None
0.13710026340904555,149.2149467435593,0.0,1,0,9689,80,icmp,ssl,S0,Malicious,Mirai
1.0783850293422381,719.9037406315153,199.74236839664607,3,5,33031,80,icmp,dhcp,S0,Benign,None
0.013747768879421083,1329.0880868774134,46.97346374744967,61,0,64150,8080,udp,dhcp,RSTR,Malicious,DDoS
3.0302969792384875,58.57603819501627,16.558013009538016,4,3,6186,80,udp,-,REJ,Malicious,PartOfAHorizontalPortScan
5.124424100085081,192.747774885754,19.804376083339296,3,3,38423,8080,icmp,-,REJ,Malicious,PartOfAHorizontalPortScan
0.014597310341105394,1029.5589468528888,27.263072292173376,97,1,19460,22,tcp,ssh,REJ,Malicious,DDoS
0.02315009935364787,67.59661842977374,170.9956416344113,5,3,57646,22,icmp,dhcp,SH,Malicious,C&C
0.029253407282003097,95.33553375206199,0.0,2,0,63669,53,udp,dhcp,S0,Malicious,Mirai
0.5513320593165241,24.822933402831072,270.86933061778313,5,5,38048,2323,udp,-,RSTR,Malicious,PartOfAHorizontalPortScan
12.820615709148056,168.2809506706537,56.619159002108304,1,0,23494,8080,icmp,-,S0,Malicious,C&C
1.3791224231772228,2316.802435081261,7270.488444619313,71,64,46094,8080,tcp,dhcp,SH,Benign,None
18.74793193981578,53.246849721626205,193.63066362855804,8,2,2766,443,icmp,dhcp,REJ,Malicious,C&C
0.013741855286950669,138.43192243474365,0.0,3,0,5280,443,icmp,dns,S0,Malicious,Mirai
1.9284275216428513,2141.6297071349563,224.49662352952393,3,31,6320,2323,icmp,ssl,SF,Benign,None
4.157324894932316,179.3491809332505,2395.412901163515,4,4,31115,443,icmp,ssl,RSTR,Benign,None
1.9009716596113697,384.4155888706954,199.1705507333446,5,2,18228,8080,udp,-,RSTO,Malicious,PartOfAHorizontalPortScan
6.755387182704139,46.11359396266751,122.43045682586082,7,2,34728,80,udp,ssh,S0,Malicious,PartOfAHorizontalPortScan
6.974595348952397,356.0613834626739,70.29321141484377,4,4,42929,23,icmp,dns,SF,Malicious,PartOfAHorizontalPortScan
0.12546613499363637,145.0510905225468,0.0,3,0,54207,22,tcp,dhcp,S0,Malicious,Mirai
0.5767785006723571,1065.635750645853,9667.030152118608,6,165,22638,443,icmp,ssl,SF,Benign,None
6.200225410365848,115.66325062750754,96.86907317239164,2,3,11409,22,icmp,dhcp,SF,Malicious,PartOfAHorizontalPortScan
0.21088900043716663,3439.105204618236,535.6514683394015,16,3,59751,80,tcp,dns,RSTO,Benign,None
0.32146674158404365,1490.6808343849787,10485.256712536031,5,14,23168,443,icmp,http,S0,Benign,None
0.04296840600999571,167.54735621130024,0.0,1,0,26380,443,tcp,dhcp,S0,Malicious,Mirai
10.909011662023207,448.9464158200065,61.50564725530264,3,5,35549,2323,icmp,dns,RSTO,Malicious,C&C
2.254782424118062,748.284086334136,906.4616493594381,1,18,63300,8080,tcp,dhcp,RSTR,Benign,None
0.004609795639431481,1197.7279993354955,77.53056073294842,31,1,1942,443,icmp,-,REJ,Malicious,DDoS
7.199881741910373,213.73325945435042,55.85475261819814,5,7,53656,53,udp,ssh,S0,Malicious,PartOfAHorizontalPortScan
0.050071758720645065,133.15056447583643,0.0,2,0,10428,443,udp,dns,S0,Malicious,Mirai
2.2211473067468814,1106.3119958998673,195.1196745254547,3,2,58017,443,icmp,dns,SF,Malicious,PartOfAHorizontalPortScan
4.223551000667901,332.9389171393609,148.6510627495401,6,1,40099,2323,icmp,http,REJ,Malicious,C&C
0.002519479295965191,1102.300139626847,53.67067285314404,15,3,35913,53,tcp,ssh,SF,Malicious,DDoS
0.5059642555414208,2493.1631909231296,1218.027499484636,7,8,13285,2323,icmp,-,SF,Benign,None
0.05024761623954913,145.104779471074,0.0,3,0,57637,53,icmp,ssl,S0,Malicious,Mirai
0.003519248118657515,1121.2715277426528,36.095410674894026,23,3,25686,22,tcp,-,S0,Malicious,DDoS
0.02872105996151052,143.30246779507084,0.0,4,0,50821,80,tcp,dhcp,S0,Malicious,Mirai
9.416721646627057,454.3517346244997,774.8809375854819,2,1,60258,22,icmp,dhcp,SH,Malicious,PartOfAHorizontalPortScan
3.143386245468143,179.58083297823603,55.59054330956007,3,12,53861,80,icmp,-,RSTR,Malicious,C&C
0.02455612648493321,1101.3550645602447,32.000357645240896,18,1,27946,80,tcp,ssh,S0,Malicious,DDoS
2.1984511835565566,236.80961026891737,148.57598177683764,5,3,2536,22,udp,ssl,SH,Malicious,PartOfAHorizontalPortScan
0.008729846871335514,1152.2717043872217,48.453974058037566,33,2,41947,53,udp,ssh,RSTO,Malicious,DDoS
0.3383270710788414,1409.1326777856405,827.7930686873954,8,19,1254,2323,icmp,dns,RSTO,Benign,None
0.08689287540004262,139.27736322911377,0.0,2,0,12699,53,icmp,dns,S0,Malicious,Mirai
5.413448877002436,196.78350083692862,70.67635063582303,2,2,55206,23,icmp,ssh,SH,Malicious,C&C
27.624010021791555,122.2151035742938,91.4790834696957,5,4,43726,53,tcp,ssl,SH,Malicious,C&C
1.1126040069028111,8.867271485323434,363.0256032026635,5,2,3744,80,udp,ssl,SF,Malicious,PartOfAHorizontalPortScan
0.0026218071327593346,1351.707225519402,44.26792955731829,77,2,12197,2323,udp,dns,REJ,Malicious,DDoS
3.8529848916581426,244.78705722097885,593.5407993877607,2,3,13536,22,udp,ssl,S0,Malicious,C&C
0.011564713418011147,1243.05681351264,56.086267303739135,19,0,43962,23,tcp,dns,SH,Malicious,DDoS
0.08101119225679729,1445.0697669846345,5179.258489923615,20,45,30757,2323,udp,dns,REJ,Benign,None
0.5503623743411041,72.1517366614125,99.00498401566252,3,3,47296,80,udp,dns,RSTO,Malicious,C&C
0.005940121122833923,152.6948123073585,0.0,2,0,57152,80,icmp,ssl,S0,Malicious,Mirai
0.38793140558097283,132.65534536114106,0.0,3,0,33433,53,udp,ssh,S0,Malicious,Mirai
0.008690959975650014,100.67546427439397,0.0,4,0,4331,23,icmp,ssh,S0,Malicious,Mirai
7.0447521199871845,4865.438208240846,3284.3081170441155,5,8,9807,22,udp,ssl,REJ,Benign,None
1.873204822188339,457.2562372278191,7338.9643102356085,28,21,29177,443,icmp,http,RSTO,Benign,None
0.01755330580323766,121.91383952757394,0.0,2,0,3050,443,icmp,dns,S0,Malicious,Mirai
0.8295082890150484,501.9503891551467,4915.954777138515,19,198,62544,22,icmp,ssl,SH,Benign,None
4.261260061591029,88.999995652589,151.77821025660174,3,2,13570,8080,tcp,dns,S0,Malicious,PartOfAHorizontalPortScan
0.8924621438742341,5787.026586204183,1415.2199305035049,19,23,52194,22,udp,dns,S0,Benign,None
0.8384825058465323,237.5200152092103,662.1319369384323,4,2,58770,53,icmp,-,SH,Malicious,PartOfAHorizontalPortScan
0.6753931883936929,777.6681487873919,14993.81561609159,29,4,35649,22,udp,ssl,RSTO,Benign,None
0.007022302105158676,137.35571902608223,0.0,2,0,54695,53,icmp,ssh,S0,Malicious,Mirai
1.1336232081689925,605.3118078041663,10812.277906363437,3,13,41662,23,tcp,http,SF,Benign,None
0.0649999116901967,145.86899259282507,0.0,2,0,47793,23,icmp,dhcp,S0,Malicious,Mirai
2.8933577692674897,12.04014467100153,170.66469252028458,2,1,16620,23,tcp,http,REJ,Malicious,C&C
0.555759805222531,608.7016841265678,18781.79059096384,19,8,35660,53,icmp,ssh,RSTR,Benign,None
0.0001817108911501285,1268.963812659195,56.87792737884676,12,2,56819,22,udp,http,S0,Malicious,DDoS
0.2649430592126725,165.18211073439406,0.0,4,0,33758,80,udp,ssl,S0,Malicious,Mirai
7.3649026380900295,181.35874407613696,189.8436858845688,2,2,57714,53,udp,http,SH,Malicious,C&C
0.23083503761078106,144.90199606702853,0.0,2,0,42573,22,tcp,dhcp,S0,Malicious,Mirai
8.968138882417525,318.9453230948897,1230.5488007452075,7,43,38059,2323,tcp,dns,S0,Benign,None
0.004200341290216661,1256.476785021526,64.85025751032023,21,2,61950,8080,udp,dns,REJ,Malicious,DDoS
0.0031226868338662477,1330.3297687621061,35.59514037091328,37,4,39415,80,icmp,ssh,RSTR,Malicious,DDoS
0.06611145140327702,117.57459120211686,0.0,4,0,36095,23,icmp,-,S0,Malicious,Mirai
1.4807530339662738,891.7783016123819,323.40134686818686,4,3,32626,23,icmp,http,RSTO,Malicious,C&C
0.017537143608453827,149.29676719377164,0.0,2,0,14215,22,tcp,dns,S0,Malicious,Mirai
3.255916910767417,74.49021953952426,248.85656265723108,2,1,57748,80,icmp,dns,RSTO,Malicious,PartOfAHorizontalPortScan
3.136949278775995,863.5193977924229,13976.72446641966,8,114,45923,80,icmp,ssl,REJ,Benign,None
0.30511576433522064,183.1277935574469,0.0,3,0,50771,23,udp,http,S0,Malicious,Mirai
7.235106144335207,243.49453712374952,229.90859499876848,3,1,5037,2323,udp,-,RSTO,Malicious,C&C
3.6310802328577556,29.8824170604828,325.88256416504794,2,1,47416,8080,tcp,-,RSTO,Malicious,C&C
1.2751393085482956,1164.1334211358499,5567.307538861296,7,4,41088,8080,udp,-,REJ,Benign,None
2.339798568690745,611.500925704362,1314.3839180696614,18,3,59743,8080,udp,-,RSTR,Benign,None
3.3417198055309587,1288.959370326896,5452.283416373123,4,6,48419,2323,tcp,dns,RSTR,Benign,None
0.16793099881668896,1698.4712043503546,4494.307250197541,10,18,23457,23,icmp,dhcp,RSTO,Benign,None
0.11682247364693006,133.0587939189589,0.0,1,0,61638,53,tcp,dhcp,S0,Malicious,Mirai
0.05676511180727021,147.624578481773,0.0,3,0,7482,443,icmp,ssh,S0,Malicious,Mirai
3.8677050421749133,105.36804573453004,273.1125154858051,4,3,63692,2323,tcp,dns,SF,Malicious,C&C
1.9565692827843293,64.82460411321621,83.91460043517993,4,3,60089,8080,tcp,ssh,SH,Malicious,C&C
0.08428395384609406,135.7700679908509,0.0,4,0,62075,22,icmp,dns,S0,Malicious,Mirai
4.9091992475566775,254.22124102594722,4957.10838387385,4,1,63552,23,udp,ssl,RSTO,Benign,None
0.0012853905814119457,1214.3732516298498,51.863109876376214,17,2,27926,443,icmp,ssh,REJ,Malicious,DDoS
0.1312247428894078,257.0228515491718,267.49644233461544,3,1,55230,2323,icmp,ssh,RSTR,Malicious,PartOfAHorizontalPortScan
0.016473669934952164,1155.8626535174453,60.12244889127574,34,3,9293,53,icmp,dns,RSTO,Malicious,DDoS
0.556082505093947,795.9790658853167,2391.879933171882,13,8,34819,53,icmp,ssl,REJ,Benign,None
0.37349206087298836,3246.769418264877,1904.8584034650391,28,42,30874,80,icmp,dhcp,SH,Benign,None
0.849072334215939,571.9152697764297,1853.1777481884499,4,139,56019,22,udp,ssl,RSTO,Benign,None
7.668938756496821,282.18238954335914,191.68708353242567,2,2,28910,22,icmp,http,S0,Malicious,C&C
4.292182958663202,1211.2931894593444,3800.0794174936354,9,8,9597,22,udp,ssh,RSTO,Benign,None
2.5341414778746874,358.1332904409724,33.55844983645876,4,1,45459,23,icmp,ssh,RSTO,Malicious,C&C
1.3881112129380082,1993.2869532606999,1126.3220906632214,6,82,50769,443,tcp,http,SF,Benign,None
0.34627390709281297,1504.0863031873344,14090.151167570182,19,16,54239,443,tcp,dns,REJ,Benign,None
0.6135083074382636,177.37071366514752,5352.056720785644,13,2,38507,53,icmp,-,S0,Benign,None
0.06387307170776986,157.89889405299203,0.0,2,0,23241,80,udp,http,S0,Malicious,Mirai
0.006918291778155377,1245.579706037454,48.9791169798833,41,2,58708,23,icmp,http,RSTR,Malicious,DDoS
1.228740029004606,97.50186936049622,48.47949399661335,6,1,7844,80,udp,ssh,REJ,Malicious,PartOfAHorizontalPortScan
2.2334977511026137,69.23922204839069,144.79053102049733,4,4,25916,80,udp,dhcp,SH,Malicious,C&C
4.18827317881188,65.70952175784718,110.66129868507812,2,4,15721,53,udp,ssh,SH,Malicious,C&C
16.901380185890897,557.6893631121255,276.4125247906237,2,1,62537,443,tcp,dhcp,REJ,Malicious,C&C
2.5656262855680287,121.22241385086873,64.47581684894031,6,5,34845,443,tcp,ssh,REJ,Malicious,C&C
0.009704725301092742,140.21374183348,0.0,4,0,2151,80,tcp,ssl,S0,Malicious,Mirai
0.04363859715405581,139.00834014142035,0.0,3,0,15724,23,tcp,dhcp,S0,Malicious,Mirai
0.015426452963993404,286.75714662835065,2222.911747834616,16,13,37422,2323,tcp,dns,REJ,Benign,None
1.2677364393288753,656.0619844835767,198.97977372350235,2,1,15982,53,tcp,dns,RSTO,Malicious,C&C
0.9604581740029573,1385.6955141814733,229370.8206433426,3,7,12746,53,icmp,-,SF,Benign,None
0.1065200615643039,145.5503429578835,0.0,1,0,59852,443,tcp,-,S0,Malicious,Mirai
1.0317411582587956,530.6743107870811,86.60530368664335,3,3,20782,23,tcp,-,SF,Malicious,C&C
6.903118367062358,79.18191038969984,105.38309255261292,2,3,20116,443,icmp,dns,RSTO,Malicious,C&C
0.013637765288622337,1222.326508289097,59.46966598793533,92,1,3155,2323,icmp,-,S0,Malicious,DDoS
1.2028650674422108,147.77914584478629,209.80895503637865,4,3,18117,80,tcp,-,S0,Malicious,C&C
0.020446711046239904,1189.148768777349,43.97336177736768,16,4,55920,53,udp,-,S0,Malicious,DDoS
0.18396518231955858,159.14363756076924,0.0,4,0,35383,2323,tcp,http,S0,Malicious,Mirai
4.496962762113612,227.72207727697864,8565.209726252462,3,9,16449,443,udp,dns,S0,Benign,None
0.03124209229320492,173.89698322610275,0.0,4,0,28695,8080,udp,ssh,S0,Malicious,Mirai
0.026657852084724664,1249.9734934564244,45.72326275165576,24,2,48723,443,udp,dhcp,RSTO,Malicious,DDoS
1.59055912724352,10662.751469983697,5553.20110145594,41,10,24121,80,tcp,ssl,SH,Benign,None
2.288487607554911,1091.7300027353685,1195.6682276035253,30,14,25318,22,tcp,http,SH,Benign,None
2.2658013519956484,182.74131379999605,4379.485746123894,14,5,1164,80,udp,dns,SH,Benign,None
0.14566759027979584,131.61581727244223,0.0,2,0,3229,80,tcp,dns,S0,Malicious,Mirai
0.0012937462808904243,1318.9627666917986,37.79220069973961,44,2,14852,8080,icmp,dns,SH,Malicious,DDoS
0.06165312785799265,130.51348982838982,0.0,1,0,62626,8080,icmp,ssl,S0,Malicious,Mirai
0.0005222584001668593,966.2901768583732,46.187058547333194,57,3,62701,22,udp,ssh,SF,Malicious,DDoS
0.09262190697753277,172.37441298285597,0.0,2,0,40358,2323,tcp,ssl,S0,Malicious,Mirai
16.26443205497409,41.751324719949125,113.51925729557222,3,1,35056,53,tcp,dhcp,SF,Malicious,C&C
0.3241904746469084,130.83722942355732,0.0,1,0,65027,80,tcp,ssl,S0,Malicious,Mirai
0.02464482825081199,1023.7954330629327,28.416208401419716,11,3,26487,443,udp,http,REJ,Malicious,DDoS
2.6782406619538293,968.2251942808047,2373.383976474809,3,15,41082,22,udp,-,SF,Benign,None
2.9214588975655484,101.00367095164692,329.6004968679473,3,5,45568,443,tcp,dhcp,RSTR,Malicious,PartOfAHorizontalPortScan
0.17884704727681205,1778.267512750374,2444.522931227225,6,25,3172,22,udp,dns,RSTR,Benign,None
5.863915288514608,167.46262120568107,139.0681466879825,4,1,57629,443,udp,ssh,RSTR,Malicious,PartOfAHorizontalPortScan
0.004744230637530356,1164.6436025780624,48.75893565153837,80,0,47109,80,tcp,dhcp,SF,Malicious,DDoS
2.7163587803116727,56.282742621804054,68.21598092574203,2,1,16492,22,udp,ssl,RSTO,Malicious,C&C
3.05404534968417,69.62162900392144,333.00861998004734,2,3,25188,53,udp,ssl,SH,Malicious,C&C
3.0141444609690393,138.81370697228334,47.62213085368932,2,5,10829,8080,icmp,http,SF,Malicious,PartOfAHorizontalPortScan
0.007499085405708173,1077.6461166419613,37.005593432010784,86,2,6644,22,tcp,ssh,S0,Malicious,DDoS
0.01242347679831864,1227.9588649318603,54.65808154185463,64,3,15309,22,udp,http,RSTO,Malicious,DDoS
5.306178435880481,145.37370574861774,74.92296300812247,7,1,25108,80,tcp,dhcp,SH,Malicious,PartOfAHorizontalPortScan
10.131977986747692,148.97476567364419,99.89200508581948,3,1,27813,2323,udp,http,S0,Malicious,C&C
0.0027969879198739877,1286.3310470603883,54.27066125442445,16,3,28952,80,udp,http,REJ,Malicious,DDoS
2.6719908022675853,90.56021580651142,51.96711182771946,3,2,3117,80,udp,-,RSTR,Malicious,C&C
0.0028089608372487873,1240.681862631212,66.47643704301916,43,0,22574,8080,tcp,ssh,REJ,Malicious,DDoS
0.0040560188660367785,1225.8910473332817,50.272353654744855,49,0,62560,8080,udp,http,S0,Malicious,DDoS
1.7147834129854092,66.02120609786125,130.456245622241,3,2,2977,22,icmp,-,S0,Malicious,C&C
0.04191581395799158,147.74423026418063,0.0,1,0,27247,53,udp,dns,S0,Malicious,Mirai
0.17937372941503818,152.00175931797983,0.0,1,0,43195,443,udp,ssl,S0,Malicious,Mirai
1.0722433776673885,146.21856359813745,92.24987477172313,3,2,42055,22,icmp,ssh,RSTO,Malicious,PartOfAHorizontalPortScan
4.189941929828608,1278.3941457343174,1673.812351402749,2,16,55223,80,udp,dhcp,RSTO,Benign,None
0.8256713516868717,830.6742912455676,372.72486019350515,2,3,17125,8080,icmp,dhcp,REJ,Benign,None
3.992822809022491,321.90302688217463,698.2109231539393,9,3,58113,2323,tcp,-,S0,Benign,None
0.04089823903673502,123.455398926523,0.0,3,0,44777,53,udp,ssl,S0,Malicious,Mirai
0.4830900984645856,319.27404518526004,8139.596841161008,9,10,23272,2323,icmp,ssl,S0,Benign,None
4.9902810073093455,149.3678274060866,48.51072293453563,6,3,26767,23,icmp,http,SH,Malicious,C&C
0.006632683093884712,1179.2945860553202,51.27957258183536,39,4,61932,8080,udp,dhcp,SH,Malicious,DDoS
6.464129749501302,1475.6008743555522,308.9826590612758,6,2,34136,23,icmp,dns,RSTO,Malicious,C&C
0.0046059944229365065,159.58799323867783,0.0,1,0,54263,80,tcp,ssl,S0,Malicious,Mirai
0.002745791983262092,1236.2594438326942,40.63046890461835,18,1,46158,443,icmp,http,RSTR,Malicious,DDoS
7.43219733937657,2105.3546701125374,40761.68945486454,22,36,18353,8080,tcp,ssl,RSTR,Benign,None
1.1485483057296526,2436.2402147149573,49.7028696900993,12,7,5224,53,icmp,dns,SH,Benign,None
1.8815489455706211,100.35104561683593,406.646158669798,12,3,57781,2323,udp,dhcp,S0,Malicious,C&C
0.005817886879553777,1222.819704766937,54.29110297008119,54,2,10628,443,icmp,http,RSTR,Malicious,DDoS
0.01721941559146209,118.7136817421829,0.0,2,0,51497,8080,udp,ssh,S0,Malicious,Mirai
0.08537286277142303,629.0609846939705,197.51813169451253,17,1,3799,22,udp,ssh,S0,Malicious,C&C
0.09562711966432086,442.25694079160763,1630.7924270753447,28,12,12092,23,udp,dhcp,RSTO,Benign,None
2.0579161805219885,248.0735150700801,3978.389213019139,2,55,61512,53,udp,dhcp,S0,Benign,None
1.9077375315954894,37.23448704138425,158.05088136310752,3,1,34510,53,icmp,dhcp,S0,Malicious,PartOfAHorizontalPortScan
0.0028220241188950186,1204.6315064229298,66.46483778832953,65,1,58317,443,tcp,ssh,S0,Malicious,DDoS
3.4348623936045315,98.28144712035407,6979.680322996858,9,2,54106,2323,udp,ssl,SH,Benign,None
0.7917929063838672,12698.78991895352,31859.116191663223,20,16,57581,22,tcp,dhcp,RSTR,Benign,None
8.23100418352117,380.6423004093654,101.04389363535552,3,2,22061,23,icmp,ssh,SH,Malicious,PartOfAHorizontalPortScan
4.501873371449462,79.3826397148026,107.39178866020676,5,3,58081,80,tcp,dhcp,RSTO,Malicious,PartOfAHorizontalPortScan
1.9826656191038108,110.15844512412075,248.73889669757074,2,3,40207,53,udp,-,SH,Malicious,PartOfAHorizontalPortScan
1.9527919799572375,181.82668303459107,145.00363331337655,4,5,18955,53,tcp,ssh,RSTO,Malicious,PartOfAHorizontalPortScan
0.0042413502250975175,1240.6933693368285,63.52669837875768,29,4,31474,2323,tcp,ssl,REJ,Malicious,DDoS
1.9563525933097001,362.89612333724114,6526.259524577088,2,7,2504,443,icmp,dhcp,RSTR,Benign,None
0.0075303800653522095,181.44162931868772,0.0,4,0,59391,443,icmp,ssl,S0,Malicious,Mirai
1.878658512262593,100.96900013799844,288.7447336485076,4,3,24213,8080,tcp,dns,RSTR,Malicious,C&C
0.206253318715825,163.8526751642212,0.0,1,0,26848,2323,tcp,ssh,S0,Malicious,Mirai
6.091686974297836,2254.6204913820106,494.9813210900633,2,18,53484,80,icmp,http,SF,Benign,None
3.855204967046048,48.47230608734189,150.69846401372948,4,1,37012,22,icmp,ssh,REJ,Malicious,PartOfAHorizontalPortScan
0.008753355620090967,152.56832867461137,0.0,3,0,9427,443,tcp,dns,S0,Malicious,Mirai
1.5910016610320072,99.45089800795557,70.97648792464885,2,2,30604,23,icmp,http,SF,Malicious,C&C
1.2034548705837993,367.3921757904087,2338.0097287646004,1,15,50848,2323,icmp,ssl,SH,Benign,None
0.011958822710698702,133.20538436862853,0.0,3,0,40695,8080,icmp,http,S0,Malicious,Mirai
0.021410220581686006,180.88921545566745,0.0,3,0,8686,80,udp,-,S0,Malicious,Mirai
15.184868150182469,3272.490818211649,81.18101161800469,6,1,40606,53,udp,ssl,RSTR,Malicious,C&C
0.3994499663407332,1689.5928576829547,623.0648037703922,9,11,40549,8080,icmp,dns,SH,Benign,None
0.7476228814608681,1099.5212567407668,191.6273999208128,15,29,26366,443,icmp,ssl,RSTO,Benign,None
6.238531615522031,13610.571095462108,2063.9529305336173,7,47,31769,80,udp,ssl,SF,Benign,None
6.071402857181222,560.4469587119786,548.1747211580276,4,4,59986,53,icmp,ssh,RSTO,Malicious,C&C
0.12090532837719055,134.75213161650584,0.0,3,0,15177,80,icmp,ssh,S0,Malicious,Mirai
2.3174888284582735,2477.7948629523007,165.11936040495831,3,5,45673,80,udp,ssl,SH,Malicious,C&C
1.5601545294277608,1216.5268615879772,1340.8980082766627,18,11,38807,22,tcp,-,SH,Benign,None
0.002370860485477574,1273.6226756713158,48.99243156298598,85,0,24673,53,tcp,ssh,S0,Malicious,DDoS
0.19963916717366406,1466.7358074008962,4415.738902867151,4,12,17940,23,udp,dns,S0,Benign,None
0.5340632164517628,675.8430222156628,4491.307694436229,19,8,62772,80,icmp,ssl,RSTO,Benign,None
7.278700205941004e-05,1429.6189202085263,60.3197537808009,33,0,17827,23,tcp,ssh,S0,Malicious,DDoS
0.001967374807453515,1372.9409651997466,53.027330316112625,88,1,38154,8080,udp,dns,RSTR,Malicious,DDoS
2.579901160667384,317.6401293721671,45.263403609414745,4,2,23766,22,udp,ssh,SH,Malicious,C&C
0.04426162675608003,158.22173399457196,0.0,3,0,19580,22,tcp,ssh,S0,Malicious,Mirai
0.10591804025559895,161.43277318203621,0.0,1,0,22037,22,icmp,ssh,S0,Malicious,Mirai
1.406509817381996,2348.8618653143867,3198.7009857207813,14,8,11729,23,tcp,ssh,SH,Benign,None
1.5335360332862882,77.78267679744877,85.41302503722113,2,1,26232,80,tcp,ssh,RSTO,Malicious,PartOfAHorizontalPortScan
0.1521470175584776,182.88110645176644,0.0,2,0,41158,443,icmp,dhcp,S0,Malicious,Mirai
2.518604525574615,82.79108708789278,265.0541693501892,4,3,38391,53,udp,-,SF,Malicious,PartOfAHorizontalPortScan
0.003583704193840181,145.7871047172613,0.0,4,0,25419,80,tcp,-,S0,Malicious,Mirai
4.527909859431083,1391.1274121598453,6552.371984762921,5,3,29445,23,icmp,dns,REJ,Benign,None
2.5275736527720865,191.46619146359868,330.974943150112,4,2,14613,443,icmp,http,SH,Malicious,C&C
0.010160185155941606,138.07734271166441,0.0,4,0,23834,23,icmp,ssh,S0,Malicious,Mirai
1.1174594582007509,189.97841405879083,126.86025867607287,4,7,64317,22,tcp,dhcp,REJ,Malicious,PartOfAHorizontalPortScan
2.496522885569536,145.191269763904,35.69420053354087,2,4,46934,23,tcp,dhcp,RSTR,Malicious,PartOfAHorizontalPortScan
5.629090974957938,1826.3967454190863,45953.88656669685,20,18,5126,8080,icmp,http,REJ,Benign,None
5.840271605369432,264.15236000499874,507.34383115872527,6,2,56226,22,icmp,-,SF,Malicious,C&C
0.25914111756327773,30.12758538353483,462.6428352647546,2,2,26320,8080,udp,dhcp,REJ,Malicious,PartOfAHorizontalPortScan
0.023879843760954072,1258.0234151742648,47.105114878809324,22,4,62885,23,icmp,dhcp,SH,Malicious,DDoS
1.6965157562605104,51.84088618715046,39.62242676056654,4,2,23997,22,icmp,http,RSTO,Malicious,C&C
0.008796822734797361,102.16387895264619,0.0,2,0,25324,2323,udp,http,S0,Malicious,Mirai
0.013324336644395593,1220.584263872837,49.17897409976288,51,3,44033,8080,icmp,http,S0,Malicious,DDoS
0.012281599876467413,143.86284873770458,0.0,4,0,61486,22,udp,dns,S0,Malicious,Mirai
0.02561006213913527,1133.860138956393,65.08408405001482,32,4,3002,443,tcp,dns,RSTR,Malicious,DDoS
0.016675634019794657,1088.5873637450734,61.211669804420765,30,4,37929,80,icmp,http,REJ,Malicious,DDoS
0.0036774061901715467,1205.040804496932,46.55385404233694,64,3,20426,22,udp,ssl,SF,Malicious,DDoS
2.8981725712882893,3763.4575036900346,114.03108267429637,10,61,20978,53,icmp,http,S0,Benign,None
0.3608862528603827,165.5413384959371,0.0,3,0,38211,23,icmp,ssl,S0,Malicious,Mirai
0.005143390120211829,1123.4774844728254,67.90333161677015,23,0,56888,23,icmp,http,RSTO,Malicious,DDoS
0.684301876447504,156.55869630726065,21609.120710499254,8,6,14235,443,icmp,-,S0,Benign,None
1.524452462444874,680.7887906470801,1370.4032409226377,5,33,43517,443,icmp,dns,SF,Benign,None
1.969832501540247,84.8896956153853,71.3179158787516,3,2,64413,53,icmp,dns,RSTR,Malicious,C&C
15.105227167866918,76.88278878341994,56.255192266648194,2,1,59893,22,icmp,-,REJ,Malicious,C&C
22.057770830572476,566.6329315767917,260.76386121513144,2,1,26632,443,tcp,dns,SF,Malicious,C&C
0.020597851659402103,162.53729082202364,0.0,4,0,19000,80,icmp,ssl,S0,Malicious,Mirai
0.02636396716381822,133.8971191839398,0.0,1,0,42162,443,icmp,-,S0,Malicious,Mirai
0.01396957964575526,1225.36520310861,74.31771589109616,10,0,48032,23,udp,http,RSTO,Malicious,DDoS
3.968129218937879,89.28313600231452,390.82873004560463,4,3,43444,23,icmp,http,RSTR,Malicious,C&C
0.01560296608731622,1179.4489825380601,43.888679418516034,40,2,36489,23,udp,-,REJ,Malicious,DDoS
0.025580334473679613,104.48133277661938,223.42361497930568,3,2,10986,8080,udp,dns,RSTO,Malicious,C&C
4.3600789015686665,200.92124068287734,6348.39231269313,5,5,6135,53,udp,ssl,RSTO,Benign,None
0.10870993793700766,552.8416434858009,2261.1189669342534,5,2,57376,80,udp,dns,RSTR,Benign,None
2.9198745641850343,597.952115139597,4950.658816227288,7,73,51772,22,udp,-,REJ,Benign,None
1.8371669233981833,329.65792572888756,211.07206540798288,5,3,21810,23,tcp,http,REJ,Malicious,C&C
0.006349449925743686,1152.593094322575,48.68421912073569,27,2,14739,80,tcp,http,SF,Malicious,DDoS
0.010597912417810062,249.3913781885976,180.47359348760867,2,1,38004,80,icmp,dns,RSTO,Malicious,PartOfAHorizontalPortScan
2.5564049334148296,140.35194052615083,419.76922025653727,4,2,39158,2323,icmp,ssh,SF,Malicious,PartOfAHorizontalPortScan
0.01428968659715684,1336.10618706981,41.261252813365076,92,3,11915,443,icmp,-,RSTO,Malicious,DDoS
0.04261241552987007,1069.3889600419575,53.54777722991601,87,0,22408,8080,icmp,ssh,RSTR,Malicious,DDoS
1.9575985911007057,1603.2874837661404,18886.676025911263,33,5,23441,2323,icmp,ssh,RSTO,Benign,None
1.1482633465279843,100.23631430771003,166.7083030562671,2,1,61911,53,tcp,ssl,RSTO,Malicious,C&C
8.037697000561971,232.60835081249857,439.98051068599426,3,4,24023,2323,tcp,http,SF,Malicious,PartOfAHorizontalPortScan
17.97598053140797,2882.016773163493,28077.08413109908,7,7,14463,53,icmp,dhcp,RSTR,Benign,None
0.39456045366053233,306.4989912050051,4987.646487848652,10,92,46489,22,tcp,dhcp,RSTR,Benign,None
2.6160793866426006,65.50332625712794,64.39637432341709,4,2,31524,443,udp,http,RSTR,Malicious,PartOfAHorizontalPortScan
10.412116543394504,1330.950835341204,51.583661077390175,6,8,41166,2323,tcp,dhcp,RSTO,Benign,None
0.0022406928748029235,1135.0504217313637,51.306019597744644,53,4,40028,22,tcp,dhcp,SH,Malicious,DDoS
3.441813292638602,160.3339164002627,461.4319154896238,3,1,55824,443,icmp,dns,RSTO,Malicious,PartOfAHorizontalPortScan
8.915511831379327,14.383503852726296,1528.3006117686773,4,1,46101,22,udp,http,SH,Malicious,C&C
4.087255235211062,68.13444435174097,19.792132010141046,4,1,62987,80,udp,ssl,SH,Malicious,PartOfAHorizontalPortScan
0.0624326246266995,134.45801441643806,0.0,3,0,50195,23,udp,http,S0,Malicious,Mirai
3.1101764448593543,40.27178798571507,1143.6655931613282,5,6,44804,8080,tcp,dns,SH,Malicious,PartOfAHorizontalPortScan
1.4747721180132336,495.05242702203566,53.96183525149808,1,2,26046,22,icmp,ssh,S0,Malicious,C&C
0.0016538307700884939,1255.0632334159586,52.530849836164506,70,1,35538,23,udp,ssl,RSTR,Malicious,DDoS
8.376608098049372,1314.871596454465,16366.943306861216,11,25,20748,80,udp,ssh,RSTO,Benign,None
1.9784733168303268,63.76846704077657,132.217641561161,1,3,56902,22,tcp,http,RSTO,Malicious,C&C
0.1457163559124452,148.19194636405808,0.0,3,0,23663,22,udp,ssh,S0,Malicious,Mirai
1.2548213083472857,4941.646977856626,1358.9595046573354,41,25,35852,23,icmp,dns,RSTR,Benign,None
0.030106647847753288,131.61104703234997,0.0,3,0,25820,53,icmp,ssl,S0,Malicious,Mirai
0.21846957988700672,3697.794110378495,4208.124723017789,15,26,61704,443,icmp,dns,S0,Benign,None
4.461754840025687,30.106523898452437,113.15414936538417,4,2,64925,22,icmp,ssl,SF,Malicious,C&C
5.016483108666126,7527.227765888465,2250.4973540301517,10,63,13652,23,udp,dhcp,S0,Benign,None
10.379026324462789,139.5602054160236,22.206685416181546,3,1,46940,53,udp,ssl,SF,Malicious,C&C
4.103761014697325,61.21090336326969,13.452091360687582,5,3,59852,8080,udp,-,RSTR,Malicious,C&C
2.0487159011652687,17.265291768531256,237.4450752296382,2,1,20085,443,tcp,-,RSTO,Malicious,PartOfAHorizontalPortScan
0.2751732739616478,164.40369336694852,0.0,1,0,50975,80,udp,ssh,S0,Malicious,Mirai
0.9512878175905677,40.96313287767222,590.943174029139,2,1,34806,23,udp,ssl,REJ,Malicious,C&C
0.4380474926992459,282.53008704860025,242.07455527503802,5,1,12771,53,icmp,dns,RSTR,Malicious,C&C
0.06435896174015747,203.41722737917365,2017.8151374165834,17,48,39695,80,icmp,-,SH,Benign,None
7.134465360730874,128.2351857481987,206.36253806475207,4,4,24203,53,icmp,dhcp,SH,Malicious,PartOfAHorizontalPortScan
0.003211402403533901,1348.0802183332978,46.74212679295501,82,2,27899,53,udp,-,SH,Malicious,DDoS
9.24133833662295,228.42440173003965,94.59198256072109,2,1,58872,2323,tcp,-,RSTO,Malicious,PartOfAHorizontalPortScan
16.060501668568946,44.6943235197291,197.61213290290578,2,2,19285,80,icmp,-,SF,Malicious,PartOfAHorizontalPortScan
0.04626737092374683,138.1224945141852,0.0,4,0,47863,23,tcp,http,S0,Malicious,Mirai
0.5799925790595953,631.8057716088557,1361.8750415362242,17,16,10026,80,udp,dhcp,RSTO,Benign,None
1.5046714500594194,2927.6511821568183,2625.194472373705,1,42,7612,22,udp,dns,SF,Benign,None
0.03319498763928114,1199.597230850339,65.43560824790822,99,3,52126,22,udp,-,SF,Malicious,DDoS
2.7911228918061224,1376.86198660848,904.7998430418193,2,6,11745,443,udp,-,S0,Benign,None
0.3634855997568652,141.55537165334746,0.0,4,0,12675,8080,udp,-,S0,Malicious,Mirai
0.39315527261142214,330.8384970605251,66.54389416376057,4,2,6967,23,udp,dns,RSTO,Malicious,PartOfAHorizontalPortScan
0.1592690687155111,1137.3853716437006,92617.93884513465,6,27,16132,23,udp,dhcp,SF,Benign,None
1.3686339961939256,2522.4097412176015,3026.6193076443624,30,13,10436,80,udp,ssh,REJ,Benign,None
2.1774927311570043,253.85054363150937,2302.1746350971594,4,14,42286,23,udp,dhcp,RSTO,Benign,None
0.01787201044140177,1206.7942630893162,64.57652079684404,54,2,5673,23,udp,dns,RSTR,Malicious,DDoS
8.698719243112192,273.82068407312767,127.5551038980411,3,1,11418,8080,icmp,dhcp,SH,Malicious,PartOfAHorizontalPortScan
2.959827807619238,4423.24929928279,768.4770573136469,6,15,9820,23,icmp,ssh,RSTR,Benign,None
0.794803559860549,1066.8876973609213,1243.052360453652,38,3,32356,53,icmp,ssh,SF,Benign,None
1.234499645460969,2326.2978200123976,116.95407643361584,7,12,19034,8080,icmp,http,SH,Benign,None
0.004319537064018345,1108.53332489864,46.17682306154976,43,0,50279,443,icmp,http,SF,Malicious,DDoS
0.25158369409982284,154.3424867590588,0.0,2,0,60647,80,icmp,ssl,S0,Malicious,Mirai
0.011500750747788079,144.5320659588503,0.0,1,0,48673,2323,tcp,-,S0,Malicious,Mirai
6.633503444581841,1973.469652371759,1085.0904958708545,3,8,4402,2323,tcp,ssh,S0,Benign,None
2.476767020834234,170.17400724092352,5616.2954148327435,11,2,64778,22,icmp,-,SF,Benign,None
4.229554720321147,168.00224908691254,1019.7292220086156,7,2,64361,53,icmp,dhcp,SF,Malicious,PartOfAHorizontalPortScan
0.010321224595063648,1288.8397582935893,47.279713052374184,80,1,29172,23,tcp,ssl,RSTO,Malicious,DDoS
8.98734464382103,118.26076488768767,304.802059393373,2,5,15696,53,tcp,dns,RSTO,Malicious,C&C
0.1407792731828913,174.94294357281336,0.0,2,0,15344,22,tcp,-,S0,Malicious,Mirai
2.8743859054217697,374.05665975039744,76.36846363418329,2,3,18290,22,tcp,ssl,SH,Malicious,PartOfAHorizontalPortScan
0.38724049563135493,163.3364900735861,86.80852177222795,5,3,5590,2323,icmp,ssl,RSTO,Malicious,C&C
8.71101110991556,4688.98817841819,693.0482401648326,2,12,3926,23,icmp,ssl,REJ,Benign,None
5.886078854161289,443.25626960261644,48.733679323656474,9,6,58024,80,tcp,http,REJ,Benign,None
0.12794022300579297,178.6537099962002,0.0,1,0,15615,8080,udp,ssl,S0,Malicious,Mirai
0.1778509627508362,106.62577184477686,150.26361729797225,8,1,21843,80,tcp,-,RSTR,Malicious,C&C
10.471591572558212,655.9354619673493,313.13625406856323,3,10,12388,8080,tcp,dns,RSTR,Malicious,C&C
3.6114535147024123,77.28389177968563,105.45774671392546,2,1,45827,2323,tcp,dns,SF,Malicious,C&C
7.333599989311991,158.22719443707365,106.01425528590656,2,3,12574,80,tcp,http,S0,Malicious,C&C
0.7800740240504603,242.5829118480141,4474.261485765244,9,8,53575,22,icmp,dns,SH,Benign,None
0.02158837544976351,174.87704388173117,0.0,2,0,9014,80,icmp,http,S0,Malicious,Mirai
0.3448128367856019,57.84728540941976,660.3679732126392,2,1,36786,22,udp,ssh,RSTR,Malicious,C&C
3.3538352329727332,145.19832540493826,32.195827697650024,7,1,33776,23,tcp,dns,SH,Malicious,PartOfAHorizontalPortScan
0.031064195821010006,137.22869609360382,0.0,1,0,7910,22,icmp,ssl,S0,Malicious,Mirai
3.291600413326028,120.92837372487601,1325.0152115131575,3,2,7018,53,udp,http,SH,Malicious,C&C
2.1364722628349266,103.47729293544192,110.92219084225309,3,7,48058,2323,tcp,ssl,REJ,Malicious,C&C
1.052247338487694,73.0518041856745,11574.906269319254,6,22,44705,22,udp,dhcp,RSTR,Benign,None
0.16902499542947952,117.9397358510492,0.0,2,0,7928,8080,tcp,dhcp,S0,Malicious,Mirai
8.498203537909562,622.0062014959684,977.9964834576692,5,4,55668,80,udp,ssl,SF,Benign,None
0.9626228649024888,5172.087367029602,571.3656369767417,3,11,40380,53,icmp,-,REJ,Benign,None
23.884633724645987,91.69120930242642,43.83480443064663,3,1,40738,53,udp,http,S0,Malicious,C&C
4.2758897592293,215.5112506060286,150.80683924193727,7,1,46151,23,udp,http,S0,Malicious,PartOfAHorizontalPortScan
3.0022752416802345,596.5509689915319,734.9980926673876,3,71,22406,2323,udp,http,S0,Benign,None
2.4549296566083463,346.25514846771426,11741.899108235883,3,12,54668,443,icmp,dns,RSTO,Benign,None
0.6820726581169154,94.16817818681012,855.82307328554,4,2,41534,23,icmp,http,S0,Malicious,PartOfAHorizontalPortScan
0.16497000580375226,870.5013339553756,81622.54848103736,24,3,14982,80,tcp,ssh,RSTR,Benign,None
0.006045189830021693,1213.4092629122647,56.32683563843747,39,2,63584,8080,udp,dhcp,SF,Malicious,DDoS
0.006026109423310034,1131.9519436270575,47.76741269699419,24,0,30021,23,icmp,ssl,SH,Malicious,DDoS
0.6105657311630707,1598.6515784570279,12316.658666904104,10,16,54215,22,udp,ssh,SF,Benign,None
0.01598964554156443,1090.5608612583587,73.58188548571763,10,0,25873,23,icmp,dns,S0,Malicious,DDoS
0.07322931992173029,130.28263060413053,0.0,2,0,31838,443,udp,dns,S0,Malicious,Mirai
0.2090153342922505,47.83086669142885,24.775146501134778,5,4,34163,8080,tcp,dhcp,RSTO,Malicious,PartOfAHorizontalPortScan
0.01734504932759719,1194.5718984589773,47.835382118180576,14,2,53482,53,tcp,dns,RSTO,Malicious,DDoS
0.2867795010490412,886.5663572579552,26867.33620952373,14,5,1684,2323,tcp,ssh,SH,Benign,None
5.861098967904804,61.24231603305951,444.6900306590124,4,2,43688,2323,udp,dns,RSTR,Malicious,C&C
0.2809719551582139,136.85644385323747,0.0,3,0,45903,22,udp,ssl,S0,Malicious,Mirai
14.114188378296069,71.77399216025631,2159.967845266232,3,2,51679,23,udp,http,RSTR,Malicious,C&C
0.0034611348760433427,1287.4488301692438,65.27992555495244,80,1,11505,443,tcp,dhcp,RSTR,Malicious,DDoS
0.007989969529973023,110.2779195439019,0.0,2,0,17094,2323,icmp,ssl,S0,Malicious,Mirai
0.06640421050550065,156.34350901830553,0.0,3,0,58384,8080,tcp,ssl,S0,Malicious,Mirai
0.003305311413586861,1221.728197113919,37.05464048237682,74,4,3484,2323,icmp,http,SF,Malicious,DDoS
2.5784613823323776,315.0531192285772,326.50035220769377,2,2,43417,22,icmp,-,S0,Malicious,C&C
0.20247799560124388,185.57279137214695,0.0,3,0,22153,2323,udp,-,S0,Malicious,Mirai
7.120751522812119,114.10607059419208,77.83068993774611,5,1,5851,53,tcp,http,S0,Malicious,PartOfAHorizontalPortScan
0.9031419745006857,666.9189796693746,2198.535570987818,2,33,6166,2323,tcp,ssh,S0,Benign,None
13.870900558939926,216.32452081924205,116.82084145102036,3,2,4848,443,udp,http,SF,Malicious,PartOfAHorizontalPortScan
2.2536785933593815,7404.510075696451,1337.9439097532545,3,8,25760,80,tcp,ssh,REJ,Benign,None
4.9881268711368225,735.8889286103706,323.5028860285716,7,4,9892,80,tcp,-,RSTO,Malicious,C&C
0.011002147488761573,1273.397975507499,56.36437362539143,21,4,52466,80,udp,ssl,REJ,Malicious,DDoS
1.2302763116363438,236.55397505831388,36.63667362527799,4,2,43293,443,tcp,-,REJ,Malicious,C&C
0.008294124742671024,1253.4451439408078,43.538363179563916,23,4,42428,80,icmp,ssh,REJ,Malicious,DDoS
0.03622079391166136,1251.7836174190545,39.078185187386765,84,0,59433,80,udp,ssh,SF,Malicious,DDoS
0.0023121268772609794,1417.3508963295649,65.87329029508429,49,2,58942,22,icmp,-,SH,Malicious,DDoS
0.7849086588227979,368.07057883399415,146.31926581079233,8,14,21384,22,icmp,-,S0,Benign,None
2.0112938512099507,1092.3677990430292,125.947610314561,4,10,6150,22,udp,ssh,SF,Benign,None
0.4192376467208825,148.69519937687878,0.0,1,0,41813,2323,udp,dhcp,S0,Malicious,Mirai
8.522216292644618,89.72458888257846,28.1082544172822,2,3,6944,53,icmp,ssl,RSTO,Malicious,C&C
3.559772278649877,255.6749743096457,556.4253552635548,5,3,21037,80,udp,-,S0,Malicious,PartOfAHorizontalPortScan
0.9807928785447818,77.06668063237042,138.45141494964872,3,2,42330,8080,tcp,-,RSTR,Malicious,PartOfAHorizontalPortScan
0.39462384399377465,177.16447157630947,0.0,2,0,4275,2323,udp,dns,S0,Malicious,Mirai
0.9460390230822381,129.9040208725545,1437.2279018634333,14,16,22014,80,udp,dns,RSTR,Benign,None
0.4824737189951155,134.44025844043867,252.8902835819076,3,1,45753,443,icmp,ssl,S0,Malicious,PartOfAHorizontalPortScan
0.6463914279650171,263.7554879579301,301.6711878059747,4,2,18583,8080,icmp,ssl,REJ,Malicious,C&C
1.9334193898322536,601.0148642250591,90.01654228935506,6,1,55533,22,icmp,dhcp,RSTR,Malicious,C&C
0.0006171766734553207,1234.5504163713122,31.4646595875155,59,4,60035,53,udp,ssl,REJ,Malicious,DDoS
3.4139521416169742,173.44638488542154,32937.12183763148,14,12,58927,80,udp,-,RSTR,Benign,None
0.16896720875143842,2846.5332047611014,367.4258712716403,8,32,62118,8080,icmp,ssh,RSTO,Benign,None
0.07839714962878203,1290.1997041869863,5721.89086826186,7,19,15460,53,udp,dns,REJ,Benign,None
1.287381780293611,1353.5557038883192,2771.1638030886415,7,7,47023,23,icmp,ssh,RSTR,Benign,None
0.48511354373588367,386.9799921936259,12536.719033644977,28,15,12844,443,udp,ssl,SH,Benign,None
1.9178838061262262,271.6295405810044,136.9045835422804,6,1,29581,443,udp,dhcp,REJ,Malicious,C&C
4.727186815901134,1856.5927610972096,1585.1099668226746,2,10,35947,8080,udp,-,S0,Benign,None
7.057117187199239,988.6738739646423,408.70913443260895,3,5,51219,23,udp,dns,REJ,Malicious,C&C
2.2646710004614463,28.22005634886829,195.45908556843625,3,1,57973,2323,tcp,dns,RSTO,Malicious,PartOfAHorizontalPortScan
0.00448701231447407,1167.2322866649106,59.388970139525874,33,1,9401,22,udp,ssl,RSTR,Malicious,DDoS
1.9059475360438396,462.6556673651161,383.5483071775677,4,1,33753,2323,udp,ssh,RSTO,Malicious,PartOfAHorizontalPortScan
10.893004088468226,664.0252089587823,320528.7781228777,5,10,18899,22,tcp,dns,RSTO,Benign,None
1.542871564902748,519.2133465757782,220.323267023807,12,8,16599,80,icmp,ssh,SH,Benign,None
9.15602908099866,22.45257054977179,49.932082089669215,3,2,61406,80,udp,dns,REJ,Malicious,PartOfAHorizontalPortScan
3.6520722001944392,2575.307499475735,4886.03453225956,11,4,56967,443,tcp,-,RSTR,Benign,None
0.01848838229863936,1239.3826819629478,39.16842441876464,20,1,5563,2323,icmp,http,SH,Malicious,DDoS
0.0074684133739897195,1002.160369732912,31.43237198296083,62,1,27085,80,udp,ssh,S0,Malicious,DDoS
0.07001275587389301,157.23397381333453,0.0,3,0,64287,2323,udp,-,S0,Malicious,Mirai
1.1435698541444077,2076.071087465796,2549.6805854145273,19,5,17494,22,tcp,dns,S0,Benign,None
0.3327237498378363,289.7157882462501,42389.118170716174,5,2,46381,22,udp,dhcp,SH,Benign,None
0.10518396514661266,163.20182168094837,0.0,1,0,59463,80,udp,dns,S0,Malicious,Mirai
4.962545603602092,317.1646490096021,2192.763256141309,6,7,61323,8080,icmp,dns,REJ,Benign,None
3.6974738043070174,488.87013243502423,15944.799765527212,6,9,45538,8080,udp,http,S0,Benign,None
31.93274474407406,140.36870011022788,952.2892135043946,4,3,61607,8080,udp,-,RSTO,Malicious,C&C
0.511910830599706,157.5480519030624,146.08117376310423,2,8,62405,80,udp,ssl,S0,Malicious,C&C
1.5444988973476774,2344.5150949054682,1370.1762929442539,9,10,51402,80,tcp,dns,SF,Benign,None
3.472879107155781,1467.2504723708312,1880.7477397587847,54,1,30179,8080,udp,http,SF,Benign,None
0.07387729635332475,150.33987556625058,0.0,1,0,24475,23,tcp,http,S0,Malicious,Mirai
2.6107178531503075,1921.9807660438544,5036.924839192192,8,5,14114,23,tcp,-,SF,Benign,None
0.11172668897920997,156.73264222647316,0.0,3,0,60175,8080,tcp,dns,S0,Malicious,Mirai
0.1425235737313438,389.8775027327723,919.1161053427727,13,4,51099,80,icmp,ssl,SH,Benign,None
1.0268972123844895,18.017652170827024,35.26531427476998,3,2,11754,80,udp,dns,RSTO,Malicious,PartOfAHorizontalPortScan
8.93171545486797,278.98803708057034,3947.7343343958187,16,264,4160,80,icmp,ssl,REJ,Benign,None
0.005562977341467267,1301.530920386286,56.43795850196424,94,4,57167,2323,tcp,ssl,SF,Malicious,DDoS
0.010568595277985673,1064.9207775941636,55.352743827768904,74,3,3864,22,tcp,ssh,RSTO,Malicious,DDoS
0.004940732920077086,1162.203931147557,43.63348846083287,79,0,23602,23,tcp,dhcp,SF,Malicious,DDoS
2.108090610334934,173.52924514717282,148.35240386472805,2,1,11616,53,tcp,http,S0,Malicious,C&C
0.01721148450977599,1291.392862131724,39.47574915958539,30,2,23357,53,udp,ssh,SF,Malicious,DDoS
0.10406067729346734,127.65068118883998,0.0,3,0,1419,2323,icmp,-,S0,Malicious,Mirai
0.26426889029662065,2672.1800649676634,148.92412980210304,11,19,15930,53,icmp,ssh,SF,Benign,None
0.008280693717509833,143.6514799602895,0.0,4,0,9093,443,udp,ssh,S0,Malicious,Mirai
4.562514290028148,34.818376195741706,1086.3861985774622,3,2,48831,80,icmp,ssh,RSTO,Malicious,PartOfAHorizontalPortScan
0.24768179451663125,116.05338459719616,0.0,4,0,33127,8080,tcp,http,S0,Malicious,Mirai
0.03865592119831484,178.304483310848,74.35255346698895,6,3,18384,53,udp,dhcp,SH,Malicious,PartOfAHorizontalPortScan
1.1653065229272694,98.9890167095318,105.028539846946,4,5,18324,80,tcp,dhcp,RSTR,Malicious,C&C
1.5977515390617145,227.5857649514158,481.0754966450394,2,3,21564,22,icmp,-,S0,Malicious,C&C
4.921456739284788,1049.756727173274,1015.5581916624628,4,4,52806,443,icmp,ssh,SH,Benign,None
0.12921121583775597,37.8879637220861,108.23907046523514,3,2,10967,23,tcp,http,RSTR,Malicious,C&C
0.4044822484372104,182.98986495094704,156.13308131718065,4,1,4099,443,tcp,ssh,REJ,Malicious,PartOfAHorizontalPortScan
8.699623375658481,312.97352444617115,160.97422212708472,5,1,33309,2323,icmp,http,S0,Malicious,PartOfAHorizontalPortScan
2.748413588551274,296.6633884235432,6078.860379329892,2,8,7148,53,icmp,ssh,S0,Benign,None
0.0008866839812098407,1310.2052726024338,50.37529651302461,42,1,19450,8080,icmp,-,SH,Malicious,DDoS
0.18078079610034753,2329.372601446559,14471.04728185402,18,41,5478,53,udp,ssh,RSTO,Benign,None
9.184068774142448,245.01773126809056,600.2569741078829,7,17,32366,23,tcp,-,RSTR,Benign,None
1.9102402580897484,115.57523340445822,58.29960581674728,3,2,16945,443,udp,dns,RSTO,Malicious,C&C
2.9408492368070918,533.7728541605068,344.0092761459537,24,15,46134,22,udp,ssh,REJ,Benign,None
0.5494970041268944,291.63998807388265,276.7084725925817,5,5,32736,53,udp,ssl,SF,Benign,None
0.0764799378065071,151.35501057503404,0.0,3,0,55058,8080,tcp,ssh,S0,Malicious,Mirai
0.3051712231754614,937.3146791491472,4130.572433545501,13,2,45400,80,udp,http,SF,Benign,None
0.008592411179879475,1154.6979974291746,40.46078501701209,60,1,23096,23,udp,dns,RSTO,Malicious,DDoS
4.327484642506341,1060.8175326030362,97.45810458410347,2,4,37110,443,icmp,dns,SF,Malicious,PartOfAHorizontalPortScan
0.07316574513267875,159.92294647181944,0.0,4,0,58842,443,udp,-,S0,Malicious,Mirai
0.007611964984184727,1210.4373661472887,54.86152782433514,71,0,35263,23,udp,http,RSTO,Malicious,DDoS
0.04302318357824264,176.14415849460696,0.0,1,0,32851,80,tcp,dns,S0,Malicious,Mirai
5.142427764259891,75.98909343047896,34.221946498971526,4,3,32977,443,udp,dhcp,SH,Malicious,PartOfAHorizontalPortScan
1.6746023023436165,2007.070394361203,13728.201474657926,16,5,54142,22,icmp,http,RSTR,Benign,None
8.03081626303156,55.366116101108474,83.3283808116922,2,1,21103,80,udp,ssl,S0,Malicious,PartOfAHorizontalPortScan
1.5628833315456774,306.29942870969876,8178.458750628226,5,17,58532,22,tcp,http,REJ,Benign,None
0.614233375135045,114.66416787581399,51.4818423460989,4,3,2860,2323,icmp,dns,SF,Malicious,C&C
8.181222690649303,73.36836047172456,106.9440084445498,2,1,19246,8080,udp,ssh,RSTR,Malicious,C&C
2.520623654231238,387.51382444527314,1629.510799256443,4,19,8066,22,icmp,http,SF,Benign,None
2.364409243133402,1823.1404664078834,574.824993923201,2,16,36009,443,tcp,ssl,RSTO,Benign,None
0.6344928505982409,952.6234818776971,14362.917800668438,17,4,63793,53,udp,ssl,REJ,Benign,None
4.733655304282411,116.13005169377166,147.3819668825389,3,1,12610,23,icmp,http,SH,Malicious,PartOfAHorizontalPortScan
0.3986912858724936,850.7331191991047,1868.1227698835744,7,9,4840,8080,icmp,ssl,REJ,Benign,None
1.3848236782579029,669.8337582441641,239.4057384912675,8,7,30330,23,udp,dns,RSTR,Benign,None
4.148177553044205,1856.9164187871395,9932.283835840615,6,8,54308,23,tcp,ssh,RSTO,Benign,None
0.01327919479699913,1218.1172398376152,51.45509523399939,83,3,10399,8080,icmp,ssh,REJ,Malicious,DDoS
1.1399966502956986,597.7922903230008,1578.1417727723249,18,12,22960,80,tcp,ssl,S0,Benign,None
0.004228876630958564,1094.3861265420605,66.66287885357771,18,4,16627,53,icmp,dns,RSTO,Malicious,DDoS
7.000103789826669,102.97629919432967,209.2341369167546,2,4,11259,53,tcp,http,S0,Malicious,PartOfAHorizontalPortScan
1.3049996863952587,1348.8967909745272,139.3116666938117,30,18,18076,80,tcp,dns,RSTO,Benign,None
0.008458467081714372,1257.6907411596017,74.74623460380232,94,3,25316,53,tcp,http,SF,Malicious,DDoS
0.19764593761929772,171.70301720404655,0.0,3,0,39679,53,icmp,http,S0,Malicious,Mirai
2.535012843707274,1511.8299592465319,602.0792374308871,16,12,51298,443,icmp,dns,SH,Benign,None
0.002838250950599604,1288.9019149700716,66.85638848976647,44,4,21962,443,tcp,-,SH,Malicious,DDoS
0.01465557448496948,986.477912055474,38.52236166988347,21,0,13380,22,udp,-,SH,Malicious,DDoS
0.03944677795454528,916.1553995676616,24186.774605464165,19,6,57586,23,icmp,-,SH,Benign,None
0.025033355113247016,1213.4919849517098,61.11976010403599,11,3,51632,443,tcp,ssl,SF,Malicious,DDoS
9.025386510957595,1672.7440928935505,407.5657338379269,4,4,13133,23,icmp,dns,RSTO,Malicious,PartOfAHorizontalPortScan
1.1842686988508775,611.4610095233215,1854.8422205154386,3,3,17596,53,udp,ssl,SH,Benign,None
6.619754450677861,61.24842825473009,88.872139443996,2,2,20254,53,udp,dhcp,REJ,Malicious,PartOfAHorizontalPortScan
1.8871556951995825,21.01205699223079,231.4478823825453,4,2,38632,443,tcp,dhcp,S0,Malicious,C&C
8.975785758236292,55.36327088095481,443.00143594543255,3,4,13473,2323,icmp,dhcp,S0,Malicious,PartOfAHorizontalPortScan
0.019069859676646584,161.13837374499374,0.0,1,0,27181,22,icmp,ssl,S0,Malicious,Mirai
0.03310691576955082,156.9602682175355,0.0,2,0,23270,53,tcp,dhcp,S0,Malicious,Mirai
1.1940522406500762,100.73395582809977,70.93453592327754,2,7,58971,22,udp,ssh,S0,Malicious,C&C
2.9417094395058356,272.6791174364121,209.34320326673307,3,4,45687,8080,tcp,ssh,RSTR,Malicious,PartOfAHorizontalPortScan
11.965553277029226,350.28468498809383,466.16635374071853,5,3,26650,2323,udp,ssh,SH,Malicious,C&C
3.678477282556284,670.0806546905732,554.6675231049247,15,29,61042,80,tcp,http,REJ,Benign,None
1.0413616907737249,5089.20488365173,5280.472662302783,87,14,27290,8080,icmp,-,RSTO,Benign,None
0.004063483194922815,1076.2469695660013,56.329023597298786,67,2,11965,80,tcp,dns,RSTR,Malicious,DDoS
0.4155543893965711,101.98192789860009,217.68004516876303,2,3,34310,23,udp,http,RSTR,Malicious,C&C
0.1279029600773133,144.76489951270753,0.0,1,0,13793,23,icmp,dhcp,S0,Malicious,Mirai
2.691311652614907,116.1843961221609,472.84718451202104,4,3,43418,2323,icmp,dns,RSTR,Malicious,C&C
4.648366627107699,2442.2410103979855,3708.1908611073245,25,20,32051,53,tcp,dns,REJ,Benign,None
0.2651903426994445,2283.8527566639104,981.7707349621273,30,6,16486,8080,tcp,http,SH,Benign,None
0.07237674509191612,149.28324073853366,0.0,2,0,42320,80,udp,-,S0,Malicious,Mirai
2.139976874928905,1880.837751137637,1213.3880474903951,11,17,46751,80,icmp,-,SH,Benign,None
0.457653886907844,145.957927768882,160.01456919972878,4,1,35998,22,tcp,ssl,S0,Malicious,C&C
4.771813692781346,157.8325824844882,479.75028819729056,3,6,2123,23,udp,http,SF,Malicious,C&C
0.015365433042575347,163.99548758653015,0.0,2,0,43560,443,icmp,-,S0,Malicious,Mirai
0.004554404570520857,1165.7304205465432,66.67182701949288,69,0,49544,8080,icmp,ssh,S0,Malicious,DDoS
0.24265793601645666,148.74425492210574,0.0,1,0,14445,53,udp,-,S0,Malicious,Mirai
0.0007622140720330373,1132.2628540647968,41.41134611693179,44,1,35363,53,tcp,-,SF,Malicious,DDoS
8.402953171818485,33.63924752765895,264.2051127788674,2,2,40072,443,tcp,dns,REJ,Malicious,PartOfAHorizontalPortScan
0.9027312571571883,725.7822366318494,3559.900360062506,31,108,26982,80,udp,ssl,SF,Benign,None
3.668977326280897,1513.5700356376742,2682.505938051012,4,12,65250,80,tcp,dns,RSTR,Benign,None
3.9029138261706406,1175.8480296438543,1470.4654376953547,16,35,40619,2323,udp,ssh,RSTO,Benign,None
0.5947900850372523,802.5171406632558,2118.0525348130495,4,4,41564,443,udp,ssl,RSTR,Benign,None
0.007605073890011658,110.58342262503663,0.0,2,0,63037,23,udp,http,S0,Malicious,Mirai
1.0328172416043924,2022.6812595251179,1859.8651991919173,10,67,2714,8080,icmp,ssh,S0,Benign,None
1.168355355148815,166.24169807884803,146.46768340595466,3,3,21282,8080,udp,http,RSTO,Malicious,PartOfAHorizontalPortScan
0.0400608727306916,139.78088013869592,0.0,1,0,63368,443,udp,http,S0,Malicious,Mirai
1.4404428959258955,171.44992046748004,252.97521546521182,5,2,55823,22,udp,-,RSTR,Malicious,C&C
2.205256430905084,904.2460910730496,13069.538906371961,11,4,35400,23,icmp,-,S0,Benign,None
3.5598401387705665,555.0135886460198,1061.1629759842558,4,12,3872,80,icmp,dhcp,SF,Benign,None
1.5863152264503673,132.83212821404635,1553.0392906184477,4,3,45202,53,tcp,-,SH,Malicious,C&C
3.2849374953533994,1566.0233975682656,1788.574647879325,10,4,22017,23,udp,-,RSTR,Benign,None
1.6306769812375814,1609.3167656692194,5916.599952049822,13,9,17708,53,icmp,dhcp,SF,Benign,None
0.0039014246394472084,156.62309950544977,0.0,2,0,59014,2323,udp,ssh,S0,Malicious,Mirai
4.507632342538067,119.42906693072952,33.148116486707444,3,2,60537,8080,icmp,ssh,SF,Malicious,C&C
0.1293226983635062,215.13466338198216,158.8864493583706,5,2,14281,2323,tcp,http,SH,Malicious,PartOfAHorizontalPortScan
0.4960661028561852,157.9859777403867,407.79681055617857,4,4,4461,80,icmp,ssh,RSTO,Malicious,PartOfAHorizontalPortScan
0.06001479224496167,120.40360745705311,0.0,3,0,50771,443,udp,ssl,S0,Malicious,Mirai
0.3726426256191639,206.9333329566834,2481.1746631177325,2,4,58224,22,icmp,ssl,S0,Benign,None
1.8418948486395328,154.03033239235018,24.019047419383504,3,5,31352,443,icmp,-,SF,Malicious,PartOfAHorizontalPortScan
0.9386272855624993,259.04922188955334,31.817486514112563,6,4,38066,23,icmp,-,SF,Malicious,C&C
7.154410087091765,248.44482246063845,801.7378443389566,2,1,19770,80,icmp,ssh,SH,Malicious,C&C
1.0152474546567993,594.6709510284647,515.8250980539625,26,8,34202,2323,icmp,http,RSTO,Benign,None
14.944099247401855,388.59848927273526,55.72558973347614,3,1,59580,53,tcp,http,SH,Malicious,C&C
0.45855308184894095,163.22916063343524,2583.3536343577725,8,6,33225,80,udp,http,RSTO,Benign,None
0.955538496883861,533.615535250857,4939.133060879142,3,17,31655,80,tcp,dhcp,REJ,Benign,None
0.6804627880839896,696.4355979046109,17614.940130797342,3,87,37519,80,tcp,ssl,RSTO,Benign,None
0.9780225299063123,6657.52802048354,1501.7743580792132,40,5,43157,2323,icmp,dhcp,SF,Benign,None
3.2837456350473904,2068.370374699768,1016.9893438186899,3,71,19826,2323,tcp,http,RSTR,Benign,None
0.16611722681531854,169.20605677473324,0.0,1,0,46761,8080,udp,ssl,S0,Malicious,Mirai
0.03035262863488664,4935.195494591792,3007.4127088004293,7,5,31328,23,icmp,-,SF,Benign,None
0.009566036596870229,1159.791303196743,59.976715123724134,36,1,9630,8080,tcp,-,S0,Malicious,DDoS
3.659214523573339,18.191303492344403,192.3367103719388,2,1,2961,2323,icmp,dns,S0,Malicious,C&C
0.09521380820773094,155.77398811539646,0.0,1,0,33535,22,tcp,dhcp,S0,Malicious,Mirai
0.4791181108306504,850.3356135121933,3364.6203832109068,9,5,52519,23,icmp,ssh,SF,Benign,None
7.129903029650263,61.68066097805821,49.43658288774425,4,5,40788,443,tcp,http,SH,Malicious,C&C
4.097851264742177,85.26956336681157,49.33449042150515,5,3,57435,2323,tcp,dns,S0,Malicious,PartOfAHorizontalPortScan
1.0756935486515755,834.7071391605825,17321.49787658294,7,22,45269,53,icmp,dns,S0,Benign,None
2.853823718517238,183.49010221624548,1157.754714794601,20,6,10916,80,udp,ssh,SH,Benign,None
0.012116496412544017,166.20667192943085,0.0,3,0,6746,80,udp,ssh,S0,Malicious,Mirai
1.2962870103827218,783.6011120523021,328.24947743722885,5,4,38153,8080,icmp,ssl,SF,Malicious,PartOfAHorizontalPortScan
0.44866907015927543,2145.171726854523,2924.8515252154825,2,4,18832,2323,icmp,http,RSTR,Benign,None
0.34100119046219374,77.80740900675978,124.12560543202906,3,2,29012,443,icmp,http,SF,Malicious,PartOfAHorizontalPortScan
0.0009312742100057378,1216.318086794229,63.36301101406069,65,0,4360,53,tcp,ssh,RSTR,Malicious,DDoS
0.5273675317332448,1045.2928384922143,6332.577616318702,10,11,43874,22,icmp,ssl,RSTO,Benign,None
0.030724459783845443,1283.2814311559198,57.4014669630209,44,1,63760,80,udp,ssh,RSTR,Malicious,DDoS
0.16682082545939655,201.24538598213397,0.0,2,0,48461,22,udp,-,S0,Malicious,Mirai
0.0037131065330428745,1272.9909014272666,44.33076083254625,15,3,63200,2323,tcp,dns,RSTR,Malicious,DDoS
15.477131756127157,88.98985408682961,235.85171913004208,4,1,36541,8080,icmp,-,SH,Malicious,PartOfAHorizontalPortScan
5.887856169196059,99.34095707611806,400.816652680649,3,1,53183,23,tcp,dns,S0,Malicious,C&C
0.005128483259311019,1143.4372550574851,42.83846527495095,87,2,32083,23,tcp,http,S0,Malicious,DDoS
0.002590252523759057,1220.4099478665785,62.93672945759005,75,0,46770,23,icmp,-,SH,Malicious,DDoS
0.014076368976039736,1349.6625032355234,50.00621538465745,78,1,45599,2323,icmp,http,S0,Malicious,DDoS
0.45068980358733274,3625.049247684682,982.775695042997,12,15,63993,2323,udp,ssl,RSTO,Benign,None
3.607859138500063,1749.3510135088684,25007.418574121868,3,2,29331,22,icmp,ssl,RSTR,Benign,None
1.925419368499191,63.67303723377186,138.6829971434849,4,4,51988,80,tcp,dns,RSTR,Malicious,C&C
0.13532447016935223,149.69716935885035,0.0,2,0,51352,2323,tcp,dhcp,S0,Malicious,Mirai
0.29454859292616464,158.70686582010492,66.24562061632915,4,4,52649,23,tcp,-,SF,Malicious,C&C
1.1805651226435396,357.4953866594122,7109.7384565865705,19,4,63566,443,icmp,-,S0,Benign,None
3.045851101435186,148.18413645150386,65.28547059373206,4,0,56003,80,tcp,-,SF,Malicious,PartOfAHorizontalPortScan
2.5049024780508233,110.65324109773012,156.4198487968038,2,1,51273,2323,udp,ssh,REJ,Malicious,C&C
0.06778333913255687,116.30636461831753,0.0,2,0,34898,80,icmp,ssh,S0,Malicious,Mirai
0.027090713715823975,149.62344694122092,501.62026154884654,2,2,38312,22,udp,http,RSTO,Malicious,PartOfAHorizontalPortScan
0.8357283923830924,554.8610384270194,6880.56044907521,36,15,39531,443,tcp,http,RSTO,Benign,None
0.21344515426012392,3379.5355825365255,18320.700489203697,8,4,30541,2323,udp,dhcp,S0,Benign,None
1.2118163751265674,2151.024575174962,7046.121695536414,3,75,56403,8080,tcp,-,RSTR,Benign,None
0.005592088604486485,1167.1058878646115,41.47378794133392,78,1,3689,23,tcp,dns,RSTR,Malicious,DDoS
0.19187354049882005,153.2894487323005,0.0,4,0,28779,53,udp,ssh,S0,Malicious,Mirai
4.989032961074548,1084.7757593287135,4481.899778225206,98,41,51567,443,udp,http,RSTR,Benign,None
0.005172307474284393,1236.4740332189053,51.555556113503606,76,4,25935,22,icmp,dns,RSTO,Malicious,DDoS
6.521822222168695,88.06214335361639,37.09409323299829,4,1,45992,53,tcp,http,SF,Malicious,PartOfAHorizontalPortScan
3.6455665605209417,379.8220768005194,732.7453601054341,5,4,14716,80,udp,ssl,SF,Benign,None
5.6913796068563025,214.30668963629404,2570.7561333341555,3,14,21020,443,udp,ssh,S0,Benign,None
0.5708733101043248,1514.6282349895173,5973.512246800354,25,27,36208,80,tcp,dns,SH,Benign,None
0.011058842513008925,1150.8042858683896,54.05055989981912,22,0,41703,53,icmp,dhcp,SH,Malicious,DDoS
0.0026394656907561464,1142.0612594853972,44.414480462634394,86,0,12795,22,tcp,dns,RSTR,Malicious,DDoS
0.2076510289510811,66.11372605107947,323.49588195481704,7,1,34072,23,udp,dns,REJ,Malicious,C&C
1.5120173113449671e-05,167.8272223648109,0.0,2,0,26398,22,udp,http,S0,Malicious,Mirai
1.9629295671666207,84.62163890969066,328.4867104407281,3,1,2224,2323,udp,ssh,S0,Malicious,PartOfAHorizontalPortScan
0.2584565073905652,153.5610345677487,0.0,3,0,45476,2323,icmp,-,S0,Malicious,Mirai
0.08495003242179422,131.15024232933337,0.0,3,0,35437,8080,udp,-,S0,Malicious,Mirai
0.7430201341523895,5812.544235564266,435.0617639160086,2,10,57206,443,udp,http,REJ,Benign,None
0.43884795143189037,66.38477145006549,227.67109337553282,2,2,9482,23,icmp,dns,RSTO,Malicious,C&C
0.258775803516777,495.33758450248735,2106.04920183824,13,51,18029,80,icmp,dhcp,SH,Benign,None
0.008810098108405575,1257.065604824779,45.76995102824167,90,1,18301,53,udp,http,SF,Malicious,DDoS
0.2523101475923484,92.3983967854428,96.1391492127886,3,3,22923,53,udp,ssh,SH,Malicious,C&C
0.04155307375977516,138.05994546869323,0.0,4,0,21977,53,udp,dhcp,S0,Malicious,Mirai
4.4455508643722865,25.41725307205482,309.82231625272897,2,3,41160,8080,udp,dhcp,SF,Malicious,C&C
3.880762571435177,924.402580937524,919.3470395059569,4,14,50728,53,tcp,dns,S0,Benign,None
11.968553213447288,217.0332274332474,117.85260615883594,2,2,11099,443,tcp,-,RSTR,Malicious,C&C
2.1727770989351205,44.69060456929443,158.82174945632238,6,2,45116,80,udp,dns,S0,Malicious,C&C
18.171509897857632,1152.19560586733,698.1210802075884,2,18,46899,53,udp,dhcp,RSTO,Benign,None
3.6346236495187814,398.79693382323336,28.06559599033937,6,2,4767,22,udp,ssh,SF,Malicious,C&C
0.06787020302800283,158.79732820541395,0.0,3,0,42234,22,tcp,ssh,S0,Malicious,Mirai
16.809917453340173,349.61017421164945,32.24258814445912,7,4,49569,22,udp,-,REJ,Malicious,C&C
4.134515697690731,110.69956091998564,98.18861924040716,5,2,1150,80,tcp,-,S0,Malicious,PartOfAHorizontalPortScan
0.5859000859351786,1082.2633274923169,762.1796262462758,6,148,42882,80,tcp,dhcp,SF,Benign,None
3.754975749872875,174.39435547006985,239.51479843289562,3,2,51310,8080,tcp,http,REJ,Malicious,C&C
19.441836681744306,477.6687826678497,100.2793888625216,2,1,36437,53,tcp,dns,SF,Malicious,PartOfAHorizontalPortScan
0.7788510367093205,710.8278446730344,10344.034688941703,14,15,9909,22,tcp,-,SF,Benign,None
0.8441171714259652,519.7088672452768,286.6412374359372,14,12,8013,443,icmp,ssl,REJ,Benign,None
0.8917339884925198,3038.376975754707,396.1024219648402,12,14,11118,80,icmp,dns,SF,Benign,None
0.24503070211681488,1180.9615209327478,12904.76746321645,7,7,38857,22,tcp,-,RSTR,Benign,None
0.023734190632200877,171.55288654632457,0.0,2,0,3122,80,udp,http,S0,Malicious,Mirai
0.015957499390752576,1243.244151699699,45.89309555544538,60,1,50302,80,udp,ssl,SH,Malicious,DDoS
0.03645791569256921,3053.7788667454947,3255.424277078868,6,21,19402,53,icmp,ssl,SH,Benign,None
4.479733613844623,1813.9951058428067,1145.330696630098,27,3,20214,8080,icmp,ssl,REJ,Benign,None
0.0011856080332775976,1240.8662533517615,40.34105318661492,53,3,35417,23,tcp,dns,SH,Malicious,DDoS
0.0007269115678953823,1257.614913085331,41.24939743418377,96,2,44871,22,udp,dns,S0,Malicious,DDoS
0.1567000655874293,17.740081421727442,243.43635216793632,2,1,21661,443,tcp,ssl,REJ,Malicious,PartOfAHorizontalPortScan
20.76166578140933,316.0503971515469,61.37481595930174,5,3,45841,80,icmp,dns,RSTR,Malicious,PartOfAHorizontalPortScan
0.09449428813843688,531.0515566304161,41125.93223439508,41,39,34002,22,icmp,dns,S0,Benign,None
0.012583691933725041,1288.15519516881,43.33968194294469,56,3,15631,443,udp,-,SF,Malicious,DDoS
0.015841593933911227,1284.7937875957869,51.932346065733796,94,4,60226,80,tcp,dns,RSTO,Malicious,DDoS
2.2315128842784677,145.2157179530819,109.84473564149658,5,1,55219,23,udp,-,SF,Malicious,PartOfAHorizontalPortScan
3.120952969800488,130.64581752147808,183.11185728295553,4,1,53208,443,icmp,ssl,S0,Malicious,C&C
0.6073702563119986,6856.8491477923435,517.245523897389,8,15,35302,2323,udp,-,RSTR,Benign,None
0.0019890150311055255,998.2730709767854,49.364538340786176,28,4,10553,443,udp,ssl,RSTR,Malicious,DDoS
0.002184483817522871,1083.4546724678426,39.15874815169532,62,3,40079,443,tcp,ssh,S0,Malicious,DDoS
4.056536896896828,1080.1089439546047,13832.64681895875,4,6,11538,53,udp,-,SF,Benign,None
1.5689386973716122,1292.199998786952,1286.6423193216567,20,46,41963,22,tcp,-,REJ,Benign,None
2.6333314989228827,138.00225129915594,32.35137093351864,2,5,10634,8080,icmp,ssh,REJ,Malicious,C&C
3.3027610302654375,2548.323176069174,23513.7551696202,4,19,8958,22,tcp,dhcp,SF,Benign,None
3.5957853352639093,1733.175706659954,74.94475421647485,11,9,58282,8080,icmp,ssh,REJ,Benign,None
0.09976392160046303,192.7675470818749,0.0,4,0,55635,443,icmp,dns,S0,Malicious,Mirai
0.008266875849889506,122.59039974463339,0.0,2,0,62556,22,tcp,http,S0,Malicious,Mirai
0.03051231307709064,174.71587203077107,0.0,1,0,51981,443,icmp,-,S0,Malicious,Mirai
3.1127133103872002,761.4079661671137,51.661179125550795,3,1,40341,8080,tcp,ssl,SF,Malicious,C&C
4.366863191447688,360.13585089658403,42898.20531087031,51,11,51756,23,icmp,dhcp,SH,Benign,None
4.050061364681009,710.4125728283756,110.08288922457322,11,1,31780,8080,tcp,ssl,S0,Malicious,C&C
0.013555131930555013,138.1282068687441,0.0,4,0,19906,80,icmp,dhcp,S0,Malicious,Mirai
0.0005731459317847306,1116.606456323525,57.80551354742936,10,2,20407,2323,tcp,dhcp,SF,Malicious,DDoS
0.04256711890010181,122.85276472988559,141.83204556605364,2,2,40334,22,udp,ssh,RSTO,Malicious,PartOfAHorizontalPortScan
9.14568130202205,106.38333366890815,444.3462129240551,1,0,23779,22,udp,ssl,REJ,Malicious,PartOfAHorizontalPortScan
0.20780368350402612,165.3250002118692,0.0,1,0,39504,443,udp,-,S0,Malicious,Mirai
0.2060410843283249,131.1863605890887,0.0,2,0,64542,53,udp,http,S0,Malicious,Mirai
4.2112169927338945,4988.694834460055,16665.84474525018,61,3,19578,23,icmp,ssh,SF,Benign,None
0.0012697699479477414,1202.4692191326333,42.839066957952284,17,3,44976,22,tcp,-,RSTO,Malicious,DDoS
1.1757005465476607,2807.844652139654,6626.276522984503,5,27,8172,2323,icmp,-,SH,Benign,None
1.9294580907436147,794.6319935808481,603.8094917514867,3,37,45285,443,icmp,ssl,RSTR,Benign,None
0.011940364983605428,1279.0298902458162,62.894154385251674,34,4,29363,2323,icmp,ssl,SH,Malicious,DDoS
0.01685548184252121,1389.518095144984,42.487625321373635,85,0,56932,23,tcp,ssl,SF,Malicious,DDoS
0.002273743123810506,1150.9653434091786,41.42404214480236,73,3,49035,443,udp,dhcp,RSTO,Malicious,DDoS
3.907931322988672,104.85712552441979,266.7261788097595,2,2,64496,22,icmp,ssh,RSTO,Malicious,C&C
0.4606112208020591,130.01824500412798,0.0,2,0,15052,8080,udp,ssl,S0,Malicious,Mirai
0.017413388164336893,1214.1143866498603,36.55998224999659,78,0,19794,80,udp,ssl,SH,Malicious,DDoS
0.09959245828327945,158.26677316490324,0.0,1,0,63697,8080,udp,http,S0,Malicious,Mirai
0.03948095224253692,149.71590392662887,0.0,1,0,27792,80,tcp,dhcp,S0,Malicious,Mirai
0.047509651147194853,146.1743568809148,0.0,3,0,57468,443,udp,-,S0,Malicious,Mirai
0.009969507370083593,1116.621261385612,50.697146607442185,98,2,24166,8080,tcp,dhcp,SH,Malicious,DDoS
1.0766003834873041,213.76566332621135,197.85404964505352,9,3,16413,2323,tcp,ssl,REJ,Malicious,C&C
0.0016050738309754662,1122.8415844998988,51.089412350727876,60,3,64860,23,udp,ssl,RSTR,Malicious,DDoS
0.21337039948443476,1321.9628563956444,1559.794937101836,10,13,13438,80,icmp,-,RSTR,Benign,None
2.234191725814075,2832.85933897037,4543.315977556367,4,19,4985,80,udp,ssh,S0,Benign,None
7.690156654286361,79.44595785801754,399.1830822584682,3,1,59334,80,icmp,ssl,RSTR,Malicious,C&C
0.007514923664576682,1231.023562644081,27.169746124410587,38,3,50114,23,icmp,-,RSTR,Malicious,DDoS
2.847056195380859,2096.0763624759607,6103.494702519616,9,5,3423,8080,tcp,dns,RSTO,Benign,None
0.005622051448632323,1253.290037366458,54.41693904563892,26,3,10339,443,tcp,http,RSTO,Malicious,DDoS
2.4106176656868117,1252.684908585186,2433.073391957192,18,4,24743,23,udp,dhcp,S0,Benign,None
0.31841816689421854,880.6423316970764,4282.794253534194,3,50,59897,80,icmp,dns,SF,Benign,None
2.6660427785627974,202.93952827627422,142.32767088772476,5,2,2036,2323,icmp,http,S0,Malicious,C&C
1.1881650155100592,338.70468568535506,425.94502949631084,9,2,24076,2323,icmp,ssh,RSTR,Malicious,PartOfAHorizontalPortScan
0.15525775385108892,134.39641381652788,55120.396049021816,6,3,49432,23,tcp,http,S0,Benign,None
0.14110071385777728,34.417411282781835,125.20221191034113,4,2,24786,53,tcp,dns,RSTO,Malicious,C&C
2.069017541950882,119.6914637688047,397.3015775555104,2,2,7608,8080,udp,dhcp,RSTO,Malicious,PartOfAHorizontalPortScan
0.4077257051004143,121.01445261177534,0.0,2,0,64894,22,tcp,ssl,S0,Malicious,Mirai
2.134712009434217,175.95180338686816,36.871306157489876,4,2,46233,2323,icmp,dhcp,REJ,Malicious,PartOfAHorizontalPortScan
1.6075446237436963,97.03767234544695,10829.043676479956,11,13,33111,2323,udp,dns,REJ,Benign,None
0.0028925534228409423,1368.2892036833682,45.925112050516816,39,4,49636,22,udp,-,RSTR,Malicious,DDoS
1.3653744991608407,1701.1945606482122,5091.726770968944,19,13,40214,22,tcp,http,S0,Benign,None
0.01904538756678414,1192.0998293761138,58.434674981326495,27,3,57795,22,udp,http,RSTO,Malicious,DDoS
2.3154056046539577,644.784158641946,3040.685244881652,11,43,47850,22,udp,ssl,RSTR,Benign,None
6.3448271393558295,1963.2898355723287,530.9585402317781,3,11,12193,80,icmp,-,SH,Benign,None
0.08044482716084955,121.20872785078616,0.0,3,0,64227,22,udp,dhcp,S0,Malicious,Mirai
0.2844869056064126,860.3701236276962,54.28928345853394,5,1,57667,53,tcp,ssl,SF,Malicious,C&C
0.4892147332087315,89.98677518931427,87.23598536674288,3,5,8179,22,tcp,dhcp,RSTR,Malicious,PartOfAHorizontalPortScan
0.032089189965094696,1267.7492888724366,59.55371528058306,20,3,28632,8080,tcp,ssl,REJ,Malicious,DDoS
0.5416738841747919,873.974477165013,2750.007685107673,2,5,56249,443,udp,dns,SH,Benign,None
0.004292570758416732,1043.5708150863607,44.25894734275692,59,4,4298,53,tcp,http,SH,Malicious,DDoS
0.37652718356568404,112.36664933137563,174.00130548469227,2,2,50832,2323,udp,dhcp,SH,Malicious,PartOfAHorizontalPortScan
0.0009846845883010726,1065.8444061610971,39.192995552431256,39,1,13397,80,tcp,ssh,RSTO,Malicious,DDoS
0.00045336065625725203,1309.206092061726,49.92423853034907,10,1,33042,443,udp,dns,SF,Malicious,DDoS
5.052379903059439,212.07656481844077,1022.3061722463143,3,3,52688,443,icmp,http,SH,Malicious,C&C
0.8036860953848163,1423.4855457867252,337.9752260312409,9,12,61754,2323,udp,-,SH,Benign,None
0.23512244193217788,257.3155603314314,352.71596650117607,3,2,56728,80,tcp,ssl,S0,Malicious,C&C
4.484207208699258,284.0527728716325,119.8444299232538,3,2,43342,80,tcp,http,RSTR,Malicious,C&C
0.01853770615630525,1224.7591628506032,37.350579829776855,68,3,65136,8080,icmp,-,RSTO,Malicious,DDoS
0.3745208009204751,480.4021027152784,12673.502634611297,12,10,60039,80,udp,ssl,RSTO,Benign,None
11.246279872741294,104.90625367804859,75.31934287522975,2,1,41451,53,tcp,-,RSTO,Malicious,PartOfAHorizontalPortScan
0.10014594637912871,149.42973474161272,65.09217129666465,5,4,59986,2323,tcp,http,S0,Malicious,PartOfAHorizontalPortScan
1.581635990074154,1589.0201771996956,15452.813298241921,41,26,20004,53,icmp,dhcp,REJ,Benign,None
3.13570724793243,128.49674299105178,205.27825241993008,3,5,1085,2323,udp,dns,SH,Malicious,PartOfAHorizontalPortScan
2.120744281443103,928.6522391434103,3003.521348675546,2,8,42636,53,icmp,dhcp,REJ,Benign,None
0.014183651809603206,1127.6584334748875,58.02686181206904,61,1,15476,22,icmp,dns,SH,Malicious,DDoS
0.006099189720580897,1194.7370548380602,46.30219306335453,92,0,23266,53,tcp,ssl,RSTR,Malicious,DDoS
3.7154838850600336,614.5873858430189,1274.9159362176674,12,2,21281,53,icmp,-,SH,Benign,None
2.911816058477743,79.71274616632233,119.48299016267902,3,6,36572,8080,icmp,dns,SH,Malicious,C&C
6.486619230552159,59.385593878289406,164.2238343923167,5,2,4260,8080,tcp,ssh,SH,Malicious,C&C
0.027783989737649967,170.63806564731962,0.0,4,0,15784,23,icmp,ssl,S0,Malicious,Mirai
2.542834282896522,73.72434965740648,3309.5972827272944,45,17,21730,53,icmp,-,S0,Benign,None
2.1120831845260826,458.30997488838045,23.08920725653082,3,4,43370,23,icmp,-,SF,Malicious,PartOfAHorizontalPortScan
0.342616166577385,1311.3379795663936,4579.499808530575,3,14,51783,23,tcp,ssl,SF,Benign,None
0.5856863401794149,8458.680657192877,121.02808347904002,4,12,9210,8080,udp,dns,RSTR,Benign,None
1.5373534192804847,364.2842503988253,1425.1002261886927,2,29,10149,80,icmp,-,REJ,Benign,None
8.811869278197195,262.3250826361655,329.7302381204778,2,5,36543,80,udp,dhcp,REJ,Malicious,C&C
0.7823425172721883,1078.3593641209784,809.0366369721902,5,8,43770,443,tcp,-,REJ,Benign,None
4.951161284067221,306.0623195642283,153.12424333315175,5,2,62308,23,icmp,ssl,REJ,Malicious,C&C
1.6607998620889919,733.0183284382082,3840.847319449648,4,20,10470,22,tcp,dns,S0,Benign,None
0.01795548354955761,164.26873129411547,0.0,4,0,5355,22,icmp,http,S0,Malicious,Mirai
1.0045988044427503,242.44243420661178,1132.1466655103084,2,17,57996,2323,icmp,-,RSTO,Benign,None
4.631381405062351,4304.017238116386,3035.2990376544826,15,15,21651,443,udp,dns,REJ,Benign,None
0.4349062458386026,64.3245777366984,625.2984417810275,3,10,65513,2323,udp,-,RSTO,Benign,None
0.0025176748711650924,1267.5221096004707,45.64898369126778,18,1,47321,8080,tcp,http,S0,Malicious,DDoS
0.062227498864115806,130.7840159710597,0.0,2,0,4103,53,icmp,http,S0,Malicious,Mirai
0.022096749595225916,257.98251726377976,234.28848039957757,5,2,51664,2323,tcp,ssh,SH,Malicious,PartOfAHorizontalPortScan
0.002801941603090048,1271.6680535472926,50.03212928978117,25,0,5085,23,udp,ssl,SF,Malicious,DDoS
0.9358806349423776,100.68441200920277,731.4119145506223,4,3,8213,8080,icmp,-,SF,Malicious,C&C
3.4563160582853625,1303.9782378375921,2615.164271224924,19,28,43370,53,icmp,http,RSTR,Benign,None
1.028596139575714,413.49452003815173,7556.383127476377,6,2,16495,80,icmp,dhcp,RSTR,Benign,None
0.03123058590009278,160.19570008789228,0.0,1,0,5320,8080,udp,-,S0,Malicious,Mirai
7.503846778598458,174.54784598281174,145.13759133580453,5,2,32798,23,tcp,ssl,REJ,Malicious,PartOfAHorizontalPortScan
0.3655309360073006,148.9214742501611,0.0,3,0,32342,80,tcp,-,S0,Malicious,Mirai
0.6754743815095456,647.905115083165,11876.071466353771,3,8,59000,53,tcp,ssl,RSTR,Benign,None
6.687385334535737,214.16977014214905,78.9062984106588,5,2,7855,53,tcp,dhcp,RSTO,Malicious,PartOfAHorizontalPortScan
2.5814234904597186,788.4050228720582,1851.173601582915,4,6,57876,23,udp,ssl,S0,Benign,None
0.17707227654855337,135.4144923926885,0.0,4,0,8352,23,udp,dns,S0,Malicious,Mirai
1.993514008334569,134.98226005214647,148.48185431878167,3,2,12215,80,icmp,http,S0,Malicious,PartOfAHorizontalPortScan
12.574401736366436,195.57036775472824,91.69204202995356,3,3,23975,443,tcp,ssl,SF,Malicious,C&C
4.040678136836574,163.6796207500889,128.10303916786575,5,2,25430,2323,icmp,-,SH,Malicious,C&C
0.00287460154346829,1258.8699603124153,46.02974215052331,50,1,47703,23,udp,dhcp,SH,Malicious,DDoS
6.278123665374626,445.51240184830243,157.8837011807458,3,1,15716,22,tcp,dhcp,RSTO,Malicious,C&C
6.333169855986746,75.96704690410708,248.31284823481786,3,6,31201,23,tcp,ssl,S0,Malicious,C&C
1.4114249439716355,1705.2213342362656,1853.7519268765595,1,37,55538,80,icmp,dhcp,S0,Benign,None
0.15508502988178782,155.99587817591006,0.0,1,0,22737,2323,tcp,ssl,S0,Malicious,Mirai
3.2005379247578913,112.53340298209982,344.70261274563404,3,1,38120,23,udp,dns,SH,Malicious,PartOfAHorizontalPortScan
0.01583292830745034,1167.1701580206598,61.332023853209606,18,4,17554,8080,icmp,-,RSTR,Malicious,DDoS
11.150242687476055,96.44834951894336,53.565691153605734,7,3,10838,443,udp,http,SH,Malicious,C&C
0.38837657301953193,3815.366237520784,3964.7193391260357,7,6,17993,22,tcp,http,S0,Benign,None
5.639763114398045,164.01659115009696,61.05532402736812,5,4,41828,22,udp,dhcp,RSTO,Malicious,C&C
0.11488952780510954,1802.8519896058863,970.2578507822149,6,19,42150,80,udp,dns,SF,Benign,None
2.387259782562914,139.33943467183482,317.35908021301145,8,2,48122,80,tcp,http,SH,Malicious,C&C
3.274804818307027,419.93619841632835,26.06539691662614,2,0,64128,22,udp,dns,RSTR,Malicious,PartOfAHorizontalPortScan
1.7062671572480415,68.56046876039956,89.29114532318106,3,3,7503,23,tcp,-,RSTR,Malicious,PartOfAHorizontalPortScan
0.9663682832458712,1470.2299069014805,15098.458876815925,31,10,52930,22,tcp,dhcp,RSTO,Benign,None
0.11058604697648602,2061.659911335931,2846.811845325278,1,34,10394,22,icmp,dhcp,S0,Benign,None
0.0023932785541893476,117.01564118690762,0.0,3,0,23620,8080,tcp,-,S0,Malicious,Mirai
0.1111490159734183,1349.1345834304182,2095.0975859826776,19,6,26014,80,tcp,dhcp,RSTO,Benign,None
0.24928216604321263,142.22070602356717,54.82980457473979,2,1,53542,22,udp,ssh,SF,Malicious,C&C
13.333125743141528,284.3486281840029,353.0460612038007,4,3,41382,443,udp,ssl,SH,Malicious,PartOfAHorizontalPortScan
4.501269957850237,1287.1358327489233,141.08518732180414,3,1,39213,443,udp,http,SH,Malicious,C&C
3.793170968513768,1516.1485732105202,18.120382704472178,3,2,44937,80,udp,dhcp,S0,Malicious,C&C
0.42874267409804756,1326.060056265942,7610.808715444431,3,5,30415,2323,icmp,dns,RSTR,Benign,None
1.0466555969838025,1142.5599144311786,2579.020936212293,13,41,44669,8080,udp,http,S0,Benign,None
1.440802560799058,24.69318404506797,90.58417475667262,3,4,53196,80,tcp,http,SF,Malicious,PartOfAHorizontalPortScan
2.9504782741879074,48.17167125900068,28.061742671273098,4,5,28038,80,icmp,-,RSTR,Malicious,C&C
0.008625346880232228,1070.458077164253,63.41815820597011,43,1,30728,80,udp,ssl,REJ,Malicious,DDoS
0.07557121486583587,1761.6035370234006,4259.732903807594,9,43,19727,8080,udp,http,REJ,Benign,None
0.008789515844331394,1192.898557330636,51.14522152057202,45,1,28257,22,icmp,http,S0,Malicious,DDoS
2.0822546240603974,411.95053406552745,462.935101852923,6,8,3725,2323,udp,ssl,RSTR,Malicious,PartOfAHorizontalPortScan
11.699143165661607,117.6140913779873,60.26649371987055,2,1,57685,80,tcp,http,SF,Malicious,PartOfAHorizontalPortScan
0.03697569274270124,156.64487571617693,0.0,1,0,7525,8080,icmp,ssh,S0,Malicious,Mirai
0.17551664698885544,43.50358840683594,395.4120449132344,2,1,40627,443,tcp,dns,S0,Malicious,PartOfAHorizontalPortScan
0.008038372009302616,1388.0394334670184,52.50046288580996,49,1,21549,23,tcp,dhcp,REJ,Malicious,DDoS
10.906410093328578,287.268559836461,10986.187965287465,5,24,42831,23,tcp,-,REJ,Benign,None
0.2301218962298481,4158.916074484702,749.728801696014,3,5,58431,2323,tcp,http,REJ,Benign,None
3.212372413959607,1345.423822273645,1273.0402125136422,27,11,1939,23,udp,dns,SH,Benign,None
1.507135654519175,707.1019588782307,2520.869467239082,6,43,14370,23,icmp,-,SH,Benign,None
3.695139840300983,147.3689317676108,119.68435940801297,4,3,11621,22,tcp,dns,RSTR,Malicious,C&C
0.2912049824238707,5260.183469822598,7735.487913543388,5,8,27657,23,icmp,dhcp,REJ,Benign,None
6.104439858918109,87.5130792552553,1076.3436280115186,6,4,28903,22,udp,http,SH,Malicious,PartOfAHorizontalPortScan
0.7099821200498478,255.89742747590336,451.37036798670727,5,4,62688,23,tcp,dns,SH,Malicious,C&C
1.7265082191311263,56.70864038227312,83.55259848998818,2,2,23213,8080,icmp,ssl,SF,Malicious,C&C
1.7756650321029273,993.255674523824,2221.8074592813005,33,29,53563,53,tcp,http,S0,Benign,None
0.004189967005183191,138.6699417264039,0.0,3,0,26214,80,icmp,http,S0,Malicious,Mirai
0.497849118032669,2990.495998102187,6638.318722735326,4,5,52081,8080,icmp,dhcp,RSTO,Benign,None
0.03140669651448662,1214.101013655671,36.840026729140746,66,2,9415,53,tcp,dhcp,REJ,Malicious,DDoS
6.669640323221342,194.39013267022773,652.3695671445653,6,4,49018,53,tcp,http,S0,Malicious,C&C
0.07740547042861871,121.2197469381418,0.0,1,0,14904,2323,icmp,ssh,S0,Malicious,Mirai
0.2278713471196997,124.25807263636611,0.0,2,0,57677,80,icmp,ssh,S0,Malicious,Mirai
6.053962023055868,336.8639810072036,296.1012756949864,4,4,61792,2323,tcp,http,RSTO,Malicious,PartOfAHorizontalPortScan
0.0055878383400228306,1099.0741073803542,49.831366797609256,84,3,29425,22,tcp,dhcp,SH,Malicious,DDoS
2.0507847302445605,637.532330418595,3442.6975165735234,19,15,19794,8080,tcp,http,SF,Benign,None
0.09940828143252801,161.42762881853054,0.0,2,0,5972,80,icmp,dns,S0,Malicious,Mirai
2.2679699408674874,202.61359254519047,609.7789510244494,6,7,26462,80,udp,ssh,SH,Malicious,PartOfAHorizontalPortScan
0.0367485419832772,1972.575645594298,1688.3368088656316,48,8,11860,443,tcp,-,REJ,Benign,None
0.010123426728332333,1850.0373734068123,155969.9665416771,10,38,57819,443,udp,-,SF,Benign,None
0.7816077755522254,272.76085504870423,493.46817203793404,28,63,59992,8080,udp,ssl,S0,Benign,None
1.849056447473244,461.1924331609482,499.8523104471627,4,4,40988,23,tcp,http,RSTO,Malicious,C&C
0.1775616208944416,103.12270239758135,196.56772916202743,3,2,55265,2323,udp,dhcp,RSTR,Malicious,PartOfAHorizontalPortScan
0.11545024178280826,132.25175567731193,0.0,1,0,25828,2323,tcp,dhcp,S0,Malicious,Mirai
9.891563431022199,300.89874072582325,60.50112069632686,4,4,44265,23,tcp,ssl,REJ,Malicious,PartOfAHorizontalPortScan
8.471266797342489,141.15743955736914,337.79934489710905,4,3,17517,8080,udp,ssh,RSTR,Malicious,C&C
0.3372079535174623,298.6244622354393,1860.1418309308754,2,27,16810,8080,udp,ssl,SF,Benign,None
0.463557308193716,3734.427447945149,1028.4573382492722,3,8,11058,53,udp,-,REJ,Benign,None
0.6923902169635748,768.5673577409589,37.86777139650713,4,3,27663,22,icmp,dhcp,SH,Malicious,PartOfAHorizontalPortScan
0.017680182460602913,1167.0413279084462,41.40452096019015,99,0,31175,443,udp,ssh,RSTR,Malicious,DDoS
8.37432844728594,1292.6139950100082,106.43174711185078,3,3,47108,2323,udp,ssh,RSTO,Malicious,PartOfAHorizontalPortScan
1.6419499192643137,46.07597144081583,25.27970897226981,4,2,20716,2323,udp,dhcp,SH,Malicious,PartOfAHorizontalPortScan
0.009220393848767782,137.8400689961663,0.0,2,0,18891,22,udp,dhcp,S0,Malicious,Mirai
0.013740784073603159,1230.3013296256395,40.33601284770645,31,2,61895,23,udp,-,SH,Malicious,DDoS
3.1004833617399625,304.98892690559694,1116.7988526372405,7,14,31113,443,udp,-,SH,Benign,None
0.283642922015138,1786.9213815557207,572.058860917662,15,12,5818,53,tcp,dns,S0,Benign,None
0.018471733821541467,143.69984607663704,0.0,2,0,52270,443,icmp,dhcp,S0,Malicious,Mirai
0.057548248904337664,153.78583595306947,0.0,2,0,42757,22,icmp,dhcp,S0,Malicious,Mirai
0.030978126829595956,141.9836551639862,0.0,2,0,19851,22,tcp,ssl,S0,Malicious,Mirai
3.3503399022111315,72.15329352440693,85.3706754037896,3,1,4260,443,udp,dhcp,SF,Malicious,PartOfAHorizontalPortScan
3.8694579032442005,47.46363342592074,163.10582717601503,2,3,35600,2323,icmp,http,RSTO,Malicious,C&C
0.0006968778377965933,134.14008667205462,0.0,2,0,13579,443,udp,ssh,S0,Malicious,Mirai
1.7088864700509208,74.71492815578284,2636.752523956859,3,12,28776,22,udp,ssl,S0,Benign,None
0.021211482390000053,1097.0936812035832,38.06487362549252,86,4,2542,8080,icmp,-,SH,Malicious,DDoS
11.430137758285863,2815.4765211851627,3912.483589979175,109,13,33144,80,icmp,dns,SF,Benign,None
1.0030666410192839,62.26978446070563,156.8892658567111,3,2,35533,53,tcp,ssh,RSTR,Malicious,PartOfAHorizontalPortScan
3.239901358216108,26.236575721220273,499.81380178217483,4,2,47041,53,tcp,ssh,REJ,Malicious,PartOfAHorizontalPortScan
0.153255218899041,143.40071115588867,0.0,1,0,26793,22,icmp,ssl,S0,Malicious,Mirai
1.0425636811989787,1336.5802514118063,45289.790887740804,17,32,52490,8080,tcp,dhcp,SF,Benign,None
14.174679821115339,48.266633761187876,48.26703991164866,3,3,26339,22,udp,dns,RSTR,Malicious,C&C
0.07253925452016848,153.3649092037217,0.0,1,0,42224,23,icmp,-,S0,Malicious,Mirai
1.8556953265779033,88.93598067029062,150.00357441976087,4,4,55173,443,udp,dhcp,SH,Malicious,C&C
3.697916987911201,6613.311747015213,78.22755693824793,13,6,55938,8080,udp,-,SF,Benign,None
1.3163439070891607,719.2790344676936,3511.208031254839,22,5,38565,80,icmp,ssl,RSTR,Benign,None
9.663284631552916,142.550756362196,152.25793599324143,2,2,37658,443,tcp,ssl,REJ,Malicious,PartOfAHorizontalPortScan
0.4607370458895059,146.691250114737,0.0,4,0,13943,22,udp,ssh,S0,Malicious,Mirai
1.364491143770612,4564.378112433077,446.31985748346966,37,146,58691,22,icmp,dhcp,REJ,Benign,None
0.4968269349062283,382.34812657853115,80.00783178192998,3,3,43300,443,tcp,ssl,S0,Malicious,C&C
6.052171752345958,312.12158037039745,468.4179868094807,3,1,40907,22,icmp,ssl,S0,Malicious,C&C
0.10397653040143429,134.37310270635652,0.0,2,0,26226,2323,icmp,ssh,S0,Malicious,Mirai
0.1059675707046196,143.35354952639864,0.0,3,0,45838,53,tcp,dns,S0,Malicious,Mirai
0.01176602944914056,1211.3399541743097,71.75939193290037,84,3,62327,23,udp,ssh,SH,Malicious,DDoS
0.20019179481425808,160.40591085991693,0.0,1,0,25627,23,icmp,-,S0,Malicious,Mirai
1.1642686894275058,435.614848077363,36022.1403421224,51,4,54933,23,icmp,dhcp,RSTR,Benign,None
2.557864881556434,505.3292687813441,12666.707174623258,12,114,18156,23,icmp,ssh,REJ,Benign,None
0.5152305118068767,417.39965934865427,1246.7670004247755,32,5,43451,22,icmp,dns,SH,Benign,None
1.0428912708416371,7952.515688696811,923.2594311175162,3,4,24193,22,icmp,ssh,REJ,Benign,None
0.9831554234112148,695.5433550239081,282.8763086130109,3,8,63965,22,udp,ssl,RSTR,Benign,None
1.668636322768064,218.71847293730764,1055.6742572754101,16,39,56085,8080,tcp,dns,RSTO,Benign,None
0.01635755891788083,177.63407192191906,0.0,2,0,63419,23,udp,http,S0,Malicious,Mirai
0.22476078685319015,1138.8256523252824,4163.594619959046,5,2,39504,8080,udp,ssl,RSTR,Benign,None
0.0064974474611466815,167.2388558567799,0.0,4,0,46602,8080,tcp,dns,S0,Malicious,Mirai
0.0058662327077902525,1114.4035825943577,47.435538365455315,56,1,26946,22,icmp,dns,REJ,Malicious,DDoS
0.17716810871062322,1267.128421458116,884.5463596548976,14,76,59748,23,icmp,ssh,RSTO,Benign,None
0.01708652336644542,1257.9733356897352,40.86071492353212,76,4,2662,2323,udp,http,SH,Malicious,DDoS
2.5285690518574206,623.5217221969201,1854.496016925556,30,14,49064,8080,udp,ssl,RSTO,Benign,None
1.7008240434450146,1474.0224606172037,1740.9450843705927,94,42,22631,22,icmp,ssh,REJ,Benign,None
0.009143258938018779,1266.0269048818736,37.362621994436275,24,1,52517,80,tcp,ssl,RSTR,Malicious,DDoS
0.14956321907771178,136.84856232862123,0.0,2,0,61598,443,icmp,dns,S0,Malicious,Mirai
4.34053475673953,160.56407953078656,415.92175196333613,3,1,32275,80,udp,dns,SF,Malicious,C&C
0.25431104921941916,149.58404559995878,138.48208539894026,6,4,35956,53,icmp,ssl,S0,Malicious,PartOfAHorizontalPortScan
0.00416649530820187,1229.8288710385095,67.17036737666365,60,2,29584,23,udp,http,REJ,Malicious,DDoS
10.98843801165241,1409.7468185801897,3745.356859141679,5,19,23441,80,udp,dns,S0,Benign,None
4.8344087330677175,820.5036176642637,2241.457282632055,5,22,5113,80,udp,dhcp,SF,Benign,None
0.0014301618230573821,1216.8862612171686,62.84980890828321,58,1,44563,2323,udp,ssh,REJ,Malicious,DDoS
0.19059871487072572,126.75995585143859,0.0,4,0,4125,23,icmp,http,S0,Malicious,Mirai
0.10774719876476116,133.09503851571645,0.0,3,0,41076,443,icmp,dns,S0,Malicious,Mirai
4.378558834147876,78.27532324947342,77.42474686925812,7,4,2602,80,tcp,ssl,SF,Malicious,PartOfAHorizontalPortScan
0.005298265634248288,1192.297713807756,51.299478187355206,43,0,45539,23,tcp,http,RSTR,Malicious,DDoS
1.5901979660303593,1056.2976202730385,13655.536502022167,3,19,63645,443,icmp,-,SF,Benign,None
0.022035073047026284,1258.8620439391605,57.84161060326189,62,4,43183,22,udp,ssl,S0,Malicious,DDoS
1.0350805759271466,42.55025178789105,132.7388809931969,3,2,45857,2323,icmp,dhcp,SH,Malicious,C&C
0.20956483298888903,146.14991233469752,0.0,2,0,44916,2323,tcp,dhcp,S0,Malicious,Mirai
0.008260257883775783,110.08577506625969,0.0,3,0,51152,443,tcp,dns,S0,Malicious,Mirai
0.19681662809896538,160.4985813783164,0.0,1,0,38950,80,tcp,ssl,S0,Malicious,Mirai
1.2483566159896238,1154.472460702976,2988.5592136529126,4,18,22339,2323,icmp,http,RSTR,Benign,None
2.163156116699491,1291.1883060298348,4152.280059384777,4,30,52694,53,icmp,-,SF,Benign,None
4.161947010550917,988.541937388415,4567.19604944024,5,9,29223,8080,udp,dns,RSTO,Benign,None
8.179684394046335,1769.5205272727605,856.9527445501986,3,185,36107,443,icmp,http,S0,Benign,None
1.7560617891181334,644.5942422574325,828.8582833464492,2,16,51207,80,udp,ssh,SF,Benign,None
0.9470597281048312,461.8788053580975,459.58614500179783,8,1,41987,8080,icmp,ssl,RSTR,Malicious,C&C
11.034888290205785,47.22753431512486,357.2601481607654,3,2,17716,53,tcp,-,S0,Malicious,C&C
0.37416706322147136,634.58512295432,2918.1136369105325,10,17,30749,23,tcp,ssl,SF,Benign,None
2.6253500818978006,1671.6805608281013,38.0075825829691,12,34,11961,8080,icmp,dhcp,SF,Benign,None
0.0013201630425812812,1254.4599317158325,56.74128850464484,16,3,28991,53,tcp,dhcp,SF,Malicious,DDoS
4.274346738127672,208.5675186154404,4640.5273662617965,6,50,39800,443,tcp,ssl,REJ,Benign,None
0.12997262072164387,153.06886051005804,0.0,3,0,64273,8080,tcp,ssh,S0,Malicious,Mirai
0.010487788226542739,1280.2982332444553,55.00542023346684,73,2,62732,443,udp,-,RSTO,Malicious,DDoS
1.773614787155147,1416.9387716454005,1563.0091919070128,3,11,52155,23,icmp,-,S0,Benign,None
0.1207791073977363,150.44712112043388,0.0,4,0,15384,2323,tcp,http,S0,Malicious,Mirai
0.019623069418164038,153.0008227187659,0.0,3,0,15990,53,tcp,dns,S0,Malicious,Mirai
0.4328994239654308,210.2550408842413,86424.39604600104,8,7,54038,23,udp,http,SF,Benign,None
0.013353795767449857,1150.0062255794792,67.28919939100368,58,1,56552,443,udp,http,SF,Malicious,DDoS
1.977664133420563,126.36120765014502,70.93145502508338,8,1,17553,8080,udp,ssl,S0,Malicious,PartOfAHorizontalPortScan
0.1493743466415212,438.2643024965166,11961.857559477894,13,20,24979,2323,icmp,ssh,S0,Benign,None
0.869791258809368,407.25560376312677,19.491104214518263,3,1,37111,2323,udp,http,RSTR,Malicious,PartOfAHorizontalPortScan
0.2277678913127301,144.16405521378536,0.0,3,0,1972,53,udp,dns,S0,Malicious,Mirai
3.1889845469056493,121.67654684136133,1181.9362779704425,3,5,57378,8080,icmp,dhcp,REJ,Malicious,C&C
2.228859914441537,2419.067452847493,410.19970701784774,9,7,7070,53,icmp,http,REJ,Benign,None
0.045082927836964826,195.11295097928615,0.0,4,0,6669,53,tcp,ssl,S0,Malicious,Mirai
0.9297084200586841,5484.733955125151,422.6201660388745,8,5,27139,8080,tcp,-,RSTO,Benign,None
2.6434160827468633,77.73672844788281,263.52694245399493,2,3,1701,8080,tcp,http,RSTR,Malicious,PartOfAHorizontalPortScan
0.004261009157430518,1314.733316794819,56.66928568470631,94,3,24190,22,icmp,ssl,RSTO,Malicious,DDoS
5.937782247572266,47.849999172346564,77.64928124518754,3,1,55120,23,udp,-,REJ,Malicious,C&C
1.2620146956045764,13.588057678091847,63.88233563779332,3,2,52896,8080,icmp,ssl,SH,Malicious,PartOfAHorizontalPortScan
5.813412350504521,494.5930624052347,6572.102287989574,13,10,65149,8080,tcp,ssh,S0,Benign,None
4.663296948345582,547.8907989690608,458.41049546895243,19,22,55129,8080,icmp,dhcp,SF,Benign,None
15.448015437778459,41.96343203330083,44.275211657974104,2,2,45512,22,icmp,ssl,S0,Malicious,PartOfAHorizontalPortScan
0.01786930003927888,1304.1923441033082,53.28461893581793,81,1,53541,443,udp,dhcp,RSTR,Malicious,DDoS
6.2641507797631535,97.46106757122556,32.70928284377148,2,7,28102,23,icmp,-,SH,Malicious,C&C
0.02474274109619242,1181.1616304224701,71.63608234247818,55,0,46164,23,udp,ssl,RSTO,Malicious,DDoS
5.626152580760182,600.9106087821882,223.69884596981657,4,2,1551,8080,tcp,ssh,SH,Malicious,PartOfAHorizontalPortScan
1.0219271051692398,1415.762168109847,7214.767332424863,7,5,4070,53,icmp,ssh,RSTO,Benign,None
8.350021244442164,173.7143645773873,237.61226906612748,2,2,31111,2323,icmp,http,RSTO,Malicious,PartOfAHorizontalPortScan
6.9676365120827155,57.950312664297826,189.21346574017483,2,7,63753,80,udp,-,SF,Malicious,PartOfAHorizontalPortScan
0.030922664669642098,150.7832834866024,0.0,1,0,40752,443,tcp,dhcp,S0,Malicious,Mirai
1.2220622988707528,2228.787358930302,7062.4047046380865,11,19,27930,23,icmp,dhcp,RSTR,Benign,None
0.7189479249709613,675.3385325431238,920.2550014675511,13,23,53039,443,tcp,ssl,SH,Benign,None
8.519305949063169,188.90199181104265,852.1125677920737,2,4,64509,2323,icmp,-,SF,Benign,None
23.99302356170322,236.71043742816755,360.4396470159193,4,1,39819,8080,udp,ssl,SF,Malicious,C&C
2.798218507815985,2450.9381724441296,40434.10398905205,7,4,53351,2323,tcp,ssh,REJ,Benign,None
12.260740936144238,581.0125649602718,266.94629721602337,2,2,55847,22,tcp,dns,RSTO,Malicious,C&C
1.236200392297921,1168.7272921819197,77589.41178987283,3,8,19204,443,icmp,ssl,RSTO,Benign,None
0.3111680508797833,763.9621303894405,12393.423871427398,13,18,52928,8080,icmp,dns,S0,Benign,None
0.04129153164715191,1281.0312319713578,58.58684967692137,59,4,51380,8080,icmp,dns,SF,Malicious,DDoS
2.3517506012510565,43.55016060281934,103.93074553666523,4,2,1234,22,udp,ssl,RSTR,Malicious,C&C
2.4322228609533108,156.5547278886614,58.552811705946695,5,5,31069,53,tcp,-,S0,Malicious,PartOfAHorizontalPortScan
0.0086237152560323,1182.4060050042624,55.01028087644388,30,2,9028,80,udp,ssl,SH,Malicious,DDoS
0.21578191169863184,168.9077498900815,0.0,2,0,47681,8080,udp,ssl,S0,Malicious,Mirai
11.058840952586772,139.94010690362583,167.98761467318764,5,2,11513,80,icmp,-,S0,Malicious,C&C
2.242023137070057,332.80488171562143,1081.8664366458918,5,8,45375,80,udp,-,RSTR,Benign,None
0.14115178634860362,126.6951172516144,0.0,1,0,58165,22,icmp,dns,S0,Malicious,Mirai
0.00443793055341791,1282.3497318353357,67.79121357373934,55,2,8106,22,tcp,ssh,RSTO,Malicious,DDoS
0.0055644421916769245,145.30582254591945,0.0,1,0,52239,23,udp,ssh,S0,Malicious,Mirai
0.08844231874853914,183.98446026687097,0.0,3,0,24332,2323,icmp,ssh,S0,Malicious,Mirai
31.592900604256826,294.50626383537247,233.72729946235197,3,2,45327,2323,icmp,-,RSTO,Malicious,PartOfAHorizontalPortScan
4.864038816229988,232.35444951149714,95.99374432758778,4,4,59854,2323,tcp,ssh,RSTR,Malicious,C&C
0.136840284481808,158.23944162209645,0.0,1,0,52660,80,tcp,http,S0,Malicious,Mirai
12.686264009338268,150.64250319071232,249.4297320826925,2,4,9938,443,tcp,dhcp,SH,Malicious,C&C
0.004393268894229819,1125.7421176494322,51.341595709584396,40,2,13123,2323,icmp,dns,RSTR,Malicious,DDoS
0.6097083412979927,261.8378246494267,38.931313105075596,3,2,4497,8080,icmp,-,S0,Malicious,PartOfAHorizontalPortScan
1.5618176037597342,433.0122960840642,73.50049943988589,5,2,12999,23,udp,http,SF,Malicious,PartOfAHorizontalPortScan
0.005686560991733143,1013.8964541836735,48.21140172417058,81,2,14058,53,tcp,dhcp,RSTO,Malicious,DDoS
5.136580565006179,2799.8776839063257,6540.58662528987,5,4,49090,443,udp,ssl,SF,Benign,None
0.5756461323905206,17.208190064606114,19.372823811192138,5,5,35804,8080,udp,dns,RSTR,Malicious,C&C
1.1080104752195037,441.9585455576506,842.2884113117799,8,4,53139,23,tcp,http,SH,Benign,None
5.303173874916225,116.23727212254781,70.46184426291738,5,5,50218,443,icmp,http,SH,Malicious,C&C
0.012501528652499346,1323.2150388043856,55.93057106891355,93,3,29060,22,icmp,dhcp,SH,Malicious,DDoS
6.459180577601313,1730.7351145480386,169.52032550015662,3,4,4517,23,tcp,ssl,RSTO,Malicious,C&C
1.1696143299225101,27.166985955284176,505.2295632880637,4,2,15780,53,icmp,http,REJ,Malicious,PartOfAHorizontalPortScan
0.17137350058660475,142.6092703138474,0.0,4,0,39308,53,icmp,ssl,S0,Malicious,Mirai
0.06697475737458518,165.40656068199374,0.0,1,0,64651,53,tcp,ssl,S0,Malicious,Mirai
4.8192340539113925,1043.8397244122789,285.4949649628048,4,5,17922,443,tcp,dhcp,REJ,Malicious,C&C
1.3901234022482427,391.1547577169519,25.981441320691793,4,3,25964,80,icmp,ssh,REJ,Malicious,PartOfAHorizontalPortScan
0.004141475617259563,1194.310914545844,38.01142016489701,41,3,48205,80,udp,-,REJ,Malicious,DDoS
0.026646662536061686,1135.300911227401,31.601649763587787,70,2,4492,80,tcp,-,SF,Malicious,DDoS
0.5307555220714231,124.10417608186803,108.1832959815093,2,1,6634,53,icmp,dns,REJ,Malicious,C&C
0.2952190730345415,117.31540176567131,971.539970971242,3,3,53429,23,icmp,dhcp,SF,Benign,None
0.12024270475615653,242.76192547852514,523.3160263586414,5,5,1844,22,udp,ssh,SF,Benign,None
4.2381266041953145,505.4441929873047,340.119492198559,2,4,64777,443,udp,dns,SF,Malicious,C&C
0.20337804322949085,158.44017941429684,0.0,3,0,6358,443,tcp,ssl,S0,Malicious,Mirai
8.698911761058277,608.8599373035021,846.272738846851,4,3,40835,23,udp,ssl,SF,Malicious,C&C
0.011369762472609015,1257.7011113121162,56.651057556076395,11,4,53642,53,icmp,-,RSTO,Malicious,DDoS
7.089646219991573,2644.9075295050775,10533.666201059044,5,7,36430,53,icmp,-,REJ,Benign,None
2.45964367989266,756.7098325578578,19487.929337540358,8,47,42479,23,tcp,-,SH,Benign,None
2.6502670903061087,63.247632036010174,117.59645183663909,10,3,2046,2323,udp,dns,RSTO,Malicious,PartOfAHorizontalPortScan
0.12558055548091918,183.98714580233485,0.0,4,0,42607,53,udp,dns,S0,Malicious,Mirai
1.0843895517950783,328.09955837489923,502.81310149892306,4,5,42889,8080,udp,dns,S0,Malicious,C&C
0.018555831479922093,148.9523367992309,0.0,4,0,41208,8080,udp,dns,S0,Malicious,Mirai
0.3645114222370632,510.1618806111073,687.7810335089528,9,22,29036,8080,udp,http,SH,Benign,None
0.29392850460449027,161.6727382556705,0.0,2,0,44936,8080,icmp,-,S0,Malicious,Mirai
6.136807062911083,394.97218734168376,8.247575330837332,2,4,43942,22,icmp,http,SF,Malicious,C&C
2.7978130690000063,2073.88306957084,1387.2236732435733,6,94,31146,8080,icmp,-,SH,Benign,None
0.009331788058600724,423.28117051454393,1125.3657625379303,27,4,64342,23,icmp,ssl,RSTO,Benign,None
0.8952479034104565,221.42807220794992,59.523366719513184,6,1,11909,8080,icmp,ssh,REJ,Malicious,C&C
0.11008242500115302,140.7970710415631,0.0,1,0,37717,53,udp,dns,S0,Malicious,Mirai
0.8320243755922684,770.2286443601652,1543.3352091372697,3,12,34860,2323,udp,ssl,RSTR,Benign,None
3.7287134181670782,52.80844006771555,81.35787679530799,5,2,52908,2323,udp,ssl,RSTO,Malicious,PartOfAHorizontalPortScan
5.685671624065364,127.11449436918764,211.3354853073145,3,1,47700,22,udp,-,SF,Malicious,C&C
0.1466345339765633,1312.1464384977392,663.2007115214572,9,7,39608,80,icmp,ssl,S0,Benign,None
4.589465644561891,308.7394014431619,329.6202890980378,8,4,8352,80,icmp,ssl,RSTR,Malicious,C&C
0.005718070199173636,1134.287479035373,51.34330313980618,55,4,28976,8080,udp,-,SH,Malicious,DDoS
0.003825395053914519,128.4899881577843,0.0,4,0,7361,53,udp,dns,S0,Malicious,Mirai
1.3666776549981647,2637.9126183931558,2034.1547703015706,54,7,58535,2323,tcp,dhcp,RSTR,Benign,None
2.747799182449935,272.07793051325694,1543.6823806187106,6,5,46430,8080,udp,http,RSTR,Benign,None
2.44053283869742,406.6428050536435,128.5410777393483,5,1,58806,443,icmp,ssh,SF,Malicious,C&C
2.0173810893866486,160.616621270641,1146.876062225314,37,9,29203,443,tcp,dns,SF,Benign,None
9.221584583088587,4038.129736696514,55.32094178477679,10,1,21339,53,udp,dhcp,REJ,Malicious,C&C
0.014896693463726332,133.92784903273704,0.0,1,0,2193,53,tcp,dhcp,S0,Malicious,Mirai
2.7563933571843013,494.1939225492742,929.7628079134174,7,12,2727,8080,udp,dns,SH,Benign,None
17.183045610745147,39.62976241516743,572.2822409220122,2,2,10299,80,tcp,dhcp,RSTR,Malicious,PartOfAHorizontalPortScan
6.927830288379731,393.7630323949885,555.4839573175415,3,2,32457,8080,icmp,ssh,RSTO,Malicious,PartOfAHorizontalPortScan
0.007653585311921118,1317.8416805660463,60.289644128198,36,0,54681,443,tcp,ssh,RSTO,Malicious,DDoS
18.075059498188345,357.8221478144283,586.2266654429316,4,3,37182,443,tcp,dns,RSTO,Malicious,PartOfAHorizontalPortScan
4.020684479775632,285.15984384265334,111.66461710714962,2,2,61087,53,tcp,ssh,REJ,Malicious,C&C
0.22242549268431958,212.25634233620428,106.1807789304284,2,2,35617,80,icmp,ssh,SH,Malicious,PartOfAHorizontalPortScan
2.287272135078465,266.8364885245231,1275.0047664640072,2,3,52596,22,udp,ssl,REJ,Malicious,C&C
0.1675999209925232,145.00218928732696,0.0,4,0,64873,443,udp,dns,S0,Malicious,Mirai
2.0385645673063393,479.2432394651404,1142.4680242668514,9,24,15615,23,icmp,ssh,RSTO,Benign,None
0.11847738949913703,162.55937348788063,0.0,3,0,64645,2323,tcp,dns,S0,Malicious,Mirai
2.0028114177682004,306.55511267490687,672.9089085167163,3,2,37546,80,udp,ssh,S0,Malicious,PartOfAHorizontalPortScan
0.04120256852729308,139.69699962533994,0.0,3,0,63025,8080,udp,-,S0,Malicious,Mirai
2.1128841622636565,2160.338477734945,1170.8341427824348,24,34,54205,22,udp,dhcp,SH,Benign,None
3.89174621619443,329.04682724164894,59.747160897896855,2,1,42580,53,udp,dns,S0,Malicious,C&C
0.1710062045502189,174.03862657455412,0.0,4,0,29341,2323,tcp,ssh,S0,Malicious,Mirai
0.02126767334993174,1138.0303074550286,52.46904465161414,65,4,42594,22,udp,ssh,S0,Malicious,DDoS
0.04247238457386971,924.5874761575094,194.81281042171608,9,13,14373,2323,icmp,ssl,RSTO,Benign,None
0.29036311477465604,115.96627519929328,2546.314035802043,4,61,48083,80,icmp,ssl,SF,Benign,None
3.471926719549428,24.75900721982515,238.19244469569927,2,2,61869,80,icmp,ssl,SF,Malicious,PartOfAHorizontalPortScan
0.21437617100060347,107.9128283851048,0.0,4,0,51268,443,udp,http,S0,Malicious,Mirai
0.04624238271695045,151.9704150140588,0.0,3,0,59032,22,tcp,http,S0,Malicious,Mirai
0.011782827764927284,144.04149127130702,0.0,2,0,25139,8080,tcp,dns,S0,Malicious,Mirai
7.082956183170442,230.8715873958473,207.2110299019787,4,3,8269,22,icmp,-,RSTR,Malicious,PartOfAHorizontalPortScan
0.5172058457223738,3586.43059509522,416.53125991336236,10,4,46996,8080,icmp,ssh,REJ,Benign,None
0.10164794987748038,142.39389871517992,0.0,2,0,30638,2323,udp,ssh,S0,Malicious,Mirai
1.4156840497814434,472.3319590805682,392.17949473430065,16,3,25532,53,icmp,dns,RSTO,Benign,None
9.481021900917215,98.7896192152506,171.30583353561738,2,3,47306,23,tcp,ssh,S0,Malicious,C&C
3.6493485902033425,544.9097925952943,178.5889100672592,4,2,1949,80,udp,dhcp,SH,Malicious,C&C
0.010433124849461515,1366.8395345265378,41.858132961611794,95,1,17990,23,tcp,dns,RSTO,Malicious,DDoS
0.19059633462910786,158.64100993607224,0.0,3,0,12280,443,udp,ssl,S0,Malicious,Mirai
9.492632995621841,2016.6708485928993,2430.466188788263,8,17,20184,8080,udp,-,SF,Benign,None
3.3800070510407916,118.84835228239854,139.6139122678721,4,9,47738,443,udp,-,RSTR,Malicious,C&C
0.6874180900403236,80.06968140745391,321.0344522641611,3,3,38810,80,icmp,http,RSTO,Malicious,C&C
2.0746193335211403,2242.6628066152753,4532.197130975992,17,3,26524,22,icmp,-,SF,Benign,None
5.113081759435984,816.092985155319,6214.962726921154,3,22,60141,22,tcp,dns,SH,Benign,None
0.001715092417000343,1174.8794930603972,41.2361444551391,73,3,14555,80,udp,dhcp,RSTR,Malicious,DDoS
0.007556495809522156,145.25404908329736,0.0,4,0,61482,22,tcp,dns,S0,Malicious,Mirai
8.521976861326245,1968.3360443787835,315.2406826036891,9,2,34383,80,icmp,ssl,SH,Malicious,C&C
0.2523143401836738,152.5676515075945,0.0,3,0,10615,22,udp,dhcp,S0,Malicious,Mirai
1.6360733197619708,585.8453726590764,1102.1606267218122,2,16,54056,22,tcp,-,SH,Benign,None
3.8166861258312212,488.71510171588875,252.13075471197615,2,3,55160,8080,tcp,http,REJ,Malicious,C&C
0.07044940243797022,152.62301491072725,0.0,2,0,2604,8080,tcp,dhcp,S0,Malicious,Mirai
0.19114692748337406,108.26063987328631,261.6901578200558,2,1,7694,2323,icmp,-,REJ,Malicious,C&C
0.00240671153287467,1254.2817658800411,48.55873105515293,31,0,38340,53,udp,-,SH,Malicious,DDoS
0.2684478709915145,151.7966044015678,0.0,1,0,50154,22,icmp,-,S0,Malicious,Mirai
7.566363465542615,48.28474690117392,246.47831247438228,3,2,7048,8080,udp,http,SH,Malicious,PartOfAHorizontalPortScan
7.733692830869834,2002.228455638501,1184.6853351382183,13,12,45607,80,icmp,ssl,REJ,Benign,None
0.6554095805413533,1633.617535625624,2050.577772614273,5,14,34172,8080,icmp,ssh,SH,Benign,None
0.46032347670536317,706.0276105646341,1927.351325450095,2,3,40875,22,icmp,-,RSTR,Malicious,C&C
3.7254254440625036,177.23084355978384,267.2838144527733,3,3,44168,8080,icmp,dns,RSTO,Malicious,PartOfAHorizontalPortScan
6.8815025135048735,778.6147106278631,1182.7896927610389,3,28,25916,2323,icmp,http,S0,Benign,None
0.09617271704122757,138.59019625644356,0.0,1,0,51506,443,udp,dhcp,S0,Malicious,Mirai
0.006291827440427955,1220.1211670332696,64.98105572120174,51,4,46912,8080,udp,dns,RSTR,Malicious,DDoS
0.6143504363420368,609.2609115064731,126367.77107201293,11,11,40638,53,tcp,dhcp,SF,Benign,None
0.09693225497368449,150.3101671610465,0.0,2,0,45716,23,icmp,dns,S0,Malicious,Mirai
0.0019526366818711047,1231.129995894095,45.912626996770236,62,3,46067,443,udp,ssh,RSTO,Malicious,DDoS
2.424214196569407,165.58874431676486,3230.0753731384884,3,2,32989,53,tcp,ssl,SF,Malicious,C&C
0.9882993168947592,1517.7409668913303,1120.7340165864503,8,58,1254,23,tcp,ssh,S0,Benign,None
0.010013511209802156,1092.864968889455,39.960335121145775,73,3,48730,2323,tcp,ssh,REJ,Malicious,DDoS
8.155140172807084,120.97623937973526,442.4552747721693,2,5,57011,53,udp,dns,SF,Malicious,C&C
2.7293775829404123,3416.570487677822,338959.4505916872,4,19,33216,443,udp,dhcp,S0,Benign,None
1.1616119532018458,1212.055328801801,10540.895779385017,13,19,27425,22,udp,ssl,RSTO,Benign,None
0.016826254504931176,1338.2139692040016,35.731310873102984,78,3,16514,80,udp,-,SF,Malicious,DDoS
1.9056051784281105,2316.6367911627513,2632.5550669086956,22,9,1560,8080,icmp,dhcp,REJ,Benign,None
0.8619486980651713,3816.454332134057,5248.620828609873,9,16,27219,8080,icmp,dns,SF,Benign,None
0.005214202105077864,1054.4847916672454,39.488985387954365,93,1,23999,23,udp,-,SH,Malicious,DDoS
0.9874922275992407,6337.152581114281,5320.8430682170365,34,20,5494,80,icmp,http,SH,Benign,None
1.310484240447845,1055.4334502936917,606.9442147318855,9,17,51202,2323,udp,dns,RSTR,Benign,None
0.016963348923284757,115.48145805042995,0.0,1,0,54398,8080,tcp,ssl,S0,Malicious,Mirai
0.11331049029591048,1536.1457153552958,3735.858491019082,5,24,44149,22,icmp,dhcp,S0,Benign,None
10.151227806309182,321.10653694864857,114.33398710243931,2,2,33508,80,tcp,dns,REJ,Malicious,C&C
3.5676053658974167,21.8408818517168,113.53787264350578,5,1,60478,22,icmp,dhcp,RSTO,Malicious,PartOfAHorizontalPortScan
2.341250223106802,47.15076674577404,415.05772273678144,3,2,49093,8080,icmp,ssh,REJ,Malicious,C&C
0.007516729870110859,1254.6850427342556,56.228790772696065,30,2,64271,80,icmp,http,REJ,Malicious,DDoS
0.001657576876400633,1290.5248258180338,65.80324990763626,92,1,16873,2323,tcp,-,SF,Malicious,DDoS
1.0195208130014022,8781.657139599944,4551.658848972148,19,4,41447,8080,icmp,dhcp,SH,Benign,None
10.249404984657481,17.103944441046394,384.77434196449906,4,1,63055,80,udp,ssh,S0,Malicious,C&C
3.059560346822715,870.7457500036583,92.41872047747036,4,2,1935,22,icmp,ssl,REJ,Malicious,C&C
0.004113851787474105,1375.3579006652894,45.01858211471577,21,4,15073,8080,icmp,-,SF,Malicious,DDoS
1.0646945738846252,989.8184577815558,1757.5156178381797,3,25,42333,22,icmp,dns,SF,Benign,None
0.06456217134749109,150.8346977206363,0.0,2,0,28445,2323,tcp,dhcp,S0,Malicious,Mirai
0.2243346931675086,145.60200081389058,0.0,4,0,51114,22,icmp,dns,S0,Malicious,Mirai
3.493992989468716,1106.607436347239,43616.32400516143,10,14,56301,8080,tcp,http,RSTR,Benign,None
4.962543073964769,618.9496654826354,1337.3896793216772,13,24,32864,22,icmp,ssh,SF,Benign,None
0.025688281380100566,1357.7789971165857,52.069243116311036,41,2,23731,53,udp,dns,RSTO,Malicious,DDoS
0.45028887602258266,1155.3265915940976,1785.8884612551997,20,10,56215,8080,icmp,dns,S0,Benign,None
0.04805109592323085,132.5537534953438,0.0,2,0,37063,53,tcp,ssl,S0,Malicious,Mirai
0.008251943620215915,1303.0719948871083,44.62089408631369,87,0,47643,443,tcp,-,RSTR,Malicious,DDoS
0.6827552156592473,1665.3453749656715,2556.174864531941,23,50,23656,22,tcp,ssl,RSTR,Benign,None
4.933305644914352,131.5702489794764,26.93158440234198,3,3,53245,23,tcp,ssh,RSTO,Malicious,C&C
2.0585213010993395,938.6947414437033,1597.4810302440899,8,5,57412,2323,udp,ssh,RSTR,Benign,None
9.586815758738357,2840.3797689033663,3739.462120679524,18,44,55262,22,icmp,ssh,SF,Benign,None
0.05703642121854664,132.10951080702137,0.0,1,0,8568,23,icmp,dhcp,S0,Malicious,Mirai
0.029069461761528123,1165.996180361848,34.58175449294389,54,2,42939,443,tcp,http,SH,Malicious,DDoS
0.21981405103910875,391.57172666867376,815.0015496028403,7,3,55089,23,tcp,ssl,REJ,Malicious,PartOfAHorizontalPortScan
0.0937314618118743,150.3555504660666,0.0,3,0,64002,8080,icmp,dns,S0,Malicious,Mirai
3.312478961462062,382.54788847408673,282.11890604982165,2,3,54160,22,udp,-,SH,Malicious,PartOfAHorizontalPortScan
0.17088576922350157,155.7124616424042,0.0,4,0,22301,80,icmp,ssh,S0,Malicious,Mirai
0.012962369757742669,1218.8167616494975,22.40750515974108,68,3,15962,23,icmp,ssh,REJ,Malicious,DDoS
3.543747936077435,45.74699697294864,165.27553561624978,4,3,22606,22,tcp,ssl,S0,Malicious,C&C
12.655856640358161,336.78721303423896,364.0052466414512,7,2,36346,23,tcp,http,REJ,Malicious,PartOfAHorizontalPortScan
0.24199260216380716,2329.156392234677,1908.9212264895673,18,50,6061,8080,tcp,dhcp,REJ,Benign,None
0.20980869369410643,156.50928246080986,0.0,2,0,38519,53,udp,dhcp,S0,Malicious,Mirai
1.5874102150511584,2202.5321295682957,2396.505787479573,3,70,50733,80,icmp,dhcp,SF,Benign,None
1.5726123761398303,960.8787672434004,7279.913258431499,23,16,62353,22,udp,dhcp,RSTO,Benign,None
1.3373689789214769,1979.0133104336903,1632.464040987948,4,5,6758,80,udp,ssl,REJ,Benign,None
0.015525087015852219,1174.0654810242388,43.45406737217743,71,2,7617,22,icmp,dhcp,SF,Malicious,DDoS
6.17621790934035,7.278187774585521,161.08879719541613,3,3,12494,23,udp,ssl,REJ,Malicious,C&C
0.05250574694339839,1671.2326712255456,3767.0121276923983,12,5,36122,8080,udp,ssh,REJ,Benign,None
0.3674417233020305,1333.8365049892457,1810.8658702114105,9,11,1927,8080,icmp,-,S0,Benign,None
0.09479637929520474,369.0876751152606,85.21492469995796,4,2,21270,8080,icmp,dhcp,S0,Malicious,C&C
0.038155268086314795,1286.1161407289396,63.10554353944853,77,1,20588,53,udp,ssl,SH,Malicious,DDoS
0.020678397294291644,1325.096343798041,52.74680703948251,90,1,53919,80,tcp,dhcp,SH,Malicious,DDoS
8.731353481140067,88.81888009912274,53.631221231785126,5,3,13055,443,udp,ssl,S0,Malicious,PartOfAHorizontalPortScan
4.583751056361276,205.8360542778956,82.30356180806618,3,3,25928,2323,tcp,ssh,RSTO,Malicious,PartOfAHorizontalPortScan
0.009643081459545512,1208.9898529035822,53.200220110746194,87,2,65121,8080,icmp,ssl,RSTO,Malicious,DDoS
0.0925687654589857,1959.3822427410755,549.5807570602685,17,11,34316,8080,icmp,ssl,SF,Benign,None
0.1506219125364832,135.13628369405413,0.0,2,0,56681,80,udp,ssl,S0,Malicious,Mirai
0.0476145622501098,115.29024886227047,0.0,1,0,57136,53,udp,dns,S0,Malicious,Mirai
0.006673499561280112,1076.3770750460033,47.93703809039449,43,3,5637,23,udp,dns,RSTR,Malicious,DDoS
2.6330762016462868,837.3812294048997,525.6970829846618,2,1,62380,2323,icmp,dhcp,RSTO,Malicious,PartOfAHorizontalPortScan
0.1604483826544342,148.13996928166438,0.0,2,0,18572,22,tcp,ssl,S0,Malicious,Mirai
0.4945474604867703,3601.9100506177397,8091.552954078927,2,4,62696,2323,udp,ssl,SH,Benign,None
0.0017530824501263836,1334.4073907149166,35.58104014857894,92,1,19665,2323,udp,dns,REJ,Malicious,DDoS
0.1521116342252328,163.26417553833116,0.0,1,0,11334,23,tcp,ssh,S0,Malicious,Mirai
0.0009106498459172892,1097.9687962273147,58.5860356849612,20,4,3928,2323,udp,http,SF,Malicious,DDoS
3.2366473694064983,4812.140022257709,23575.135248725423,2,8,32699,22,icmp,dns,RSTR,Benign,None
1.4496700668858908,1101.0340960736082,1548.7880181576002,2,57,31920,23,udp,-,SF,Benign,None
0.02636235613621059,2288.0311332480724,102.23605671542919,7,6,13622,8080,icmp,ssh,RSTO,Benign,None
16.940764386123284,26.213455441098652,64.56721718203005,3,2,55835,80,tcp,ssh,RSTR,Malicious,C&C
0.23339032422436112,58.91993245223795,120.2941532065679,3,1,4168,443,icmp,-,RSTR,Malicious,PartOfAHorizontalPortScan
2.756802096559813,138.18674506611725,511.3607979845202,3,4,48916,8080,icmp,-,SH,Malicious,C&C
0.10637003242497761,293.65444244603736,53.77101812584599,3,1,42199,80,tcp,ssh,SH,Malicious,C&C
2.8026704063573895,495.9918168629968,6498.3776669891095,18,5,35050,53,udp,ssl,REJ,Benign,None
10.069612346284678,44.43173670500857,56.00680619659668,5,4,59615,8080,tcp,dhcp,SH,Malicious,C&C
2.312784624159847,189.57405460130107,815.1792289867526,7,15,59743,22,udp,ssl,SF,Benign,None
2.3145971815560173,770.2188485072573,8459.790180616415,42,8,63206,23,udp,ssl,SF,Benign,None
2.1702054797161585,729.5717737259558,2296.3007479117987,6,12,15542,443,udp,dns,SH,Benign,None
0.010907134060090622,1106.1216345050195,33.59976805431767,40,1,42273,22,icmp,-,S0,Malicious,DDoS
0.047598379836752504,181.5924581575967,0.0,2,0,3299,2323,tcp,dhcp,S0,Malicious,Mirai
2.011524368826713,648.2352903199521,100.63910746139581,2,1,7151,443,tcp,dhcp,SH,Malicious,C&C
0.5196816371157778,71.94520161562683,146.13626810564526,2,2,1768,8080,tcp,http,S0,Malicious,C&C
3.2187718670125287,1624.0805222886506,117.93959055026986,22,18,7857,443,icmp,dns,REJ,Benign,None
0.043006348937770555,149.23848447292846,0.0,2,0,61450,2323,icmp,dns,S0,Malicious,Mirai
2.4360903228436492,799.9798046218689,792.7168465553664,12,37,47592,80,tcp,-,RSTO,Benign,None
5.18823703949672,291.627646788684,325.9640062858979,5,4,21785,53,udp,ssh,SH,Malicious,C&C
1.7552817665155611,165.28251208845816,908.6249577777509,7,6,4611,22,udp,dhcp,SH,Benign,None
2.359547960673097,265.48842688585523,19044.40828640903,8,11,36912,443,icmp,dns,SH,Benign,None
1.6500306178478117,555.5139605824346,15907.614612550238,7,21,14991,8080,icmp,-,REJ,Benign,None
3.3455107319989477,935.9567177856619,2662.934355541391,4,19,31960,22,tcp,ssh,SH,Benign,None
8.425025213976493,681.237837916369,85522.35759505254,3,6,58522,22,icmp,http,RSTR,Benign,None
0.07869527285160398,169.31753817531828,0.0,1,0,30808,22,icmp,-,S0,Malicious,Mirai
10.023626802698594,353.8086560456097,108.98200070589769,6,1,35623,80,udp,dhcp,REJ,Malicious,PartOfAHorizontalPortScan
0.3980708019846419,154.3895679221235,322.66029228634926,4,2,56495,443,udp,dns,REJ,Malicious,PartOfAHorizontalPortScan
4.35134700301039,165.64005448960728,214.84765942912009,3,2,8604,22,udp,dhcp,S0,Malicious,C&C
0.007499890990468307,177.79887634424082,0.0,4,0,3376,8080,udp,dhcp,S0,Malicious,Mirai
0.014032032766335018,165.21818276277196,0.0,2,0,10143,2323,tcp,ssh,S0,Malicious,Mirai
1.7859438593371357,456.34016830353977,1162.5460941305196,18,4,47443,443,udp,ssh,SF,Benign,None
0.0003551220170964916,160.21527467916763,0.0,2,0,22493,23,icmp,dns,S0,Malicious,Mirai
3.4514123640357846,46.42162637855182,72.46949981200136,3,4,12502,443,icmp,-,SF,Malicious,PartOfAHorizontalPortScan
11.481537750782921,250.65459992593262,409.7037735715486,3,3,20334,22,udp,dhcp,RSTR,Malicious,C&C
0.19732978715160912,150.96541477891589,0.0,4,0,7264,23,udp,dns,S0,Malicious,Mirai
6.1488582043472055,1308.4302983854955,5678.041666943255,9,23,15072,53,icmp,ssl,SH,Benign,None
1.7861294706994082,25907.04452254939,3319.910584943395,7,9,36772,80,icmp,dhcp,RSTR,Benign,None
0.010112935678833809,1144.6902686408355,47.00983714882647,57,0,26763,53,tcp,ssh,RSTR,Malicious,DDoS
0.0032699261329339094,1115.4181874023643,55.843742979900824,46,4,50749,23,tcp,dhcp,RSTO,Malicious,DDoS
1.4868016371925676,1661.0690686261241,1366.2770207163558,13,22,9288,22,icmp,ssl,S0,Benign,None
1.482599739076228,233.0078427803201,347.9945721845116,3,0,15854,53,icmp,ssl,RSTR,Malicious,PartOfAHorizontalPortScan
6.061099699872132,149.2039772540149,82.42219701903463,5,1,41840,8080,udp,dns,RSTR,Malicious,PartOfAHorizontalPortScan
0.2025869602735308,3175.178785241228,4090.2717348500937,15,16,38353,23,icmp,dhcp,SH,Benign,None
0.095645265302393,132.6346183102324,0.0,1,0,31762,23,tcp,http,S0,Malicious,Mirai
0.32506826712902953,3880.366812651772,951.1278876755267,17,11,45968,23,tcp,-,SF,Benign,None
0.0030038328170896257,1140.281607421953,46.092524584546986,40,1,20989,2323,tcp,dns,SF,Malicious,DDoS
0.5116860440748197,111.70539015368793,465.3980261000621,3,1,21624,8080,icmp,dns,REJ,Malicious,C&C
2.9086768830508625,3740.845837633986,964.0561621579901,5,9,61988,443,tcp,dhcp,SH,Benign,None
0.9158398684073383,1055.0749522474464,1888.4620024749627,12,13,13158,23,udp,ssl,REJ,Benign,None
1.033710314814992,270.592859770771,14.576909349820392,5,6,11520,22,tcp,ssl,RSTR,Malicious,PartOfAHorizontalPortScan
0.967169097408393,67.16898951139973,97.4698559290202,1,1,45591,8080,icmp,http,SF,Malicious,C&C
10.98210349900025,604.6819028458384,197.19544883370045,3,2,28523,443,udp,-,RSTR,Malicious,C&C
11.412996961446416,120.95191404537678,51.51919144924973,4,2,50351,8080,icmp,ssh,SH,Malicious,C&C
0.10965188243271454,140.74457579145619,0.0,2,0,57423,22,tcp,-,S0,Malicious,Mirai
0.008162418181852463,1094.1189426844965,45.057273370322044,93,2,41889,8080,tcp,dns,S0,Malicious,DDoS
1.8541077067330989,318.499540073264,10034.416247880232,18,9,50149,8080,udp,ssh,SH,Benign,None
1.3733554324056418,2093.831765972756,844.9976949464352,22,13,36453,443,icmp,ssh,RSTR,Benign,None
3.0624782767895216,412.7056121592915,3532.191565520316,3,16,5925,53,udp,ssl,S0,Benign,None
0.003614042434501175,1168.595502592114,54.31817079365964,24,3,13407,8080,udp,ssh,RSTR,Malicious,DDoS
5.502337340920487,79.38511508435518,132.66864908138766,2,2,23620,80,udp,ssl,REJ,Malicious,PartOfAHorizontalPortScan
2.2384606815317083,801.9427173553631,3769.9599926147653,4,9,54891,2323,tcp,ssl,SF,Benign,None
0.7265599716989191,4821.672654355313,5473.531236981771,11,15,30819,53,udp,ssl,SF,Benign,None
3.067544122523521,1466.0456864631217,408.58068443571347,7,25,21719,23,udp,dns,RSTO,Benign,None
0.9619135457272828,7139.777090873176,5513.655138941378,4,4,30791,23,tcp,dns,SH,Benign,None
2.1982348725302963,20.107665330311836,231.42273065467722,3,3,9847,53,udp,ssl,RSTR,Malicious,C&C
1.4688846199682142,740.4529168736698,7663.606404646726,30,22,8330,80,icmp,-,S0,Benign,None
0.017367244376226405,1231.577335479375,34.85666475794312,18,1,46737,22,icmp,-,RSTR,Malicious,DDoS
0.01802337041263826,1411.77752722677,48.61504003718239,29,4,38006,23,icmp,-,SF,Malicious,DDoS
0.24345474185020488,564.7272280006536,433.0360081055108,2,4,34129,2323,icmp,ssl,RSTR,Malicious,PartOfAHorizontalPortScan
8.523262926845067,57.106347938965335,42.731016686215625,2,2,62297,22,udp,dhcp,S0,Malicious,PartOfAHorizontalPortScan
1.3896885552635678,1839.6295285679769,22743.01316597528,2,2,25785,8080,tcp,ssl,S0,Benign,None
1.2647796277481933,81.00255129093895,214.7186097033658,4,1,50547,53,tcp,dns,SH,Malicious,PartOfAHorizontalPortScan
1.230649828467684,3284.8217865778242,44458.96382835768,2,5,59663,443,icmp,ssl,S0,Benign,None
0.4626305768406364,1173.4375276664816,244.0795641430718,5,13,21269,80,icmp,http,SH,Benign,None
0.44797483896308643,4951.306656565204,272.80347813024446,4,32,28895,80,tcp,http,RSTO,Benign,None
10.93512068304827,111.41685797796009,163.4402159961003,3,5,20616,2323,udp,ssh,SH,Malicious,C&C
1.9203831517095264,2993.826922554473,1804.2084087614348,7,4,18689,80,icmp,ssh,SF,Benign,None
0.00018656148767408882,1353.9403462410085,56.912432831802505,75,4,64995,22,udp,-,RSTR,Malicious,DDoS
0.007958492136798815,1326.4939448250027,39.90846515957998,89,2,47417,80,udp,dns,RSTO,Malicious,DDoS
0.050976979665646086,119.36278910539289,0.0,4,0,9748,80,udp,-,S0,Malicious,Mirai
0.039742347456833006,1202.701087580586,44.84266376641847,18,1,44970,22,tcp,http,REJ,Malicious,DDoS
0.0026112952321738904,1123.7660761224631,51.80695506516696,30,3,1361,22,udp,ssl,RSTR,Malicious,DDoS
0.8475158297951406,2952.078179403113,2267.0208894916614,4,17,26116,53,tcp,-,RSTO,Benign,None
0.0018652595213626336,1330.8610157379503,55.63656443753328,94,2,57396,443,udp,ssl,SH,Malicious,DDoS
1.5365010323086337,1188.7623146262567,4546.845635605153,8,16,41145,23,tcp,ssh,REJ,Benign,None
0.0066399941762587435,1210.1019636171789,56.28516429270244,15,2,7103,53,icmp,-,S0,Malicious,DDoS
0.7179560455317807,1485.3368418311345,1108.0784935230668,10,13,21505,443,tcp,-,RSTO,Benign,None
0.3533000148181611,272.43767560781225,185.8690860587208,3,2,40454,22,icmp,-,SF,Malicious,PartOfAHorizontalPortScan
1.8349563832620264,207.18807698422484,79.2397539775142,4,2,8710,2323,icmp,ssl,S0,Malicious,C&C
0.012253507263453934,1248.1204112001244,40.55805668182759,23,2,64760,80,udp,dhcp,SH,Malicious,DDoS
0.0061779032459355525,1143.7975753453607,41.92934478348994,27,2,50852,80,icmp,http,S0,Malicious,DDoS
1.979548021599281,944.2833170609357,79.47723399249801,2,1,19276,443,tcp,dhcp,REJ,Malicious,C&C
1.5776545141031197,3222.921809134922,6449.619000782825,1,12,11421,22,udp,-,SF,Benign,None
0.6169801120481959,234.59901489911277,382.0573024093485,6,1,2194,53,udp,dns,RSTO,Malicious,C&C
0.002974501772584055,1194.8340806705874,44.669745469004305,47,4,26855,23,udp,ssl,REJ,Malicious,DDoS
0.20205191499293845,283.90872019760525,14385.897121832959,2,37,59113,2323,tcp,http,RSTR,Benign,None
0.25409048115078886,258.930383307455,449.4231948239861,4,20,9829,2323,tcp,ssl,SH,Benign,None
0.07274240140403794,1327.6265413906042,1488.9676788925108,16,16,19011,8080,udp,dns,RSTR,Benign,None
1.9373154100180678,413.8108163786956,6304.455593438342,6,23,36472,80,udp,ssl,REJ,Benign,None
1.1914467018918191,2419.573662307458,11146.139897575698,6,1,2504,443,icmp,http,SF,Benign,None
0.26456420133477565,142.13482866205823,0.0,3,0,56030,2323,tcp,-,S0,Malicious,Mirai
0.07968922339313762,164.04610982915653,0.0,1,0,40460,22,tcp,http,S0,Malicious,Mirai
0.09483454711990442,163.75597095263785,0.0,1,0,45623,8080,udp,dns,S0,Malicious,Mirai
0.02053612966456753,1003.5765649953894,55.21379144497004,16,4,42211,443,udp,dns,SF,Malicious,DDoS
0.0029886512962519693,1198.9537458258012,56.58939189091779,61,4,9610,80,udp,ssl,SF,Malicious,DDoS
0.0002522699676112534,184.95931898331472,0.0,3,0,26163,23,udp,-,S0,Malicious,Mirai
0.106829194845725,162.30673058338365,0.0,3,0,2627,22,tcp,ssh,S0,Malicious,Mirai
0.0026236140277079855,1277.6310834934327,58.8080001533747,83,0,33671,80,tcp,dns,SF,Malicious,DDoS
0.0036467086369942696,1274.3312211576142,55.35403656636605,75,1,3324,53,tcp,dns,RSTR,Malicious,DDoS
1.042862723836233,537.6826090567752,256.8609195857458,2,4,19151,22,tcp,dns,SF,Malicious,C&C
1.367942139157782,339.79987996746826,1609.0615754708197,4,22,27573,23,icmp,dhcp,RSTO,Benign,None
0.00560032474375316,1267.2722161451306,59.42033888225905,67,4,30313,22,tcp,ssl,SH,Malicious,DDoS
0.021582010485088676,160.34334897501782,0.0,4,0,30032,8080,icmp,ssh,S0,Malicious,Mirai
0.11342962171947202,148.82700828135708,0.0,2,0,2244,23,tcp,dns,S0,Malicious,Mirai
0.003452362628178173,1251.3026185744266,40.620098287559344,29,3,2284,53,udp,dns,RSTR,Malicious,DDoS
1.1706196194783363,1090.8252279211802,1869.1029881793818,4,8,44813,53,tcp,ssh,RSTR,Benign,None
0.024310280270476353,161.6983148230445,0.0,2,0,4688,22,tcp,http,S0,Malicious,Mirai
0.0011216307357482256,1146.3278882981137,60.5319835032445,46,0,24202,22,icmp,dns,S0,Malicious,DDoS
0.023122590664468468,1152.0480516687776,64.89043505962553,71,1,62510,23,tcp,-,SF,Malicious,DDoS
0.004266420418270295,1036.8862771959018,47.17938786337894,74,3,53914,8080,tcp,http,S0,Malicious,DDoS
0.8031943123445563,1025.5944107096445,8607.94366509172,9,8,13323,53,tcp,dns,RSTO,Benign,None
1.113375554914745,897.4331262408473,357.08265883744787,17,13,16072,443,icmp,http,S0,Benign,None
21.221564077447375,63.27207916947882,41.15063965577255,4,3,37263,8080,udp,ssl,RSTO,Malicious,PartOfAHorizontalPortScan
1.8923953532183027,347.2699672804659,13688.824569058565,6,12,6402,80,tcp,ssh,REJ,Benign,None
3.423139501910675,1309.0697930626698,6097.104185068428,23,7,44993,443,tcp,ssh,SF,Benign,None
0.29015297129667694,724.1870012105331,1624.8425653372353,5,8,22961,2323,tcp,dns,S0,Benign,None
0.05974835204715572,136.91059127785076,0.0,1,0,54798,443,udp,ssh,S0,Malicious,Mirai
0.7911837625123135,624.7044641930212,515.0692173575743,13,2,56875,22,udp,ssl,RSTO,Benign,None
0.0021292468795237342,1036.8082919226729,38.82978190312697,53,3,1829,22,icmp,ssh,SF,Malicious,DDoS
1.112732579760761,571.545813880933,174.72065462924627,3,1,21303,443,icmp,ssl,RSTO,Malicious,C&C
0.4310151840479489,160.62058811016317,0.0,3,0,51106,23,udp,-,S0,Malicious,Mirai
0.0803896966557898,492.72288810465824,918.9963663007412,6,11,64195,8080,icmp,dns,RSTO,Benign,None
0.003757035372598992,1297.535839896649,55.88137201064965,61,2,20931,443,tcp,ssh,RSTR,Malicious,DDoS
1.9049854470862229,8850.704124857297,9386.474880893596,3,18,30115,2323,tcp,dns,SH,Benign,None
0.20007551776681073,132.58317132011055,0.0,3,0,54392,443,tcp,ssl,S0,Malicious,Mirai
2.001397441470127,176.0214013321973,189.56878122013038,4,1,62356,53,icmp,ssl,REJ,Malicious,C&C
0.01543815624996942,1282.1029810366558,68.54060737562898,13,2,5469,53,udp,ssh,SF,Malicious,DDoS
2.2815157000923816,61.3604114703169,155.39704407660477,2,8,26161,23,udp,http,RSTO,Malicious,C&C
0.1410099413355016,1091.5452841139686,9791.264732493011,6,13,2085,8080,icmp,http,RSTR,Benign,None
0.08642110820494266,169.38931816941127,0.0,2,0,43111,53,udp,ssh,S0,Malicious,Mirai
2.523309680868846,61.74738080475617,138.83474038972955,8,2,49653,2323,icmp,dhcp,RSTR,Malicious,PartOfAHorizontalPortScan
0.2296950667816044,621.7179947444954,274.7512028633832,3,3,32546,443,udp,http,SF,Malicious,PartOfAHorizontalPortScan
0.7742921810021415,338.33119411091553,318.6887650369319,4,18,25296,53,udp,-,SH,Benign,None
0.2553685953160274,156.22684208051078,0.0,4,0,11483,22,icmp,ssh,S0,Malicious,Mirai
0.08935151940722133,129.77533509398248,0.0,1,0,55898,2323,icmp,ssh,S0,Malicious,Mirai
0.01836238711974596,1137.0868460968295,42.12706436532302,80,1,25517,22,udp,dhcp,RSTR,Malicious,DDoS
0.004853170849682946,1230.632475052748,39.31456488231353,31,2,32843,80,udp,ssl,SH,Malicious,DDoS
0.010695019209436605,1235.24670655083,45.39380400149827,12,3,10463,2323,udp,ssl,RSTR,Malicious,DDoS
1.7698165594832318,205.50604046470875,205.90839669925546,4,1,44525,2323,tcp,dhcp,RSTO,Malicious,PartOfAHorizontalPortScan
0.13074479360394817,2347.3494254169036,814.9123400700499,43,22,56346,443,udp,ssl,RSTR,Benign,None
0.34931763629079854,104.38161420158538,122.83465765954081,4,5,51495,53,udp,ssl,SH,Malicious,C&C
14.034197517185982,647.8184131778775,25.782394745228494,6,4,34509,2323,tcp,-,S0,Malicious,PartOfAHorizontalPortScan
1.7986389138524637,87.18190251077355,80.08319870180375,2,2,4880,80,udp,dns,RSTO,Malicious,PartOfAHorizontalPortScan
1.8420014712127066,134.4315921286737,5717.654235657955,11,56,64265,443,tcp,http,REJ,Benign,None
0.8846032103401211,4086.544630890471,1119.2362718410418,15,11,23400,8080,icmp,-,SF,Benign,None
0.001230832754054394,1240.0857591374931,58.080181880462845,29,2,1719,80,icmp,-,RSTR,Malicious,DDoS
6.845932310200023,55.94932345514449,517.62927973647,2,1,15224,80,tcp,dhcp,S0,Malicious,PartOfAHorizontalPortScan
15.879153540369801,86.74714574552324,43.49170057644681,5,5,4314,22,udp,dns,RSTR,Malicious,C&C
0.18697692930348542,126.4340124975836,0.0,2,0,57047,80,tcp,ssh,S0,Malicious,Mirai
5.6848379960015265,210.1871290437666,1019.7442671927107,4,3,6250,23,icmp,-,REJ,Malicious,C&C
1.6481150270383191,1097.8119029309146,74.9129156086103,33,17,35875,443,icmp,dns,RSTO,Benign,None
1.1963458131243485,3257.376591215605,17042.605289455627,24,8,40317,8080,icmp,dhcp,S0,Benign,None
5.250664643395065,1160.0502859023504,2936.95676641634,6,36,12955,23,icmp,ssh,SF,Benign,None
0.07920622988751147,164.5234272633543,0.0,3,0,13088,8080,tcp,dhcp,S0,Malicious,Mirai
6.741529361443385,1137.7882461582035,80.64023459075705,2,2,50611,53,tcp,ssl,S0,Malicious,C&C
0.0017999172459876429,1196.4481283584519,56.07768287907232,59,2,34607,53,udp,ssh,REJ,Malicious,DDoS
3.2313563207571043,113.84466498861838,74.72570059595942,3,1,59884,2323,icmp,-,SF,Malicious,PartOfAHorizontalPortScan
2.3165934256567784,89.34521115630838,10.307420832622201,4,1,11151,80,icmp,dns,REJ,Malicious,PartOfAHorizontalPortScan
0.04848586917594294,150.51144820812024,0.0,1,0,12288,22,udp,http,S0,Malicious,Mirai
0.19796252837892786,138.8688928096733,0.0,4,0,7803,8080,udp,ssh,S0,Malicious,Mirai
0.0884536617500342,155.99010360796703,0.0,2,0,31562,8080,icmp,-,S0,Malicious,Mirai
3.232711890359114,1650.6696042010622,531.3306855482601,8,32,1072,443,tcp,dns,RSTR,Benign,None
0.07142597595205803,148.32264859729992,0.0,1,0,57137,2323,tcp,http,S0,Malicious,Mirai
0.3316729703839089,158.1575892100618,0.0,1,0,59067,443,udp,ssh,S0,Malicious,Mirai
6.19642782293234,1808.2849581173439,461.90306476094736,20,13,9030,53,udp,ssh,SH,Benign,None
0.0034387416168083036,1305.9024880244756,58.074682497712594,35,2,5743,53,tcp,ssl,REJ,Malicious,DDoS
7.405123367063107,196.02351293642394,37.0277806729623,3,2,37778,443,tcp,-,REJ,Malicious,C&C
10.69571672493009,1141.2237702922894,53.03508679605347,4,3,50406,443,tcp,ssh,S0,Malicious,C&C
0.22053591707083037,134.9607971903783,0.0,2,0,14370,2323,tcp,dns,S0,Malicious,Mirai
0.015885487728940748,1220.3896227432622,47.71903635860339,97,3,36975,53,udp,-,REJ,Malicious,DDoS
0.015026084499110113,112.9597221525159,464.21475157109666,5,2,15506,80,tcp,-,SH,Malicious,PartOfAHorizontalPortScan
0.19964057146384703,555.2857849429035,3634.4796324382264,5,16,18719,8080,icmp,ssl,SH,Benign,None
0.17172226879066665,145.29813613900677,0.0,3,0,3724,8080,icmp,-,S0,Malicious,Mirai
0.0010169497635853354,1203.4894039812023,31.133334754179987,18,4,51734,23,udp,ssl,REJ,Malicious,DDoS
7.145107453193752,628.3064838646968,2279.3146039549965,28,47,2700,22,icmp,ssl,S0,Benign,None
5.095978760770432,78.64241429288097,1034.4802129777431,2,3,60491,2323,icmp,dhcp,RSTR,Malicious,C&C
0.004607124420097559,1078.7520008703423,46.955126008008165,45,0,26777,53,tcp,dns,S0,Malicious,DDoS
3.788439871629987,71.18748977607386,80.98559775226387,4,2,40832,2323,tcp,ssl,S0,Malicious,PartOfAHorizontalPortScan
2.8164488993497456,2258.9700122265726,3248.7804181788574,3,42,48034,22,udp,ssh,RSTO,Benign,None
3.6292145729639613,257.2685340630155,92.78156534929312,3,2,63335,23,udp,ssl,RSTR,Malicious,C&C
0.046644485968380923,129.31986787377863,0.0,4,0,59917,22,icmp,dns,S0,Malicious,Mirai
4.376461601199867,654.4488494700295,54.96022383621885,3,4,11879,53,udp,ssh,SF,Malicious,C&C
0.2894571747493815,94.78605451183132,0.0,2,0,46527,80,tcp,http,S0,Malicious,Mirai
0.036392179774178295,145.17574344721015,0.0,1,0,26980,22,icmp,ssh,S0,Malicious,Mirai
16.944729803244677,230.4141042526885,322.07632991894815,4,1,18488,22,icmp,ssl,SH,Malicious,C&C
0.7084526672285985,15234.393315120837,2084.0162924449583,9,17,51089,443,tcp,dhcp,REJ,Benign,None
0.023317468812688615,1315.836415718428,45.01786596838365,77,2,13253,23,tcp,-,SF,Malicious,DDoS
7.94732151654678,82.1854002589399,210.5237766789761,2,4,24294,8080,tcp,ssl,SH,Malicious,C&C
1.570858975608909,710.2657748179003,833.3506810688405,3,6,7612,23,icmp,-,REJ,Benign,None
8.3608410185831,71.45398713196845,358.56813016270866,3,1,48124,2323,icmp,dns,SF,Malicious,C&C
0.1183321723016148,152.66573949138564,0.0,4,0,12612,8080,udp,-,S0,Malicious,Mirai
4.27618758843891,108.71751814449976,299.3912730374748,4,4,11249,8080,tcp,-,SH,Malicious,C&C
9.153492845445324,133.40843839206528,353.4832578251141,4,1,50913,22,udp,dhcp,S0,Malicious,PartOfAHorizontalPortScan
3.3662036964425877,2392.807081024563,3440.310863008796,7,4,34547,22,udp,-,RSTO,Benign,None
0.033704587384326884,125.4247393735178,0.0,3,0,53315,8080,udp,ssl,S0,Malicious,Mirai
0.030217415430563294,133.56613100605,0.0,1,0,47315,8080,tcp,ssh,S0,Malicious,Mirai
0.23488294416731015,151.6743598640962,0.0,4,0,16570,22,tcp,dns,S0,Malicious,Mirai
0.015502968313639138,114.69442493901676,0.0,2,0,41865,80,icmp,dhcp,S0,Malicious,Mirai
2.2142050005940614,12.466151833850288,58.85949176871627,5,4,9073,23,udp,-,SH,Malicious,C&C
4.384465338992921,129.0857109757431,242.51469847726497,3,7,32026,80,udp,dns,S0,Malicious,PartOfAHorizontalPortScan
0.004661876960022079,1388.0468493997846,61.366921178778654,46,3,64673,22,tcp,ssh,REJ,Malicious,DDoS
0.053220738806151,152.14266635132742,0.0,3,0,50801,23,udp,ssh,S0,Malicious,Mirai
0.9394244115658269,791.1941081333906,7639.401086779791,5,43,39689,53,tcp,ssh,SF,Benign,None
3.095890837435627,212.6853244305384,1608.4369499343768,7,17,25771,53,icmp,ssl,SF,Benign,None
0.04419435157718439,1222.1640812817443,30.15500342582349,79,0,23889,8080,udp,dns,SH,Malicious,DDoS
0.6098854640757579,1039.7601247457364,1893.834170077205,2,5,52149,23,tcp,dhcp,REJ,Benign,None
1.5191433665043934,952.538171007094,1690.8047449917037,8,65,17595,2323,tcp,ssh,RSTO,Benign,None
1.3977924916311735,1552.1300713689848,16631.253892629218,3,19,52167,53,tcp,dhcp,RSTR,Benign,None
8.96597932173437,339.8231084121437,89.38582357553781,3,2,55550,443,udp,http,SF,Malicious,PartOfAHorizontalPortScan
0.04930474033701342,731.4523322458582,1361.0743508061403,7,3,36631,22,udp,-,RSTR,Benign,None
1.6620138453512736,809.0442028947949,2525.3422977232035,8,7,59676,53,udp,http,S0,Benign,None
17.788222900706913,22.39476360044537,84.39671171225714,3,1,18203,22,udp,http,REJ,Malicious,C&C
3.2316796134307113,218.6097028268339,79.5458625693745,2,3,12164,2323,udp,http,RSTO,Malicious,C&C
0.04378309913334177,144.01717887615956,0.0,2,0,50953,8080,udp,http,S0,Malicious,Mirai
6.667770093533013,553.23416714634,221.38953762735133,3,6,41085,8080,tcp,http,REJ,Malicious,C&C
0.33093531382677804,732.7124975675287,750.1543440125076,1,16,28840,23,icmp,-,SF,Benign,None
0.0012503417991149663,161.25361559991288,0.0,4,0,47586,443,tcp,dhcp,S0,Malicious,Mirai
0.035776445758853456,1117.0365029279528,54.191151719489454,26,1,63382,443,icmp,dns,S0,Malicious,DDoS
0.005955475013793681,1063.0657894006747,25.32640505475755,80,2,58375,23,udp,ssh,RSTR,Malicious,DDoS
1.8520047701923694,143.06557827153017,261.39376356115156,2,7,2896,53,udp,dns,REJ,Malicious,PartOfAHorizontalPortScan
0.0013678756103148242,1154.2530555822618,66.22517771979076,51,0,24403,443,tcp,dhcp,S0,Malicious,DDoS
0.015358384625301282,1224.8699155252818,44.817851760124654,61,4,23861,23,udp,ssl,SH,Malicious,DDoS
0.02407709428750665,1099.3185490120993,56.80857693054286,61,0,42824,8080,icmp,dhcp,RSTO,Malicious,DDoS
0.010173625553245089,1176.2214303006776,39.8901917411109,16,0,32874,8080,tcp,http,SF,Malicious,DDoS
6.33555082485055,48.95960138951474,58.7071685071574,5,3,17593,23,udp,http,S0,Malicious,PartOfAHorizontalPortScan
0.8379816989052129,1102.3322347556748,3537.0165344011866,2,26,26014,8080,tcp,dns,SH,Benign,None
15.922486763560757,215.0490958658372,108.23767779267946,5,1,46058,80,udp,-,SH,Malicious,C&C
1.8014322260449742,138.57569266571755,98.87746125508524,2,3,31898,2323,udp,ssh,SF,Malicious,C&C
0.006318304949350158,1093.3292871716428,49.6265574226604,81,1,2019,22,udp,ssl,SH,Malicious,DDoS
7.482233246909395,169.3014968751133,190.94520746949237,3,4,20925,80,icmp,ssl,RSTO,Malicious,PartOfAHorizontalPortScan
2.395986667545701,59.7078585157875,14.112778171640144,9,4,5550,443,icmp,ssl,S0,Malicious,PartOfAHorizontalPortScan
0.0242303055205187,1219.3856191059015,49.1339574376455,39,0,52171,8080,tcp,dns,S0,Malicious,DDoS
11.423809675424781,73.93875241664092,81.2193903106324,4,1,38699,443,icmp,http,SF,Malicious,PartOfAHorizontalPortScan
0.033975673321186645,115.05729257171697,156.18453144545262,4,3,61008,53,udp,http,SH,Malicious,C&C
0.008225795448937666,1210.3226120200277,36.53977536677357,32,3,32150,2323,tcp,ssh,SH,Malicious,DDoS
0.39119863980006075,131.86435391275597,0.0,4,0,9381,8080,tcp,ssl,S0,Malicious,Mirai
3.77575115616907,2378.065589736751,685.5275094950297,17,23,30852,8080,udp,dns,S0,Benign,None
0.010659928953794386,1127.134365953483,38.43344869872091,84,3,18214,23,udp,ssh,S0,Malicious,DDoS
4.346532409496076,235.44690527464897,135.26540842607295,4,2,26957,53,udp,ssl,RSTR,Malicious,PartOfAHorizontalPortScan
0.0025380657104776623,1003.757736195818,45.038652618905694,32,4,59973,8080,icmp,-,REJ,Malicious,DDoS
0.18981387710855852,759.0623436398417,1793.3125615577233,2,26,45307,8080,tcp,dns,RSTR,Benign,None
0.01707106141082267,1359.9662028219327,59.40149446649813,16,3,58945,8080,udp,ssl,S0,Malicious,DDoS
1.3105491518494168,6649.933091552028,1182.8046181356467,4,8,17429,80,udp,dhcp,RSTR,Benign,None
0.0016460462790204855,144.87113903310896,0.0,3,0,22612,8080,icmp,dhcp,S0,Malicious,Mirai
0.0084945428632902,156.6011125606819,0.0,1,0,65481,23,icmp,dns,S0,Malicious,Mirai
5.07572237705698,142.0937769467382,13.685483583926416,3,3,36950,443,icmp,dhcp,SF,Malicious,PartOfAHorizontalPortScan
0.6244443738676091,1826.4663795126467,4132.470913506622,9,19,2905,443,udp,dns,SF,Benign,None
0.004268673422431189,1196.7841183988546,45.40390110928514,85,1,45445,2323,udp,dhcp,SF,Malicious,DDoS
0.21325462440970488,163.18855572305515,0.0,4,0,22656,22,tcp,ssh,S0,Malicious,Mirai
0.7871648716239589,5112.789198057246,6570.455258222674,5,4,37834,80,tcp,ssh,RSTR,Benign,None
3.108338017501842,3902.5991516240547,5574.581377075057,4,22,3599,23,icmp,dhcp,REJ,Benign,None
11.4826618500409,150.62110991316672,122.8905369257608,2,3,17078,22,tcp,ssl,REJ,Malicious,PartOfAHorizontalPortScan
0.5450416972130792,264.6834590043011,8465.212142458417,6,43,46662,80,tcp,dhcp,RSTO,Benign,None
0.10501049907532196,185.6298530128816,0.0,3,0,7748,2323,udp,ssh,S0,Malicious,Mirai
5.040592310538131,151.65911021760277,179.73380345262692,2,1,40009,2323,tcp,-,SH,Malicious,C&C
0.5822654802888991,1854.4562654226286,2320.9748830093044,25,4,4586,53,icmp,dhcp,REJ,Benign,None
1.8762932714507987,231.2426016505193,39.23348410712756,2,1,22339,22,udp,-,SF,Malicious,C&C
4.182527557249998,58.95145552416464,341.55414044485246,3,7,56258,443,tcp,http,SF,Malicious,C&C
0.03305096728660919,109.41421512330223,0.0,4,0,56269,22,icmp,-,S0,Malicious,Mirai
4.624194572981469,2878.0012730427884,71.14719976635,2,3,16688,22,icmp,http,S0,Malicious,C&C
0.19750481425523514,136.40930712027424,0.0,1,0,41705,23,tcp,dns,S0,Malicious,Mirai
6.3004272265540715,6266.825961147607,3130.404512391899,18,21,32203,23,icmp,http,SF,Benign,None
0.011585565533677305,1146.7029573811683,43.167718373931365,89,0,17947,2323,icmp,dhcp,S0,Malicious,DDoS
0.08295537332325323,143.90179478340465,0.0,2,0,58611,443,udp,dns,S0,Malicious,Mirai
0.0035952890693385655,1104.852048008105,49.13681877094796,22,2,58469,2323,udp,http,SH,Malicious,DDoS
29.102970265913576,587.172423084285,115.33706370885022,3,1,10656,53,udp,dns,RSTR,Malicious,C&C
1.5068189054526941,88.02272334867604,648.2827073228719,4,1,45666,23,tcp,ssl,RSTR,Malicious,C&C
0.0078091062920209444,141.19894785902602,0.0,4,0,59614,2323,tcp,http,S0,Malicious,Mirai
13.023121626479849,515.4627036876585,68.49070038800909,2,1,4873,2323,tcp,ssl,S0,Malicious,C&C
0.030665909098970837,132.35350852652925,0.0,3,0,52166,23,icmp,ssh,S0,Malicious,Mirai
1.0979041546952133,1064.9438479999233,9898.731220322572,17,20,26507,2323,udp,dhcp,S0,Benign,None
0.019517450229670864,1107.52984063983,39.913291840595555,80,1,61859,80,tcp,dns,SH,Malicious,DDoS
1.1323688394301181,2846.3071810770207,28242.950875151524,7,13,45768,8080,icmp,-,SF,Benign,None
2.071816594566929,449.03701124361686,185.12293963217869,3,3,63484,22,icmp,dhcp,S0,Malicious,PartOfAHorizontalPortScan
1.7315586321886764,1045.6166622255075,9354.725576940864,8,11,33308,2323,icmp,ssh,SH,Benign,None
0.7563498673815782,378.7861435429713,8635.432765493928,17,37,56696,53,icmp,dns,S0,Benign,None
4.486971012137944,20.755462207847728,431.10935085766937,7,1,3334,22,icmp,-,SH,Malicious,PartOfAHorizontalPortScan
0.018801377392211105,1416.1793215509574,40.78296249479,50,1,7755,2323,tcp,ssl,S0,Malicious,DDoS
1.4574350606752806,3172.0177302478255,50.199101546412386,5,5,38156,443,icmp,ssh,S0,Benign,None
0.7792480722067586,2212.5004668690763,40863.8590474481,9,23,55087,443,tcp,ssl,RSTO,Benign,None
0.15310740047768323,153.4384189804574,0.0,4,0,5008,22,tcp,ssh,S0,Malicious,Mirai
2.155080036171782,597.720497260126,2576.7869288447655,12,17,4127,53,tcp,ssl,RSTR,Benign,None
2.1311590708245003,151.22388868739253,140.8625096716679,5,2,46020,23,tcp,ssh,REJ,Malicious,C&C
0.006587756142941396,1310.8109641894384,35.021756395547804,34,1,9569,53,icmp,ssh,REJ,Malicious,DDoS
0.011241299694000352,1249.9235626456687,53.95157741763268,88,3,45340,80,tcp,ssh,REJ,Malicious,DDoS
13.798565420147703,1191.624083874744,232.75288393101695,4,6,39646,443,icmp,-,SH,Malicious,C&C
0.03812543681616279,137.89282760238322,0.0,2,0,13483,23,tcp,http,S0,Malicious,Mirai
0.01342007662062228,1152.0589632483145,45.50196259492655,96,4,36301,8080,tcp,ssl,RSTO,Malicious,DDoS
0.2700701118507022,134.58652336073973,0.0,4,0,62538,8080,icmp,ssh,S0,Malicious,Mirai
0.006038567175477155,172.0872405453067,0.0,3,0,33630,8080,icmp,http,S0,Malicious,Mirai
0.9480820884328092,86.57724725691408,205.80832577676134,4,2,42310,443,icmp,dhcp,S0,Malicious,C&C
0.14904804320952814,155.65208593267485,0.0,2,0,63065,2323,tcp,dns,S0,Malicious,Mirai
3.074611679169515,299.07114940528027,45.26661008368795,2,8,27269,2323,udp,dns,RSTO,Malicious,C&C
3.1225214103682317,77.06520350443319,52.55071164729563,8,1,15177,8080,icmp,dns,RSTR,Malicious,PartOfAHorizontalPortScan
0.03527477579896914,1068.1589928854394,46.99117110014204,97,1,64754,53,tcp,dns,RSTO,Malicious,DDoS
1.0944463939882707,781.7597468938905,8544.114327737581,15,12,59931,53,udp,dns,SH,Benign,None
0.4697171249739423,123.74366363368924,0.0,3,0,5712,443,udp,-,S0,Malicious,Mirai
0.16248002630180108,150.08613951947615,0.0,3,0,34274,80,tcp,http,S0,Malicious,Mirai
2.54626726685872,436.9633557191715,394.16717144185634,13,3,31982,80,udp,dhcp,S0,Benign,None
0.2617233063692766,190.35376351647847,0.0,3,0,43806,8080,icmp,ssl,S0,Malicious,Mirai
0.0003840346552404877,1219.921092395929,40.10438891489706,22,3,60183,22,icmp,-,RSTO,Malicious,DDoS
0.0014868534184100252,1164.1815212109545,39.57739277030752,85,4,28034,23,icmp,dns,RSTO,Malicious,DDoS
0.001802238404058478,1135.9500706164968,55.601612456972695,88,3,2854,80,udp,dhcp,SF,Malicious,DDoS
14.894781417125403,43.36122333472305,1109.5341297153147,4,2,44173,53,tcp,ssh,REJ,Malicious,PartOfAHorizontalPortScan
0.03830891573457814,6002.301185705153,1093.844164403971,3,4,41946,22,tcp,ssl,SF,Benign,None
1.207977403840827,3953.4771475125667,550.528750709348,5,13,10011,2323,udp,ssl,RSTR,Benign,None
0.22138283935401074,88.44756014463393,108.19823429540267,4,0,4769,2323,icmp,ssh,SF,Malicious,PartOfAHorizontalPortScan
1.5857840334329534,104.81677750974679,581.5279081788638,3,2,20050,53,icmp,ssl,RSTR,Malicious,C&C
2.373683624400733,2138.505154460502,66201.4419683731,17,5,43346,22,tcp,ssh,SH,Benign,None
4.774203680374493,254.34141159860042,2592.9641414088037,8,7,15289,443,udp,dns,S0,Benign,None
2.0735748073749396,273.654254916546,202.21001544238703,4,4,6158,2323,udp,dhcp,SF,Malicious,C&C
0.0226260401250662,147.1864604759124,0.0,2,0,31869,23,udp,dns,S0,Malicious,Mirai
1.1069192636007705,95.18704808349956,51710.85478837241,11,5,59566,8080,icmp,-,RSTR,Benign,None
0.2962277556978686,1086.2210923779014,1135.0865318605372,10,8,38025,2323,tcp,ssh,SH,Benign,None
0.14434835741590016,138.30216124789462,0.0,1,0,43076,443,icmp,-,S0,Malicious,Mirai
0.07727724298882377,120.94395293362199,0.0,4,0,18481,53,tcp,dns,S0,Malicious,Mirai
0.1903002225279864,181.25552280516308,0.0,4,0,16503,443,udp,http,S0,Malicious,Mirai
1.4191099216287217,149.27346832504657,16.207483230663595,4,5,22854,22,udp,http,REJ,Malicious,PartOfAHorizontalPortScan
2.845397416648181,943.2470041821031,78.4033341250787,2,4,8580,8080,udp,-,SH,Malicious,C&C
0.9921364905756803,339.49226984159384,827.6209139428965,44,9,7186,53,udp,http,RSTO,Benign,None
0.0028567668005938796,1058.1669510035067,65.17867544052217,99,4,33470,8080,tcp,-,REJ,Malicious,DDoS
0.0047633916931746996,546.8329417825591,292.5332816531604,21,12,42101,8080,tcp,ssl,S0,Benign,None
0.011313808479717299,141.50150435111138,0.0,4,0,31216,22,udp,ssl,S0,Malicious,Mirai
0.06543158176273169,288.13353794345636,77.23044869712629,21,31,25714,22,udp,dhcp,SF,Benign,None
0.06982621519689218,142.01167720159089,0.0,3,0,28216,8080,tcp,ssl,S0,Malicious,Mirai
1.3199430664481808,933.557646492237,4313.528969493669,7,2,37421,443,icmp,dns,RSTO,Benign,None
0.0026633829116440967,171.25252094404348,0.0,2,0,8416,23,udp,dns,S0,Malicious,Mirai
0.14293177156655099,175.22894265418512,0.0,2,0,25436,2323,udp,ssh,S0,Malicious,Mirai
0.004541966283784368,1112.2009982914258,54.522072588656165,86,3,22153,22,udp,dhcp,S0,Malicious,DDoS
1.8822390374082003,662.3278503723159,717.3417615338127,3,15,5541,8080,udp,http,SH,Benign,None
2.3426369574661146,885.4589749671393,1382.3658301350156,28,22,1948,80,tcp,-,SF,Benign,None
3.5702278544661583,559.6725782510275,24611.281024129446,8,3,56298,53,udp,ssl,SH,Benign,None
0.005636130622519838,1427.4796528560316,47.475144920193145,92,0,36010,443,icmp,ssl,RSTR,Malicious,DDoS
0.043300955357106805,168.5660761833208,0.0,4,0,33900,8080,icmp,-,S0,Malicious,Mirai
0.4915182900925281,662.9922915325059,3077.02552800341,8,22,13730,53,tcp,-,REJ,Benign,None
0.7621309042750336,643.4724154766357,170.08771767923642,18,7,45554,80,icmp,dns,SF,Benign,None
0.03083071334808636,120.39996684379359,0.0,2,0,64076,53,icmp,ssh,S0,Malicious,Mirai
0.03574237251345171,1200.9694611371215,53.231965844192445,79,3,46800,443,icmp,http,SH,Malicious,DDoS
2.3387129980753496,12425.68059257275,9248.540135348849,13,2,24669,80,tcp,http,S0,Benign,None
4.768014277051907,688.3698291483256,409.0901444326622,3,17,45627,22,icmp,ssl,S0,Benign,None
0.05082978430481451,113.21179369863965,0.0,2,0,2261,22,udp,-,S0,Malicious,Mirai
0.25554822982124525,1510.9726972773774,2508.711843140473,3,10,53366,2323,tcp,http,RSTR,Benign,None
0.009110509328746727,1217.87010818968,50.41958629236676,65,4,51901,22,icmp,-,RSTO,Malicious,DDoS
4.390511058988721,2523.625951652445,989.6321426752637,6,9,2775,443,udp,http,SF,Benign,None
0.0013075245072363562,1132.2361379965314,54.02371589765574,81,0,48890,2323,tcp,-,SH,Malicious,DDoS
0.452114936112064,182.55335832321816,0.0,2,0,9724,2323,tcp,ssl,S0,Malicious,Mirai
1.9222164276899778,99.96824193844841,106.57994725818801,2,1,48853,22,udp,ssl,RSTO,Malicious,C&C
0.010462369911213083,1275.546994206425,61.98591573987629,92,4,28402,443,tcp,ssl,S0,Malicious,DDoS
0.009015180467868507,1252.1228855541092,62.05738256009961,84,1,45306,53,tcp,ssh,REJ,Malicious,DDoS
1.855611350985833,1022.8807431147704,13144.16645339842,10,13,5906,443,tcp,-,REJ,Benign,None
0.015119432098456604,1073.6399089238519,29.446802572308265,39,2,39206,53,icmp,ssl,REJ,Malicious,DDoS
0.020080913044519054,1332.8933623011203,53.92321357224081,52,1,45481,22,udp,ssl,SF,Malicious,DDoS
7.449730630016662,99.81500961513912,62.96137837915684,7,1,47444,53,tcp,ssh,S0,Malicious,C&C
0.0035509877873291713,1139.550129958489,57.14035812598864,70,4,23025,53,tcp,ssl,REJ,Malicious,DDoS
0.05739737856523354,138.91499992213778,0.0,1,0,43863,2323,tcp,dhcp,S0,Malicious,Mirai
6.731132353152903,162.66879898757628,68.80745177111727,3,1,45666,2323,udp,dns,RSTR,Malicious,C&C
0.004665432064034628,1202.0738028133514,28.57720275788598,44,1,56259,53,icmp,ssl,REJ,Malicious,DDoS
0.023804920890696604,1272.5322191316768,49.325356468684646,21,2,43177,23,tcp,http,RSTO,Malicious,DDoS
0.003080915388951592,1061.9869708627946,57.318328844607095,80,0,27522,2323,udp,ssh,SH,Malicious,DDoS
1.2036033221762792,37.81295957737656,429.2134725286345,2,2,4109,2323,udp,ssl,RSTO,Malicious,PartOfAHorizontalPortScan
0.7648920092819473,334.79247288686196,108.9072032217005,5,2,26411,443,tcp,http,RSTR,Malicious,PartOfAHorizontalPortScan
5.233148819937402,1498.867016526718,1277.006015008133,25,23,51269,53,udp,ssh,SH,Benign,None
0.005820893538636031,1249.1078759838936,57.533718470920725,44,1,56785,80,icmp,dhcp,RSTO,Malicious,DDoS
0.23534032779688702,171.9175863068836,158.48102714980658,2,3,40516,80,icmp,dhcp,RSTO,Malicious,PartOfAHorizontalPortScan
2.648031228823168,167.6870100725868,23.084417398447993,7,4,39724,22,udp,-,RSTO,Malicious,C&C
0.09098514160987714,162.1704978161912,0.0,4,0,14032,23,udp,ssl,S0,Malicious,Mirai
4.659532003938715,297.0362686740808,116.21606995146699,4,3,21143,443,tcp,-,RSTO,Malicious,C&C
1.1957797409858253,404.5048908299175,8802.489185146609,14,11,23178,22,icmp,http,REJ,Benign,None
2.571830935427474,5961.13033638666,1448.3160816945729,4,29,58434,53,tcp,http,SF,Benign,None
0.006970984522367597,2751.24875782673,1122.8177189768915,4,18,43085,8080,udp,ssl,RSTR,Benign,None
0.06844714839916802,225.6491452261397,136813.2288597683,13,5,62845,23,tcp,-,RSTO,Benign,None
0.018265097056157104,1123.04293233108,42.32083959930241,12,0,19025,53,tcp,dns,SF,Malicious,DDoS
1.568395695573065,1884.818540174697,12274.312236093841,5,11,13774,2323,tcp,dns,S0,Benign,None
0.013728453837971014,1145.6821056293802,32.11525117021509,99,1,45416,2323,tcp,dhcp,S0,Malicious,DDoS
0.0353602537489678,114.57301470489497,663.6116822065792,3,1,5491,2323,tcp,http,RSTO,Malicious,C&C
11.954243570576807,579.956053358178,305.5159754432459,3,1,56163,22,tcp,dhcp,SF,Malicious,PartOfAHorizontalPortScan
0.03655991358667912,1231.9085052964483,62.24630390508389,76,1,31185,443,icmp,ssh,S0,Malicious,DDoS
0.00014833238630364043,1111.9855828302727,59.12734158692331,57,0,26455,23,udp,http,S0,Malicious,DDoS
0.0410081039659482,142.47492465127775,0.0,2,0,36559,443,udp,dhcp,S0,Malicious,Mirai
4.169424870441575,134.7346191570157,359.63942637669453,2,1,45016,80,tcp,dns,SH,Malicious,PartOfAHorizontalPortScan
0.027790399317253054,1273.5415789579454,48.47578176575346,73,3,50378,53,icmp,dhcp,SH,Malicious,DDoS
12.790590104134857,39.252090846832004,48.907483879555315,3,3,49849,80,tcp,http,REJ,Malicious,C&C
2.7755902116064783,590.5480138704703,12218.711763751475,27,3,34243,53,udp,dhcp,SH,Benign,None
1.4179414794391099,1469.9251314839044,491.187564792761,1,6,51873,443,icmp,dhcp,SH,Benign,None
0.0033598477659192256,1085.7946162809524,45.3613512967579,75,4,23685,8080,icmp,http,REJ,Malicious,DDoS
0.0734085139380358,128.04210167371332,0.0,4,0,59299,8080,udp,ssh,S0,Malicious,Mirai
0.91886537033248,372.35731166420663,107.5902162904821,5,1,40958,2323,tcp,dns,REJ,Malicious,C&C
0.003473939997359706,1320.6307237750111,46.41663061157445,27,0,34823,443,tcp,dns,SH,Malicious,DDoS
0.0003812764622405852,1145.5618982733351,58.7775242592984,93,2,45565,23,udp,ssh,RSTO,Malicious,DDoS
0.08672664551680129,156.18193781764555,0.0,3,0,25654,80,udp,-,S0,Malicious,Mirai
0.4702092565490406,248.95864356290807,51.824923530274184,5,1,22247,22,tcp,ssh,SF,Malicious,PartOfAHorizontalPortScan
4.576925426638889,84.21707964483512,153.09365046224605,3,2,12160,23,tcp,dhcp,REJ,Malicious,PartOfAHorizontalPortScan
0.01602334364606782,1076.4360589699486,71.69807027856154,70,2,3148,443,udp,http,RSTO,Malicious,DDoS
0.08325132229909597,180.4291430800594,0.0,1,0,18328,443,tcp,ssl,S0,Malicious,Mirai
1.4707540053220696,320.91905279603395,8706.4337426841,9,6,23419,80,udp,dhcp,RSTO,Benign,None
0.0172506152024039,143.8177147923292,0.0,3,0,38423,23,icmp,-,S0,Malicious,Mirai
0.4730163915791075,272.93092818912817,774.424160698141,4,51,37374,53,icmp,ssl,SF,Benign,None
0.06590027584160564,159.8872940248026,0.0,3,0,50756,80,tcp,ssl,S0,Malicious,Mirai
0.003940642427464141,146.7014002204889,0.0,4,0,62279,2323,tcp,http,S0,Malicious,Mirai
0.04881130555463829,831.5761081413542,2983.476912688818,2,30,56828,23,icmp,http,REJ,Benign,None
0.004691698960193094,1191.9047594875062,41.59086239169021,74,3,60664,2323,icmp,ssh,S0,Malicious,DDoS
0.6356997283938621,32.62644620786348,133.5861154836921,3,2,33596,23,udp,ssh,SF,Malicious,C&C
0.42447119922190607,149.79978533603858,0.0,2,0,34837,443,tcp,dhcp,S0,Malicious,Mirai
0.30505342807112934,234.67826793747864,38.74985163415264,2,1,60710,22,tcp,-,S0,Malicious,PartOfAHorizontalPortScan
2.0406472149031307,172.7985810611555,227.60828223073264,5,2,21746,2323,icmp,ssh,SF,Malicious,PartOfAHorizontalPortScan
0.029885085277848174,154.87259479564406,0.0,2,0,60894,22,tcp,ssh,S0,Malicious,Mirai
0.011837063953038128,1394.5433905619066,50.10635413420129,92,1,56632,443,udp,dhcp,RSTO,Malicious,DDoS
6.1439665827592655,168.28490153301462,180.4167385884719,4,3,13375,8080,udp,dns,RSTO,Malicious,PartOfAHorizontalPortScan
0.2621564696310101,318.35834860550347,161.91751694704504,3,1,15467,22,tcp,http,RSTO,Malicious,PartOfAHorizontalPortScan
5.741644194801649,47.33505371063276,405.38849293056825,4,10,3065,443,tcp,ssl,SF,Malicious,C&C
0.1483268546330137,581.1635250665856,5591.566558546237,20,8,59837,8080,icmp,ssh,RSTO,Benign,None
0.5538384554287935,384.35172355179446,75.87560897169713,5,3,43951,8080,tcp,http,RSTO,Malicious,PartOfAHorizontalPortScan
0.6129300570900379,654.9703511040105,798.3110074945349,4,5,32713,443,udp,dns,SF,Benign,None
0.11560746785608343,941.6840208963381,9716.856913668966,8,12,42600,22,tcp,dns,RSTR,Benign,None
0.18511818213067038,1117.7998393738078,2266.95989290682,11,17,36142,23,tcp,http,SH,Benign,None
1.1656643383775223,61.74026758230952,255.57424011437817,9,3,58368,23,udp,http,S0,Malicious,C&C
3.0592607643872105,427.2993312543078,54.072243779306376,1,4,47421,443,udp,http,RSTO,Malicious,C&C
1.3154582426075567,148.46082591094483,104.54648754891413,3,3,3308,8080,tcp,-,RSTO,Malicious,PartOfAHorizontalPortScan
0.012921564389175773,1354.92839157583,52.926758838733726,85,1,4598,2323,icmp,http,RSTR,Malicious,DDoS
1.2148211741180375,160.10299382117805,78.11943891833099,3,3,18883,443,udp,ssl,RSTO,Malicious,PartOfAHorizontalPortScan
3.6042451640492397,1046.4446984052058,1724.9660423473504,15,11,37826,23,udp,ssh,SH,Benign,None
0.018632238914505085,1216.2733602763253,65.37261697893237,19,0,11483,8080,icmp,ssh,SH,Malicious,DDoS
1.321640081899743,626.2091708806488,52.515435353785534,4,0,19055,23,tcp,-,REJ,Malicious,C&C
0.008170080359594751,173.37273139122613,0.0,4,0,12355,2323,icmp,ssl,S0,Malicious,Mirai
1.774849487503477,286.8814159622632,44.17769993164389,5,3,27959,443,tcp,dns,RSTO,Malicious,C&C
3.5156385694930665,79.3492815225802,17.745215072551947,4,2,57171,443,tcp,-,RSTR,Malicious,PartOfAHorizontalPortScan
0.04469243699192452,144.2558074260972,0.0,4,0,21226,8080,udp,ssh,S0,Malicious,Mirai
0.5962192977340814,91.88073324523094,316.86651573268875,3,2,30667,53,tcp,dhcp,RSTO,Malicious,C&C
0.016779940137103422,1155.5866672813759,52.64456398380796,73,3,17400,80,icmp,dhcp,S0,Malicious,DDoS
0.30286833199322677,553.0515115003471,2185.70353684439,1,12,28745,22,udp,http,REJ,Benign,None
1.7702766983490852,316.3377823201304,286.79435460310066,2,1,30501,443,udp,dhcp,SF,Malicious,C&C
7.623083354670131,994.6138497884838,4480.2657252519175,48,23,31226,53,icmp,http,RSTO,Benign,None
0.011536905827482177,1172.7432929173244,60.09418573409623,84,4,59523,23,icmp,dhcp,SH,Malicious,DDoS
3.0772369169815597,748.0572458234169,6409.84445395826,18,16,13003,80,icmp,-,REJ,Benign,None
0.2809898306928799,177.00297095880336,109.66621898050155,3,2,65223,8080,tcp,ssl,REJ,Malicious,C&C
0.04165199892405645,171.12867821198716,0.0,4,0,51119,53,icmp,-,S0,Malicious,Mirai
4.886858976386027,11595.909348251353,32245.311873284638,10,55,30043,53,icmp,ssl,RSTR,Benign,None
0.23823817778596112,151.16228422780446,46.029220336494895,2,1,45256,2323,udp,dns,SH,Malicious,PartOfAHorizontalPortScan
0.4903267915665872,395.541491822724,179.9883869383849,5,2,7373,53,tcp,ssh,S0,Malicious,C&C
2.879172816686067,104.49134528663838,201.63336475639096,2,2,65434,8080,icmp,http,S0,Malicious,C&C
0.019814561064518427,118.03175611785068,0.0,3,0,14203,53,udp,dhcp,S0,Malicious,Mirai
1.9553288779779103,1247.0605689473916,15020.659831114526,3,12,36322,53,udp,dhcp,REJ,Benign,None
4.311101109450694,748.29445436718,4536.5246681184935,6,18,54169,8080,udp,http,RSTR,Benign,None
1.499144149279697,1610.0956610952055,762.3510742587212,2,11,34850,2323,icmp,ssh,REJ,Benign,None
4.200969582609762,1041.2929747925164,341.6228299798445,3,2,28689,443,tcp,ssl,RSTO,Malicious,C&C
3.052641423136762,92.19354035928858,189.25268214122283,4,4,26688,23,udp,ssh,REJ,Malicious,PartOfAHorizontalPortScan
0.23702484299015666,169.3894904120476,0.0,1,0,52495,53,udp,dhcp,S0,Malicious,Mirai
0.007369477835227844,1344.7551679003654,61.37222968237375,60,1,46715,443,icmp,http,SF,Malicious,DDoS
1.8901285617251293,33.71745395504836,159.9858935803918,2,1,54087,23,udp,-,SH,Malicious,C&C
0.004373356745743308,1271.1266804171182,42.05885538419469,64,1,27156,23,tcp,-,RSTO,Malicious,DDoS
0.8165685446087715,461.5880289189733,1683.4248105668535,8,4,8639,2323,udp,-,REJ,Benign,None
4.440766356710083,214.91664150104853,86.37164391926075,5,1,25405,22,icmp,-,RSTO,Malicious,PartOfAHorizontalPortScan
5.87531850464782,96.3135231293149,166.12459013632105,4,2,54127,8080,udp,dhcp,SH,Malicious,C&C
3.879245270877419,106.58362172606543,2149.2866600234315,9,9,8186,8080,udp,dhcp,REJ,Benign,None
0.0015922385976487128,1337.4000506061986,41.4322901987846,82,1,31498,8080,icmp,-,S0,Malicious,DDoS
0.16728721867454857,147.18262243333086,0.0,3,0,23919,8080,tcp,-,S0,Malicious,Mirai
3.0954308728045463,103.13170731145199,29.55126753162917,3,1,14129,53,tcp,ssl,S0,Malicious,C&C
0.004461118167897535,1068.6527022300922,56.28710256026314,15,2,35587,2323,tcp,ssl,SF,Malicious,DDoS
5.903804660339214,151.04594720772334,138.9614255893133,5,2,32063,2323,tcp,http,RSTO,Malicious,C&C
1.156178259733768,4312.061829081179,34872.33108760886,6,12,49173,8080,udp,-,REJ,Benign,None
0.024643978680918843,1139.89686584931,41.39200900589741,39,3,6520,53,icmp,dhcp,RSTR,Malicious,DDoS
0.5350988295852207,1168.6829628975768,2410.3542170340693,4,28,62934,8080,icmp,dhcp,REJ,Benign,None
0.1221106506091533,154.09202466259407,0.0,4,0,21646,8080,icmp,dns,S0,Malicious,Mirai
6.576111145571479,95.7621315527665,144.27939188022006,7,1,40473,53,tcp,ssl,SH,Malicious,C&C
11.243039541266908,179.22916014500987,142.2208064826429,2,2,32292,22,icmp,ssh,RSTO,Malicious,PartOfAHorizontalPortScan
0.5743648126610312,509.71995595312825,647.8318769414608,6,8,54047,443,icmp,-,SF,Benign,None
0.6193669058823089,78.62264952809889,4663.909464655662,1,3,14010,8080,tcp,http,SH,Benign,None
4.058074736955421,24.71004833809499,219.02196554067856,3,2,6495,2323,icmp,dns,SF,Malicious,C&C
2.023699731590617,27.470364043357726,640.745941047891,7,2,14545,23,tcp,dhcp,SF,Malicious,PartOfAHorizontalPortScan
0.25768596819478234,159.75777681802458,114.7017207336805,4,1,32677,53,tcp,-,SH,Malicious,PartOfAHorizontalPortScan
15.906863331773737,11.959093195015566,77.29310397340288,5,2,9360,443,udp,http,REJ,Malicious,PartOfAHorizontalPortScan
0.11562972879100442,145.96211185882802,0.0,4,0,10842,80,udp,ssh,S0,Malicious,Mirai
0.15653089903945772,7455.436927093962,12359.01963485735,8,17,38133,80,tcp,ssl,REJ,Benign,None
0.010233096102645022,1187.8199453440163,42.54779219294668,96,0,52659,23,tcp,dns,REJ,Malicious,DDoS
1.4641004511677629,565.8904047882646,4059.7310002578797,5,16,56670,443,tcp,dhcp,SH,Benign,None
0.0010228048011901073,160.87813631252126,0.0,1,0,52253,443,udp,dhcp,S0,Malicious,Mirai
2.463057805917196,473.6700362116708,45.436960868016214,8,2,62235,8080,icmp,http,RSTO,Malicious,PartOfAHorizontalPortScan
0.194612097572125,3884.159410990987,2781.004749815242,21,86,48948,53,udp,http,RSTO,Benign,None
0.16307034131275455,154.0413229892599,0.0,4,0,10136,23,icmp,ssl,S0,Malicious,Mirai
2.385576250951934,1067.6487616334814,33293.86116685144,20,7,46100,8080,icmp,ssh,SH,Benign,None
1.8822589058089363,2803.43802829373,329.5670567701058,5,44,6295,22,tcp,dns,SH,Benign,None
0.008247941474539083,1159.4686293289503,43.01085616821112,17,1,5817,8080,udp,dns,S0,Malicious,DDoS
3.806017213931792,263.149727417329,1131.5834879378672,2,4,5548,23,tcp,dns,RSTO,Malicious,C&C
0.002667504890948041,171.21658584679253,0.0,3,0,19574,22,tcp,dhcp,S0,Malicious,Mirai
0.12631561762108978,116.09188880069244,0.0,3,0,38295,22,tcp,dns,S0,Malicious,Mirai
7.726830833910201,281.6241553534457,181.84086462854447,7,0,29860,8080,icmp,-,REJ,Malicious,C&C
0.6643061252319463,1119.0572661617318,535.4617836008282,4,22,60022,53,tcp,dhcp,RSTO,Benign,None
3.4191157100821465,71.66821536098428,277.6980104673342,4,6,39514,2323,tcp,http,REJ,Malicious,C&C
0.15553734645072262,145.24605998645285,0.0,1,0,11252,8080,icmp,dhcp,S0,Malicious,Mirai
0.013822219777162557,1253.9509852994297,66.78393482334211,81,2,49888,443,icmp,-,SF,Malicious,DDoS
0.011695832319811913,1251.4332131301508,57.46025924956729,72,2,62816,22,udp,http,SF,Malicious,DDoS
0.024466354770140697,124.35267676952849,0.0,3,0,39739,23,udp,http,S0,Malicious,Mirai
0.008758614013318185,1231.342929112839,33.55988450087539,60,2,50193,22,icmp,http,REJ,Malicious,DDoS
0.007881754570416804,1111.3770758581386,34.84659360241968,56,1,17152,53,icmp,ssl,SH,Malicious,DDoS
5.830673679979661,4162.297288128818,4159.650095091082,5,13,10621,23,icmp,ssl,SF,Benign,None
14.28377582500718,902.4734225222736,136.59013553133164,3,2,48996,8080,icmp,http,RSTO,Malicious,C&C
0.014887957999928814,1318.4713499449547,54.6783296940681,54,4,62400,80,udp,http,SF,Malicious,DDoS
0.0553287308353006,137.57193763232056,0.0,3,0,3179,2323,icmp,ssl,S0,Malicious,Mirai
0.08242225895665002,135.24469438807242,0.0,2,0,40829,8080,udp,-,S0,Malicious,Mirai
0.011823892751865588,1055.7057985755894,47.07894776124223,55,4,22180,23,tcp,http,RSTO,Malicious,DDoS
0.8249523359023447,3232.145803824951,1005.1110006898971,16,30,49671,53,udp,http,S0,Benign,None
0.04376409043753144,1314.654403054265,72.7901417281918,42,3,52681,2323,icmp,ssl,S0,Malicious,DDoS
2.881017793347771,300.77052106818843,190.68105700548458,2,5,44819,22,udp,http,SF,Malicious,C&C
1.1941412226115047,4732.516503275618,167.0018515241324,5,2,21149,443,udp,ssl,RSTR,Benign,None
2.473316057967007,318.29851296523714,300.88018766433845,8,3,57746,53,icmp,ssl,REJ,Malicious,C&C
1.756209373946862,64.904651536111,50.25138854894445,3,3,4845,2323,tcp,ssl,SF,Malicious,C&C
0.7440899607775656,1619.0496866073447,1479.2693114459062,7,11,46030,22,udp,-,RSTR,Benign,None
0.824750492008061,2024.6593344357402,6121.577965229339,28,12,8756,23,udp,ssl,SF,Benign,None
5.571812133750291,415.48648030157085,171.79822265032917,3,0,46699,53,icmp,-,RSTR,Malicious,PartOfAHorizontalPortScan
1.7424748484146542,42.76565901481919,315.75097987035247,2,3,20833,443,icmp,http,S0,Malicious,PartOfAHorizontalPortScan
12.038587864955597,383.5152206600276,420.85451014474154,6,1,49964,53,tcp,dhcp,RSTO,Malicious,PartOfAHorizontalPortScan
2.4326329049501267,37.15002753781174,151.3940320447091,2,3,39064,443,udp,dns,SF,Malicious,C&C
0.009605655834924915,155.93695735481316,0.0,4,0,56254,22,tcp,ssl,S0,Malicious,Mirai
8.923983882469098,76.2686493010094,108.93227976211978,6,2,64356,23,icmp,-,RSTO,Malicious,C&C
0.09585035921383211,1064.0874172526003,8188.841656533413,11,4,39922,22,tcp,ssh,RSTR,Benign,None
0.009014548871115613,1083.0468076994275,51.62124270540186,14,1,55022,80,icmp,http,SH,Malicious,DDoS
4.374256888825133,1613.6405312470642,167.81759687387913,2,3,50516,22,udp,dhcp,SF,Malicious,PartOfAHorizontalPortScan
0.018610247154648044,1278.1523526500846,43.28400900298492,91,0,49061,8080,udp,dhcp,REJ,Malicious,DDoS
4.792345281684413,29.236744065102858,63.961347972906935,8,3,11307,23,tcp,dhcp,REJ,Malicious,C&C
0.09634106649214294,140.59233185263506,0.0,4,0,40749,80,tcp,ssh,S0,Malicious,Mirai
0.009077233448571127,1291.7369320315936,63.310113628853905,34,0,63936,8080,udp,ssh,S0,Malicious,DDoS
2.7715287305498872,1009.6516403559559,2698.2821509316805,11,11,37236,22,tcp,http,REJ,Benign,None
0.5983093183905479,79.37092553054201,314.8490421831367,2,2,58320,2323,tcp,ssl,RSTR,Malicious,C&C
5.297604466984951,92.50084847056551,363.4892362775217,5,2,12030,2323,icmp,ssh,SH,Malicious,PartOfAHorizontalPortScan
0.0470290160313529,136.72954087008512,0.0,3,0,13036,2323,udp,dns,S0,Malicious,Mirai
3.538802956673305,472.2927372122686,644.618099466598,62,22,5826,53,tcp,-,RSTR,Benign,None
8.24894450354509,225.70868222586626,22.04056392991751,2,1,24455,22,udp,ssh,REJ,Malicious,C&C
0.8424262721746691,206.89804255440376,159.89529722316104,7,7,9156,443,icmp,http,RSTO,Benign,None
0.01423763264460497,1181.0448340740556,57.2332913591242,59,3,31905,53,udp,ssl,RSTO,Malicious,DDoS
0.7070787263418714,883.0900124951261,7753.890269955832,2,16,44865,2323,tcp,http,RSTO,Benign,None
20.87761948104319,343.6873316504884,44.34883502218498,2,1,7718,8080,udp,dns,SF,Malicious,C&C
0.31839830132838487,151.4388931703872,0.0,1,0,43618,80,tcp,http,S0,Malicious,Mirai
0.08118623448883401,158.53817807157006,0.0,2,0,52222,23,icmp,-,S0,Malicious,Mirai
4.993039085910574,208.4588063262554,167.3775578420733,3,0,41711,443,icmp,ssl,RSTR,Malicious,C&C
0.01644876637692629,1331.2137474319893,67.333128343651,35,3,43594,80,icmp,http,SF,Malicious,DDoS
2.7900598736386364,60.4613309738623,1129.8054218876584,2,1,9025,23,udp,-,REJ,Malicious,C&C
0.012755070780088319,1171.8004737555646,62.50920903885331,21,0,20563,23,tcp,-,S0,Malicious,DDoS
1.460027429906401,1914.8996329556744,466.9538131624671,3,5,56861,23,icmp,-,S0,Malicious,C&C
2.7849790155490073,89.90439079187237,190.80965045338843,3,4,3901,443,udp,dhcp,RSTR,Malicious,PartOfAHorizontalPortScan
3.8434081450630577,269.80737759481445,72.75899916654984,2,1,34480,23,tcp,dhcp,SF,Malicious,C&C
3.7733457678317435,1498.6527371380405,4754.74995742143,4,5,44631,443,tcp,ssh,RSTR,Benign,None
0.006752199188067766,1187.442965164736,34.547816925861454,86,0,9071,8080,tcp,http,RSTO,Malicious,DDoS
0.0049846348530034525,126.39850387377666,0.0,1,0,32330,23,udp,ssl,S0,Malicious,Mirai
0.2910118194060536,3276.889299245716,1034.2427732466774,10,19,13749,2323,tcp,-,REJ,Benign,None
0.8889322931702276,1057.683535761864,96501.23107677298,25,56,48349,2323,udp,-,SH,Benign,None
0.018145337277105444,1289.4691017533767,46.11008422070618,51,2,46880,8080,tcp,-,SF,Malicious,DDoS
0.005294682382876494,117.16492023397373,0.0,3,0,46684,22,tcp,dns,S0,Malicious,Mirai
0.02276885178358225,166.76559817474583,0.0,3,0,18250,443,tcp,dns,S0,Malicious,Mirai
0.22833481260840813,91.55069473020347,0.0,1,0,37362,443,icmp,dns,S0,Malicious,Mirai
2.6148601984259754,88.25418066438702,160.6058245337016,1,2,47981,23,udp,-,SH,Malicious,C&C
0.9148806809195105,543.2896492335867,39.55035699656056,3,2,35173,2323,icmp,ssl,REJ,Malicious,C&C
0.6685543983923806,142.12246484736625,8130.23841341571,3,22,28029,53,udp,ssl,RSTO,Benign,None
0.0032620534854849136,1161.4979131358543,50.65668879267224,70,3,54088,22,udp,ssh,REJ,Malicious,DDoS
6.705950272514895,327.25926123991877,3698.450597485938,43,6,15391,53,udp,http,RSTO,Benign,None
0.19501944497055398,5124.182307416687,9679.572955407952,30,15,13496,2323,tcp,ssl,SF,Benign,None
0.8060808299624762,285.3322427894861,35.52121437292725,5,2,64677,53,icmp,dns,S0,Malicious,C&C
1.8904178596900558,371.9377984188179,39.32303305616186,4,4,35992,8080,tcp,ssh,RSTR,Malicious,PartOfAHorizontalPortScan
2.4461097001083005,77.85860575872327,150.23216329113882,5,2,62632,22,icmp,dns,SH,Malicious,PartOfAHorizontalPortScan
0.0036614629771280173,1145.571717540137,38.45003300539482,54,3,11792,53,tcp,ssh,REJ,Malicious,DDoS
2.707946212776983,701.4043204133968,373.29989012492973,5,8,24759,23,tcp,http,SH,Benign,None
0.0020097868505335077,1282.8778605437956,42.09709227392174,79,3,26147,80,icmp,http,S0,Malicious,DDoS
0.04092065839470215,160.14702613234238,0.0,1,0,18760,53,udp,ssl,S0,Malicious,Mirai
5.568394330442979,324.6883693021942,39.85021865926699,5,4,1188,23,icmp,ssh,SH,Malicious,PartOfAHorizontalPortScan
0.027663285418128535,1280.1738330507276,73.49891856313836,17,0,49114,8080,tcp,-,RSTO,Malicious,DDoS
5.066936971667756,92.41783670555957,33.986367529796034,3,1,53263,22,udp,ssh,S0,Malicious,C&C
0.00024687642083617953,1190.6628291943737,47.91520050537691,61,0,4917,23,tcp,http,RSTO,Malicious,DDoS
1.0095944796698417,339.02912599334286,11872.183886175413,21,14,5933,2323,udp,ssl,S0,Benign,None
1.068563948822276,92.89727651472748,103.93675277160851,2,2,36143,80,tcp,ssh,S0,Malicious,C&C
3.071710240992373,1684.0666404302071,72271.67197013317,60,7,44190,53,icmp,dns,S0,Benign,None
0.07208441578045773,142.37302173410475,0.0,1,0,21129,443,tcp,dhcp,S0,Malicious,Mirai
3.7525113454964525,531.2205318517165,20663.899754398273,7,20,60140,443,icmp,dns,RSTO,Benign,None
0.5699220311424877,708.0349770714205,289.70639240463714,3,2,20229,2323,tcp,dhcp,RSTR,Malicious,C&C
2.445077695276464,33.492432125587285,363.18340862289415,5,1,49561,23,icmp,ssh,REJ,Malicious,PartOfAHorizontalPortScan
5.4539404025627425,1663.253924546327,576.985536964265,6,12,20369,2323,icmp,http,REJ,Benign,None
2.263355564428227,74.73165116163015,89.9143741229597,6,4,11977,2323,udp,ssh,S0,Malicious,C&C
0.5024860751603676,2901.341441218646,2580.97753237677,13,43,53500,443,tcp,dns,RSTO,Benign,None
2.1525010769598807,1044.0260186986827,10854.652908328755,35,7,16517,23,icmp,http,SF,Benign,None
1.5851729420616423,2287.3592758452332,599.9409005856428,26,8,28985,53,udp,ssh,RSTO,Benign,None
0.06921046525368676,172.16975705564946,0.0,2,0,20575,23,icmp,http,S0,Malicious,Mirai
0.0005283345633803613,1053.4178024996922,44.05807211861594,12,1,65448,23,udp,ssl,S0,Malicious,DDoS
0.017007409029584558,1061.3759618092097,47.741868674634915,35,0,27642,2323,tcp,dns,SH,Malicious,DDoS
3.2730654696818706,125.04859877684548,220.05684839522323,2,3,8220,80,tcp,ssl,REJ,Malicious,C&C
0.07087776210757445,146.34045782097306,0.0,3,0,1186,8080,udp,ssh,S0,Malicious,Mirai
0.02890661394700522,1239.0152969112671,59.0859545702386,11,4,58924,22,icmp,ssl,S0,Malicious,DDoS
4.8140364365056145,196.82314559426325,15306.348089201585,5,38,44684,8080,icmp,ssl,S0,Benign,None
0.08561228967256984,157.87130102065615,0.0,3,0,43996,22,tcp,http,S0,Malicious,Mirai
0.09758357030101672,154.51302712860226,0.0,3,0,54871,53,tcp,http,S0,Malicious,Mirai
0.19932445984776753,201.3389704637157,54257.946391080935,4,8,64829,53,tcp,-,SH,Benign,None
1.164995657562026,9304.316057702335,4562.836721963056,13,11,1423,22,tcp,dns,REJ,Benign,None
0.006528917395833591,1357.058677645471,55.58587863281107,88,2,63998,443,icmp,ssh,RSTO,Malicious,DDoS
0.003991225592852135,1154.47037586438,53.63576722670976,80,0,2332,2323,tcp,ssh,S0,Malicious,DDoS
0.029519545274582865,174.0296094502033,0.0,3,0,7784,8080,icmp,dns,S0,Malicious,Mirai
0.44954236157849714,476.7640674225964,5803.5881535544195,10,19,8123,8080,tcp,dhcp,REJ,Benign,None
0.036716519225497506,145.1403672513383,0.0,1,0,34837,53,icmp,http,S0,Malicious,Mirai
1.8599318002606042,141.15432135205438,1441.2987359203814,4,16,47598,2323,icmp,ssl,RSTR,Benign,None
6.26866828366268,2151.238296555941,150.84334569476465,2,11,46407,22,icmp,dhcp,SH,Benign,None
0.3795049338133216,156.87589795840964,0.0,1,0,54265,22,udp,dhcp,S0,Malicious,Mirai
2.5745502380621064,388.22017426025076,5090.688210385551,10,3,61438,80,tcp,dns,RSTO,Benign,None
9.075831887933694,127.46715927743048,298.1131286368163,3,3,38286,23,icmp,http,SH,Malicious,PartOfAHorizontalPortScan
1.505202702655228,4788.341028499695,5590.534938121596,5,8,12988,8080,tcp,ssl,SH,Benign,None
0.201745407148114,1268.361231715591,4075.94001454413,14,12,53766,8080,icmp,ssl,REJ,Benign,None
0.4123332572866477,2143.4385658961837,21494.55556950526,4,10,60083,23,udp,-,SF,Benign,None
6.846485293243221,265.61180421057134,107.93705106216082,2,4,44648,443,tcp,dns,REJ,Malicious,C&C
5.45184522619878,729.3136320504949,2923.272020499798,2,1,14054,23,icmp,dns,REJ,Malicious,PartOfAHorizontalPortScan
4.3345285487242355,87.81067859121224,32.91365443139703,7,3,18929,443,tcp,ssl,SF,Malicious,PartOfAHorizontalPortScan
0.011938231807290516,1158.261907285157,48.106254952315766,31,1,43019,2323,icmp,dns,RSTO,Malicious,DDoS
0.009442789986194881,151.0874988186566,0.0,1,0,26355,80,icmp,ssl,S0,Malicious,Mirai
7.226784126940478,77.03868899334985,395.9685739092015,4,3,9429,8080,udp,-,REJ,Malicious,PartOfAHorizontalPortScan
3.519927217962968,170.6234626145703,308.1130003441743,2,1,27707,53,tcp,dns,SF,Malicious,PartOfAHorizontalPortScan
0.34678782450013,152.02122507192198,0.0,3,0,27082,8080,icmp,ssl,S0,Malicious,Mirai
4.613553174884877,99.76029001899528,1201.832405610368,2,3,46690,443,tcp,ssl,SH,Benign,None
1.2869253904224578,136.65199605510668,306.9673001347299,4,3,2870,80,icmp,-,RSTR,Malicious,C&C
0.11023646873339502,161.59960901856633,0.0,2,0,17383,23,icmp,ssl,S0,Malicious,Mirai
0.006609003977389945,1297.2909600739117,54.809802402209044,27,2,29700,80,udp,http,SH,Malicious,DDoS
0.4906331957665324,212.90441867208398,19713.160609088158,3,3,32885,443,tcp,ssl,SH,Benign,None
1.0283995992044368,19718.36321482452,1723.548689099632,5,7,7979,2323,udp,ssh,SF,Benign,None
4.241513766073382,9793.558066526943,1561.5890560225614,4,290,58643,2323,icmp,ssl,SH,Benign,None
3.9164802261819704,51.840199710662986,105.80846952612124,3,4,18581,23,icmp,http,RSTR,Malicious,C&C
0.05799676578191794,127.14957548507431,0.0,2,0,11633,2323,tcp,ssh,S0,Malicious,Mirai
0.0012922852075631138,1359.978974681547,61.21880522988221,23,3,8980,80,tcp,dns,SF,Malicious,DDoS
2.487695852919741,3455.0286849473514,325.028741895779,15,57,64427,53,icmp,dhcp,RSTO,Benign,None
0.06273687142573725,52.41222103894907,136.51011104995322,2,1,15279,8080,udp,ssh,SH,Malicious,C&C
21.20195155210019,64.2490853869635,354.28592742134174,3,1,61367,22,tcp,ssh,REJ,Malicious,C&C
2.960678173792926,55.07820457996492,210.7869965031998,3,2,37047,8080,icmp,-,RSTR,Malicious,C&C
9.86088202886322,129.55539995847704,117.23988616727242,2,3,28198,23,icmp,ssh,SF,Malicious,PartOfAHorizontalPortScan
5.886289552495923,193.55222343609947,59.71654732111901,4,1,13241,23,udp,ssh,RSTR,Malicious,PartOfAHorizontalPortScan
0.0017093986347734421,1123.6885554393427,43.415151787919854,53,1,44700,23,icmp,dns,RSTR,Malicious,DDoS
6.430710941091191,452.0070697821165,138.3605194613903,2,1,22745,22,icmp,-,RSTR,Malicious,C&C
0.5932184107349263,179.73624384957222,10129.758300614476,6,36,55627,443,icmp,ssh,SH,Benign,None
0.20921886127877204,148.88725720508432,0.0,4,0,28081,443,tcp,dns,S0,Malicious,Mirai
1.0105138192430247,1193.700003595896,555.0954675925237,9,15,60188,23,icmp,http,RSTO,Benign,None
1.1047181702828897,412.7463099855647,472.8913628503447,3,2,17339,53,tcp,ssl,S0,Malicious,C&C
4.8715584040297575,75.34248246235063,84.13713202349894,4,3,58366,22,icmp,http,SF,Malicious,PartOfAHorizontalPortScan
8.021781403082006,185.4746460676254,613.2668147515866,7,8,3059,80,icmp,dns,SF,Malicious,PartOfAHorizontalPortScan
1.5626181293155965,741.0102268209932,21657.79124960968,3,17,56847,53,udp,dns,RSTO,Benign,None
4.709654188950244,196.7092488287175,138.43769353574504,3,3,31103,2323,tcp,dhcp,REJ,Malicious,PartOfAHorizontalPortScan
7.531832187806281,42.50145497162139,1336.6007658054855,3,0,58029,2323,icmp,dhcp,RSTO,Malicious,C&C
32.81250982044435,192.36265099067924,138.60936796495952,7,2,25020,8080,icmp,dns,RSTR,Malicious,C&C
0.003985101132926346,1164.1009426129378,43.08799878537825,30,0,6994,8080,icmp,ssl,REJ,Malicious,DDoS
0.7770332537668346,219.7438610889103,149.37311007746146,4,2,33351,23,icmp,ssh,RSTO,Malicious,PartOfAHorizontalPortScan
4.003361251765861,2876.8629401175313,531.1930150924916,23,10,65416,443,tcp,ssh,S0,Benign,None
4.269699159740693,257.8505473315803,45.38398561079266,3,3,20231,80,tcp,ssh,SH,Malicious,PartOfAHorizontalPortScan
5.854032162750654,216.05103132997715,64.93597981315325,2,3,18087,8080,tcp,-,S0,Malicious,PartOfAHorizontalPortScan
0.6091669831782978,252.40322820121034,753.3378273981082,5,2,57349,23,tcp,ssh,REJ,Malicious,PartOfAHorizontalPortScan
2.068861122444186,243.97531435191178,153.03894683981096,2,1,21421,22,tcp,ssl,SH,Malicious,PartOfAHorizontalPortScan
5.107367047910779,523.8550480519428,482.0968363899468,18,11,12121,2323,tcp,-,RSTR,Benign,None
5.734844910675223,559.6935123856954,8746.207523418037,6,10,55317,23,tcp,ssh,RSTO,Benign,None
0.03771494005980443,681.8281344076387,5227.600720325534,7,47,14449,22,udp,dns,RSTO,Benign,None
1.8323001404291528,879.8779254310549,63575.612010002864,9,50,44818,22,icmp,dns,SH,Benign,None
0.00964794665320307,1099.8357040150747,57.96297086022223,50,0,52825,443,tcp,ssl,RSTR,Malicious,DDoS
3.417840470949881,424.43312649204285,1828.5796126930757,10,8,58480,2323,tcp,dhcp,RSTR,Benign,None
2.0443428354248203,59.85308577907391,208.7204650440405,3,3,27585,443,udp,http,RSTO,Malicious,PartOfAHorizontalPortScan
0.042351440010088656,160.088944705671,0.0,3,0,52492,53,udp,dhcp,S0,Malicious,Mirai
0.005701183084826754,1221.9665091930738,50.03195771863878,73,4,60396,53,udp,dhcp,RSTO,Malicious,DDoS
0.01919558423878763,1165.796436294625,56.258374801941684,17,0,35891,80,icmp,ssl,RSTR,Malicious,DDoS
18.569445790624712,40.058097071748094,37.49332930689074,3,1,63684,22,tcp,dhcp,RSTR,Malicious,PartOfAHorizontalPortScan
6.285437282810269,162.77743033829546,63.69964082349465,2,2,61806,443,icmp,dns,REJ,Malicious,C&C
1.3396267083873474,2219.642693226068,12060.000104636449,2,12,14748,23,udp,-,RSTO,Benign,None
2.244753442505456,1311.8937831736687,3129.460036460966,4,28,29257,8080,tcp,dhcp,SH,Benign,None
0.028237026246039267,1153.8049644228188,58.033779807360226,68,4,37057,80,icmp,http,RSTR,Malicious,DDoS
0.197702243833509,169.8954597664636,0.0,2,0,9134,80,tcp,dhcp,S0,Malicious,Mirai
14.859409988587903,94.6103596561868,37.13218616619726,1,3,23112,8080,udp,-,RSTO,Malicious,PartOfAHorizontalPortScan
0.02609656465488694,1298.9683240182258,43.38766164464206,74,1,58707,2323,icmp,-,S0,Malicious,DDoS
0.003819146303981702,1100.2243584630073,50.58901303155061,21,2,36730,22,udp,dns,RSTO,Malicious,DDoS
1.2038012540402079,5969.668888796729,650.9108545167688,11,22,39685,8080,tcp,ssh,SF,Benign,None
0.022489704217676505,1117.1714077539712,51.30263979674857,49,4,62077,2323,icmp,ssh,RSTR,Malicious,DDoS
0.015207978507987552,140.4352528982272,0.0,3,0,50404,23,icmp,dns,S0,Malicious,Mirai
0.01627727007083175,1232.3027704556014,55.17365113163935,60,2,48084,80,tcp,dns,RSTO,Malicious,DDoS
2.09844325280754,301.92514900337704,18333.648433103375,3,19,61002,53,udp,ssl,S0,Benign,None
1.7318000565711902,312.3717364962809,73.52399893220426,4,3,61567,80,udp,ssl,S0,Malicious,C&C
0.006075080048222135,974.9903404392817,34.40925257291187,70,1,28577,22,tcp,http,RSTR,Malicious,DDoS
0.018199273506189505,156.58956156835126,0.0,2,0,6586,80,udp,ssh,S0,Malicious,Mirai
7.793395967833411,762.9064699489783,148.43661971758388,4,1,35192,23,icmp,http,RSTO,Malicious,C&C
0.3913166804216165,223.71400692986649,63.04441868937312,6,3,25361,8080,icmp,dns,SH,Malicious,PartOfAHorizontalPortScan
1.4789179232020053,4290.90850308014,1233.9954902164527,15,5,35965,8080,icmp,ssh,SF,Benign,None
0.26383253887199004,2531.302874954046,2246.016702366142,7,13,62683,80,icmp,dns,SH,Benign,None
4.851137342289057,161.77792620310785,420.7797244050295,2,2,41525,22,icmp,dns,RSTO,Malicious,C&C
0.08574392691580444,164.88008208463393,0.0,2,0,24238,23,udp,-,S0,Malicious,Mirai
1.9243880684606787,1263.8653079052876,10590.708540807804,7,71,7804,2323,udp,ssh,SF,Benign,None
0.037862292246023305,1046.0842741029014,61.877656213260856,93,1,47222,23,icmp,dns,SH,Malicious,DDoS
9.428297065679658,317.24268177645746,39.223753925160274,4,1,55705,22,icmp,dns,RSTR,Malicious,PartOfAHorizontalPortScan
3.6252188061304054,584.9474612022119,170.9111367122962,5,4,35165,80,udp,-,S0,Malicious,C&C
0.001999586043708277,1279.3257680367874,46.48821910478913,18,2,27304,23,udp,dns,S0,Malicious,DDoS
0.03581042164197525,125.72463705222944,0.0,4,0,33550,22,udp,dhcp,S0,Malicious,Mirai
0.10543893873815761,1118.1050235814446,6844.877762586748,1,6,35368,53,icmp,ssh,S0,Benign,None
1.1990766360350549,17.01816627574355,86.86594427795947,3,2,65244,23,tcp,dhcp,SF,Malicious,PartOfAHorizontalPortScan
24.602560311015743,20.96133283951141,95.36662372548656,4,3,58059,23,tcp,http,REJ,Malicious,PartOfAHorizontalPortScan
0.054159116653963134,1523.5895222214758,12400.113214990077,58,7,57670,8080,udp,ssl,RSTO,Benign,None
1.2504959907160842,117.31179371297434,3271.30708108229,28,6,39153,8080,tcp,ssl,RSTO,Benign,None
3.321203134439957,3831.230102307995,3411.062641802887,2,29,22904,22,icmp,http,SH,Benign,None
8.14280550283018,104.88226269285845,1695.6833599127563,4,2,39478,443,icmp,ssl,REJ,Malicious,PartOfAHorizontalPortScan
0.006331314299064146,1245.8324019845236,49.83185156195775,82,4,17291,443,icmp,-,S0,Malicious,DDoS
0.0007825029815710594,1301.2883674637026,47.33712471177969,61,1,61830,2323,tcp,ssh,RSTO,Malicious,DDoS
5.06049281951589,324.14695613948146,1244.474885445716,5,1,16048,443,tcp,dns,RSTR,Malicious,C&C
8.43424180945224,72.39629006784929,869.6084264691251,2,2,41560,22,udp,-,S0,Malicious,PartOfAHorizontalPortScan
8.67281186422608,290.4489124183206,131.38241309133437,2,5,62409,80,udp,ssh,SH,Malicious,C&C
0.019918573802607906,1278.982355144175,63.988872072138726,12,2,58117,80,icmp,-,SH,Malicious,DDoS
2.4000111870105627,2430.289556044218,667.501841322248,4,28,8718,22,udp,-,S0,Benign,None
0.15056961926120485,144.86826181328746,57.49097724237782,2,2,35841,443,tcp,ssh,SH,Malicious,PartOfAHorizontalPortScan
9.167536073001138,199.9199548188656,76.53451759487866,3,1,28227,8080,tcp,-,SH,Malicious,C&C
0.04192556067315863,188.48845708942346,0.0,4,0,9988,8080,tcp,http,S0,Malicious,Mirai
0.060129200765321175,2035.1698481561555,16070.452005367124,5,2,25861,22,icmp,ssh,S0,Benign,None
12.524560494292897,35.00495050348293,59.520842318814765,4,8,1434,443,icmp,dns,REJ,Malicious,C&C
11.682178515076,104.99304809519418,124.59202418759698,2,1,2203,22,udp,ssh,SF,Malicious,C&C
4.54672854899756,1025.2042089642534,4661.111953510148,4,28,13525,8080,tcp,http,RSTR,Benign,None
1.86434004286944,115.73809051585692,116.67156149787489,3,2,8007,2323,tcp,dns,SH,Malicious,PartOfAHorizontalPortScan
1.7024459005190855,58.368395892503564,279.46425157464404,4,0,2626,80,udp,-,SF,Malicious,C&C
0.7955300031952625,12336.717901391256,6829.718668921691,20,4,16138,2323,udp,dns,RSTR,Benign,None
1.4793069185467678,1169.2067171739889,729.8278296756058,23,16,57227,22,icmp,dns,REJ,Benign,None
2.454219121745844,229.35826725279625,540.0978183803395,3,4,38113,53,icmp,dns,RSTO,Benign,None
15.36070735574019,109.79953043538235,69.72678404996934,2,3,11267,23,udp,ssl,REJ,Malicious,C&C
0.026993140769372783,1155.5800051352035,40.82586973731654,59,0,34151,22,udp,-,RSTO,Malicious,DDoS
2.940446021424785,2576.6016614833516,474.63160069142697,30,15,24457,8080,udp,ssl,REJ,Benign,None
5.001323891476895,462.0651590537074,167.46933464244785,4,1,1358,8080,icmp,ssh,RSTO,Malicious,C&C
5.248724151315264,1280.7389879199545,50.97322064276157,4,1,34847,53,icmp,ssl,RSTO,Malicious,C&C
0.13708772668789862,166.60849225061133,32.58419157127145,3,3,31725,53,icmp,ssh,RSTR,Malicious,C&C
0.032364245695166154,134.43467002116935,0.0,3,0,22694,2323,udp,http,S0,Malicious,Mirai
6.99737213217754,157.7810179067359,268.3943172219891,2,1,8258,8080,icmp,-,REJ,Malicious,PartOfAHorizontalPortScan
2.8850047484604384,5795.474417744767,8042.931082430229,8,5,10618,443,icmp,-,SF,Benign,None
0.1871830943731876,157.91130715155592,0.0,1,0,3986,443,icmp,ssh,S0,Malicious,Mirai
0.010118941196264131,1182.8253745391544,29.352518773306286,81,1,28079,23,icmp,dns,RSTO,Malicious,DDoS
0.0023750400155666106,1154.9808807057932,45.993310461719595,99,1,64029,23,tcp,dns,SF,Malicious,DDoS
0.10065408016587643,124.50953485555205,0.0,4,0,62624,2323,icmp,dns,S0,Malicious,Mirai
0.1041340643626007,127.50011688583308,0.0,1,0,51429,80,icmp,-,S0,Malicious,Mirai
0.007075528252655858,973.2585779640324,40.02300529586141,66,3,1558,23,udp,dns,S0,Malicious,DDoS
1.8463874808666487,3769.3889476748755,3324.165998703065,12,4,64464,53,icmp,-,SF,Benign,None
10.298134804991557,350.2554262280013,335.54242480616335,4,1,26437,443,tcp,http,RSTR,Malicious,PartOfAHorizontalPortScan
2.3797479604044405,752.3325771198806,247.163330984842,2,1,36092,8080,icmp,dhcp,REJ,Malicious,PartOfAHorizontalPortScan
4.16260787761472,605.4665067480963,14882.528623814993,17,10,41292,2323,udp,ssh,SH,Benign,None
2.6710043035986786,479.8155977405563,2923.768383131785,5,6,39536,443,tcp,dhcp,S0,Benign,None
7.859131577835249,314.39844187017303,992.8075068024557,2,3,14798,22,tcp,http,RSTO,Malicious,C&C
0.08099693613300371,338.1099768343261,167.92358789468568,2,1,54660,23,udp,dns,SF,Malicious,C&C
0.042916131130815424,162.74631250053923,0.0,4,0,11873,23,icmp,dns,S0,Malicious,Mirai
0.014087181738403511,1166.5609235840404,51.972830875956255,36,2,29713,2323,icmp,dhcp,REJ,Malicious,DDoS
8.813077012886854,81.02442934124318,75.83783994873248,3,1,9387,443,tcp,http,SH,Malicious,C&C
0.46022504181350454,994.5326326827493,2448.5245969313646,7,4,46975,2323,tcp,dhcp,RSTR,Benign,None
0.8524093206372008,1766.9454566695267,47974.36652961136,6,14,37039,443,tcp,http,S0,Benign,None
0.1355155447104929,847.0332372669815,2695.5611833774374,66,30,3142,443,tcp,dhcp,RSTO,Benign,None
0.019594511262565655,2273.9889737706044,4974.1876096578935,12,17,62887,8080,icmp,dhcp,SF,Benign,None
0.0058497476203784385,1169.4732873038436,46.09079959452965,51,3,24078,8080,udp,dns,RSTO,Malicious,DDoS
1.8475283195328052,537.6423340035897,8822.475585314613,31,5,64876,8080,tcp,dhcp,REJ,Benign,None
0.262309267297314,72.73547336949262,7740.38093540662,5,35,41523,53,tcp,dhcp,SH,Benign,None
7.674866240736176,181.10344984237298,82.40619650293112,3,3,8887,23,icmp,ssl,S0,Malicious,C&C
11.170844808506677,554.9818920730986,165.3315610305863,3,5,37015,22,icmp,dhcp,SF,Malicious,PartOfAHorizontalPortScan
0.28902530718421343,140.616371267068,0.0,4,0,46382,2323,udp,dhcp,S0,Malicious,Mirai
0.04701933440941629,119.73128700392728,0.0,3,0,5342,80,udp,ssl,S0,Malicious,Mirai
0.011430718426447935,1148.8826034195442,48.93700231761129,79,1,40996,443,udp,dhcp,SH,Malicious,DDoS
0.7509124930716086,714.5930586657959,823.5795578839482,7,19,53797,23,udp,http,RSTO,Benign,None
1.7095711992870162,24.150893412100103,179.93154538530047,3,1,53596,22,icmp,dns,SF,Malicious,PartOfAHorizontalPortScan
2.6880173480295206,3406.8131729172496,1698.9371243632538,10,9,20948,53,udp,-,RSTO,Benign,None
0.8123519508386379,134.9483315303868,0.0,3,0,62942,8080,tcp,dns,S0,Malicious,Mirai
2.889904084087394,194.20567712605342,226.43668524904186,2,2,25961,443,icmp,-,RSTR,Malicious,C&C
2.585799248004955,255.88840288111254,71.34299829285867,4,3,46644,22,icmp,dns,REJ,Malicious,PartOfAHorizontalPortScan
0.6540858783572381,219.8874614391204,92.38147296640379,3,3,29969,2323,icmp,ssh,S0,Malicious,C&C
0.2976630177074854,434.9939800408277,65.69657600772663,2,1,21299,80,udp,dns,RSTR,Malicious,PartOfAHorizontalPortScan
1.8139389781014812,103.80660891700656,101.71617886600988,5,1,52507,23,icmp,http,RSTR,Malicious,PartOfAHorizontalPortScan
0.7013331590795248,105.65738469661922,52.95152047288627,7,3,62698,443,tcp,http,RSTO,Malicious,PartOfAHorizontalPortScan
3.403573727217047,613.3630706868779,289.82400871104807,3,1,7820,80,tcp,http,SF,Malicious,PartOfAHorizontalPortScan
0.8243000907273597,1141.0353791842422,6403.9062723057805,7,10,16546,443,icmp,dns,RSTO,Benign,None
0.006781088963757129,1256.7650086891617,56.280133899160035,46,1,42270,53,tcp,ssh,RSTO,Malicious,DDoS
0.6991191424893022,138.04102951047085,1733.5913290427418,4,1,37955,2323,icmp,ssl,RSTO,Malicious,C&C
3.5826147347224535,167.22018021748264,290.27894745066,4,3,42252,22,icmp,http,REJ,Malicious,C&C
15.14593159783466,36.56171655331546,62.17936293256634,2,3,20952,443,icmp,dns,SH,Malicious,PartOfAHorizontalPortScan
0.005793785582946019,1263.2168648719887,49.47199845685304,11,3,43292,8080,icmp,-,S0,Malicious,DDoS
6.602959850127268,423.107423655534,888.1239987933325,10,1,4805,2323,icmp,dns,SH,Malicious,C&C
3.9919135615066352,49.37087399906069,411.90880032662284,3,3,18256,2323,udp,-,RSTR,Malicious,C&C
0.4034944735292557,134.13374674826514,0.0,3,0,49889,80,udp,http,S0,Malicious,Mirai
0.0019929384747453113,1197.3843663410637,52.96540254369458,61,1,21418,2323,udp,dhcp,SF,Malicious,DDoS
0.016767829727543593,1135.1044745854801,63.65917524337341,31,0,52545,22,udp,ssl,RSTO,Malicious,DDoS
15.852981325028088,66.06263606851306,270.84537153078634,3,2,53947,443,tcp,dhcp,RSTR,Malicious,C&C
0.05981035332999319,1212.647249084043,34.300772456254776,53,2,27063,8080,icmp,dhcp,SF,Malicious,DDoS
0.0006572506438954752,1306.6135298585605,37.144228788574225,26,4,62359,8080,icmp,ssl,SF,Malicious,DDoS
1.2072224677536427,2288.8296137489438,1484.974487817124,12,5,2718,22,tcp,http,S0,Benign,None
0.597389076185599,1128.4756495440108,4241.732026964982,12,15,10330,23,tcp,dhcp,RSTO,Benign,None
0.009400286452724282,1257.3848166254936,61.590245036343,84,0,15626,2323,tcp,ssh,S0,Malicious,DDoS
2.2500630690132493,24.450802349322462,391.5258027108277,2,7,16756,80,tcp,-,SH,Malicious,PartOfAHorizontalPortScan
0.016401887164772814,1198.9719555351016,67.36478878135757,35,3,49488,443,icmp,dhcp,RSTR,Malicious,DDoS
0.910646866459991,869.2385581783677,7188.454920144087,5,24,39378,80,udp,dhcp,SF,Benign,None
0.18605893888807234,118.30421618589853,0.0,2,0,16106,80,udp,dhcp,S0,Malicious,Mirai
0.07846969334883996,167.18742591467964,0.0,1,0,25140,23,udp,http,S0,Malicious,Mirai
8.857428888102389,698.5718244711751,99.85124159322663,2,3,44091,23,icmp,-,SH,Malicious,C&C
1.354555212373023,290.8849698815976,59.670657110560946,3,3,17053,443,icmp,-,S0,Malicious,PartOfAHorizontalPortScan
1.0439053953439252,202.36415166905985,120.14404748650891,3,2,23560,22,icmp,http,SH,Malicious,PartOfAHorizontalPortScan
1.809766370953708,35.97724074247432,37.57560087647132,3,2,56188,2323,tcp,dns,REJ,Malicious,C&C
3.86896576205179,933.162429580917,242.81395087734597,2,4,11775,80,icmp,dns,REJ,Malicious,C&C
0.012134427204684163,1139.1578322335095,46.404439779442534,76,0,21303,53,udp,dns,S0,Malicious,DDoS
1.0798147434030239,930.5893677421994,436.4221524846034,7,3,27793,53,tcp,ssl,RSTO,Malicious,C&C
1.6123018351508225,135.89918897388674,64.57384096165323,2,2,53265,80,icmp,-,SH,Malicious,C&C
0.0006669009108620372,1234.3203503775014,48.52352300211776,45,0,56618,8080,tcp,http,RSTR,Malicious,DDoS
12.678837738724072,37.85765782223971,68.4574935329405,6,1,42714,8080,udp,-,S0,Malicious,PartOfAHorizontalPortScan
1.3810993296446104,35.60956676585092,68.06035381869249,3,2,23324,80,udp,ssh,SF,Malicious,PartOfAHorizontalPortScan
4.70716068930219,17.240720932273277,67.50181729855547,3,1,21718,8080,tcp,ssl,RSTR,Malicious,PartOfAHorizontalPortScan
3.0209503339864154,228.96014158569375,85.12270089210406,3,2,45707,8080,udp,ssh,REJ,Malicious,C&C
0.010775649710232585,1169.5629622355866,36.380629393513146,22,4,41606,23,tcp,http,RSTO,Malicious,DDoS
9.363003969960719,100.62214156090896,130.09319744052704,3,3,11618,23,icmp,dns,RSTO,Malicious,C&C
7.291415788637713,29.429484427455453,95.18556197984486,4,1,44357,53,tcp,ssl,SF,Malicious,C&C
2.74038077056902,237.48262221882783,84.60614369330138,3,3,1149,8080,udp,http,SF,Malicious,C&C
0.14978756857106493,149.29734150795082,0.0,3,0,55215,443,icmp,dns,S0,Malicious,Mirai
0.2852884319155887,150.50827940735547,0.0,2,0,1875,80,tcp,dns,S0,Malicious,Mirai
0.0018780058035850447,1187.8840205103563,49.88159800699972,23,1,30807,80,icmp,dhcp,SH,Malicious,DDoS
0.013157220854978975,1124.974714202553,59.31598809791506,30,2,62016,2323,icmp,-,S0,Malicious,DDoS
9.408643298567661,571.0754729464879,97.67160549851761,2,1,39536,53,icmp,dhcp,S0,Malicious,PartOfAHorizontalPortScan
0.0052218462397357135,1236.711166181441,43.329685547151136,49,1,26872,22,tcp,http,RSTO,Malicious,DDoS
0.0796239561376484,137.10307020361097,0.0,2,0,11846,8080,icmp,ssl,S0,Malicious,Mirai
0.09386711576243995,173.4295845755811,0.0,2,0,31976,53,udp,ssh,S0,Malicious,Mirai
0.7505906774304103,2034.542547238744,2148.5779802094457,4,22,19152,23,tcp,ssh,RSTR,Benign,None
0.2674391469124603,140.1422471264543,0.0,2,0,47830,23,tcp,dns,S0,Malicious,Mirai
1.2480318937190416,2188.5966419703964,9013.023500882273,4,39,52628,443,icmp,dns,S0,Benign,None
0.6419138847114015,173.34024017890073,127.88733650073354,2,3,17937,80,udp,http,SH,Malicious,PartOfAHorizontalPortScan
0.09600070788180272,6188.210407875158,4377.547753307335,1,8,39821,2323,tcp,dhcp,SF,Benign,None
2.3853136540232502,10421.98892583755,3673.520228204789,10,39,17187,443,tcp,ssh,SH,Benign,None
0.21177475330383955,143.60452056007736,0.0,2,0,58529,23,tcp,ssl,S0,Malicious,Mirai
1.6027351066459485,1035.113135244785,1511.374968346489,15,6,4960,443,icmp,ssh,REJ,Benign,None
2.348960053870242,688.2739367808872,17905.205790866035,34,25,52810,80,icmp,dhcp,SF,Benign,None
2.1140090943284,129.40454732613364,88.38907962383452,5,6,43323,2323,icmp,http,RSTO,Malicious,PartOfAHorizontalPortScan
2.069673541348524,351.76206161377723,306.92127410709224,4,3,41120,2323,tcp,-,RSTR,Malicious,C&C
1.8138499880845265,1566.9516510534097,3677.532657223286,29,9,15190,8080,icmp,http,RSTR,Benign,None
0.310637916251846,1659.5006609155646,1409.2366168350352,8,15,40106,8080,udp,dns,RSTR,Benign,None
0.4486635159266013,529.8414023764491,3738.026756248889,20,5,11242,53,icmp,ssh,REJ,Benign,None
0.05492087028657349,155.85295382947984,0.0,3,0,36925,80,icmp,-,S0,Malicious,Mirai
0.09411044915041752,169.88024368581657,0.0,2,0,35766,443,udp,-,S0,Malicious,Mirai
0.04319203120890355,121.14215886913132,0.0,3,0,44855,22,icmp,dhcp,S0,Malicious,Mirai
0.9700613373620934,403.64644438524624,3611.6871755493435,40,16,21924,443,icmp,http,RSTO,Benign,None
1.159385910652873,1306.7471745992075,7115.854038879506,21,16,31936,53,tcp,ssh,SF,Benign,None
0.18052649191424822,470.0157264306763,1056.8532766456945,2,1,57465,22,udp,dns,REJ,Malicious,PartOfAHorizontalPortScan
0.001456127969313464,1228.9088908240913,41.970970574036365,32,1,49499,22,tcp,dhcp,SH,Malicious,DDoS
4.679033480742013,86.23548505403288,150.2878705499037,3,2,10524,2323,icmp,ssh,SH,Malicious,C&C
0.015460391968581289,1086.999336691757,49.01236140108217,19,4,17759,8080,tcp,ssh,RSTR,Malicious,DDoS
0.5677611018748299,294.93407719207175,8160.985612960883,20,21,38811,22,tcp,dns,S0,Benign,None
16.40321174971295,175.8750879754126,45.11676689726754,4,3,32032,443,tcp,dhcp,RSTO,Malicious,C&C
2.845922523942377,2417.8467758956544,708.8642310719925,13,18,23628,80,udp,ssh,SH,Benign,None
2.5485734928604726,1566.4546388191297,549.3036814183517,2,10,31993,8080,tcp,dns,RSTR,Benign,None
2.7811456710045808,225.5977897120624,499.23207378082753,2,1,44727,80,udp,ssl,REJ,Malicious,C&C
4.298030931702452,91.7751286786903,65.84047237191086,3,4,29799,53,icmp,http,RSTR,Malicious,C&C
13.70504486179432,445.7580138929387,333.2293192549018,2,1,47765,23,udp,dhcp,REJ,Malicious,C&C
0.1122699139524614,779.106128452233,347.73314711390856,52,13,35300,443,udp,dns,SH,Benign,None
1.6352453699353466,3069.4577098987443,1308.7065945096808,2,19,21373,443,tcp,http,RSTO,Benign,None
4.046646159200203,420.1162183435146,948.2794769848302,13,25,24577,23,udp,dhcp,RSTR,Benign,None
1.9732049829765166,102.27714496326682,95.35207274619458,4,0,4531,23,udp,dhcp,SF,Malicious,C&C
0.7910580996602652,165.17307684037996,66.5224167454626,2,4,21510,2323,udp,dhcp,REJ,Malicious,PartOfAHorizontalPortScan
0.1640839830573685,144.64869802501275,0.0,4,0,55262,53,tcp,dhcp,S0,Malicious,Mirai
1.562973219706386,6036.246626834768,740.2685864590848,3,16,46692,53,udp,ssl,SF,Benign,None
0.03371782763286582,137.60894921444674,0.0,3,0,7259,8080,udp,ssh,S0,Malicious,Mirai
0.03624507478727345,164.93306098342376,0.0,1,0,39680,2323,tcp,dns,S0,Malicious,Mirai
7.349678483331372,23.43700235413571,73.03813591482745,3,8,26300,80,icmp,ssl,RSTR,Malicious,PartOfAHorizontalPortScan
0.4263174050356114,901.8222628284556,101.52247711128473,5,2,7986,22,tcp,ssl,RSTR,Malicious,C&C
0.4525422186766317,405.453702919406,713.7634985103356,22,4,8253,2323,tcp,-,RSTR,Benign,None
0.6179716801999973,1980.9520608086357,6445.093050602061,25,15,10958,2323,tcp,ssh,SF,Benign,None
4.141423451413088,402.9375682299618,786.9638633019434,9,46,17874,22,udp,dhcp,RSTO,Benign,None
0.941435815583176,772.8814682591435,5176.94930052164,3,19,61287,443,icmp,ssh,RSTR,Benign,None
0.27603480743381825,544.1322699315474,701.8123886943633,24,8,43892,23,icmp,dhcp,RSTR,Benign,None
0.043674630061551915,177.61736766701412,0.0,3,0,37477,2323,tcp,http,S0,Malicious,Mirai
0.01426906453264855,1209.4053184307916,59.92137397193839,91,0,5507,80,tcp,http,SH,Malicious,DDoS
1.486868287072617,833.3481289106342,7115.230936188086,4,12,1380,80,icmp,dhcp,REJ,Benign,None
0.02020669173272624,1197.0019845712525,54.710316082883956,34,4,39218,443,icmp,-,SH,Malicious,DDoS
2.715433794722797,67.66281527182701,420.6784147197511,2,1,43783,2323,icmp,ssh,S0,Malicious,PartOfAHorizontalPortScan
0.05807791331607862,3118.002706309325,9705.892115452853,4,15,21322,23,icmp,-,RSTR,Benign,None
0.5724114792139439,68.58168483023992,1066.3393246815208,3,3,53170,53,icmp,dns,REJ,Malicious,C&C
11.48484610874042,211.60386149178308,228.5102184566843,3,2,54322,23,icmp,dhcp,RSTR,Malicious,C&C
4.734489326119984,133.96831832095594,250.6486217956284,3,2,22890,8080,tcp,-,RSTO,Malicious,C&C
0.018639876926316818,149.94249669362316,0.0,4,0,64478,53,tcp,-,S0,Malicious,Mirai
0.01334579656281999,1260.2422832422078,47.383481158121995,84,4,41278,2323,tcp,http,REJ,Malicious,DDoS
0.16510352328165318,386.6216647645367,9825.417774252071,13,13,13743,22,icmp,ssl,REJ,Benign,None
0.1555993297473802,143.9275419344189,0.0,1,0,58401,443,tcp,dns,S0,Malicious,Mirai
0.00460852220115541,1174.7866284534393,32.821162280594876,35,1,57058,443,tcp,-,SF,Malicious,DDoS
7.968195796061845,1773.4731931187143,14414.877117478278,4,6,49968,23,tcp,dns,SH,Benign,None
1.7456133504314981,46.274106300271086,83.50785543711355,3,2,11751,2323,udp,ssl,SF,Malicious,PartOfAHorizontalPortScan
9.019659576764553,123.35427522072058,54.554465159537244,2,5,13746,22,icmp,-,SH,Malicious,PartOfAHorizontalPortScan
0.0007352267407514224,1103.2566295580427,34.21852918067957,80,1,29006,443,icmp,dhcp,REJ,Malicious,DDoS
1.0618598955452359,167.95943479032607,535.7174076460084,4,4,38180,443,icmp,http,RSTO,Malicious,C&C
18.502230502249816,514.3338615417824,117.56373156636484,3,1,6337,80,icmp,ssl,S0,Malicious,PartOfAHorizontalPortScan
0.02519412218324765,1403.1612375135273,52.34811951855871,14,3,55780,80,udp,dns,REJ,Malicious,DDoS
0.02111513520675756,140.2131109587121,0.0,4,0,12904,53,icmp,-,S0,Malicious,Mirai
6.753898323739654,194.77159530414997,190.7971433619754,3,5,26831,53,udp,ssh,REJ,Malicious,C&C
0.3326202578157704,4109.70987368512,382.1073641243723,10,16,40931,80,udp,-,SF,Benign,None
2.152922511842495,44.3961282468941,393.65388874791046,4,4,27084,443,icmp,dns,REJ,Malicious,C&C
0.9126243216558559,82.22930103965196,216.86740395447495,4,2,38788,53,icmp,ssl,S0,Malicious,C&C
3.0633580698262226,181.18262418847291,60.572503216506426,7,4,20062,22,icmp,http,S0,Malicious,PartOfAHorizontalPortScan
0.0795799907740142,146.96932203702778,45808.455253315784,10,3,30307,22,udp,ssl,REJ,Benign,None
7.226367936113055,493.59108163154724,50.404539258763855,2,2,29511,8080,icmp,dns,S0,Malicious,C&C
2.2695046752325823,877.2157118839319,106.36342622581103,4,4,54068,443,tcp,dns,RSTR,Malicious,PartOfAHorizontalPortScan
0.0876935066635257,135.10510467896856,0.0,4,0,17406,2323,icmp,ssh,S0,Malicious,Mirai
0.1769576626552702,205.78188796726982,75.91168692898425,6,1,1232,53,tcp,ssl,RSTO,Malicious,PartOfAHorizontalPortScan
3.142339477951942,2217.1659207387374,13456.492959573934,8,9,63697,8080,udp,dns,SH,Benign,None
2.7961818044064803,167.73476701617983,6038.352981987734,30,30,60136,2323,tcp,dhcp,SF,Benign,None
1.5911200594588693,866.3574907004803,2562.7140427564736,9,3,53155,23,udp,ssh,RSTO,Benign,None
1.5066214929123314,5269.404514264171,525.0045307871953,21,4,9792,2323,tcp,http,REJ,Benign,None
2.5426404009216563,777.9521329810484,2031.4180106016618,7,6,42063,8080,icmp,dhcp,SF,Benign,None
0.000885046942052958,1108.6900096354784,48.57978382037141,40,4,37420,443,tcp,ssh,REJ,Malicious,DDoS
0.015013044960136787,1224.4426338196108,62.57120873591529,28,3,43444,8080,udp,dns,REJ,Malicious,DDoS
1.4627248151516183,619.1695607070935,27.264676655846582,2,2,21848,2323,udp,dhcp,SF,Malicious,PartOfAHorizontalPortScan
0.294818469405111,143.5704501787018,0.0,2,0,60212,22,icmp,-,S0,Malicious,Mirai
3.172935206264398,2048.205373006268,2283.546384207013,4,49,28442,2323,tcp,dhcp,S0,Benign,None
5.949574454841035,1418.8117342768762,1411.6934655152374,5,7,65022,8080,udp,dhcp,RSTR,Benign,None
2.0412871820852567,1028.904825780976,23881.31121545245,12,5,12092,23,tcp,ssh,SH,Benign,None
0.7326319116604384,400.5168301278738,932.9056528400117,2,1,52429,2323,udp,ssl,S0,Malicious,PartOfAHorizontalPortScan
1.1579956491914867,587.4968205234017,68.42524506582242,44,3,53812,8080,tcp,ssl,SF,Benign,None
1.4326472446378407,4294.35918928311,83817.21908415885,9,10,40336,443,udp,ssl,REJ,Benign,None
0.010326056207016288,143.4165807896436,0.0,4,0,63404,2323,icmp,ssl,S0,Malicious,Mirai
3.5845043798126235,1026.839029111642,1006.2994251128339,5,6,49035,2323,tcp,ssl,RSTO,Benign,None
0.019440242744693092,1263.0105235484962,37.89992832167702,85,4,17532,22,icmp,ssl,RSTR,Malicious,DDoS
5.785387126035493,880.2689582407195,519.9718506930907,3,5,28013,53,udp,ssh,SH,Malicious,PartOfAHorizontalPortScan
3.579200358728585,658.4216267481369,81981.4636261174,5,11,30163,443,udp,-,RSTR,Benign,None
0.01824200662310611,1188.401770105235,35.938457048840554,74,1,56329,22,udp,dns,RSTR,Malicious,DDoS
0.012663920373328912,1177.6279767275714,59.59992171418544,82,0,59358,53,udp,http,S0,Malicious,DDoS
0.9629040705424694,3336.082184692293,239.23807958591064,4,7,37609,2323,udp,dhcp,REJ,Benign,None
0.018946686107534985,2888.5125094643004,5940.480719217095,8,8,41564,22,tcp,dhcp,REJ,Benign,None
9.749015086191928,60.85777856957796,131.33225345523664,6,4,26006,23,tcp,ssl,SH,Malicious,PartOfAHorizontalPortScan
7.227731540207775,199.60181003931447,105.05161217000914,5,2,9388,53,tcp,-,RSTO,Malicious,C&C
1.0095262477890994,35.95190666726424,244.03752101604454,3,2,12258,8080,icmp,ssh,SH,Malicious,C&C
0.293558925980473,757.8054196018722,12708.096828961241,8,52,59632,2323,icmp,-,REJ,Benign,None
0.010593623407091446,1104.0110810477722,33.71771967262344,30,4,21339,8080,udp,ssh,RSTO,Malicious,DDoS
0.06402240898326285,151.63758276386653,0.0,2,0,2426,23,udp,dns,S0,Malicious,Mirai
5.240286065665897,100.6140927132699,141.201871852591,3,2,1638,8080,tcp,-,RSTO,Malicious,PartOfAHorizontalPortScan
0.004244494267840997,1160.2872336809485,50.36598647614098,75,3,5682,80,udp,dhcp,SH,Malicious,DDoS
2.2498860155391536,26.668074798178008,168.62203332155906,2,4,2683,53,icmp,ssh,S0,Malicious,PartOfAHorizontalPortScan
2.3245162089308398,2712.4500288893983,27652.75982046499,5,5,49323,2323,udp,ssh,SF,Benign,None
0.6422287470152526,510.19930111681646,11070.105755204893,10,26,1081,2323,icmp,ssh,SH,Benign,None
0.3242590106795846,28.229617250030568,422.6128338269973,2,2,41960,23,icmp,ssh,REJ,Malicious,C&C
5.618896560249372,98.8874766853797,2657.6823020511065,27,14,32804,23,udp,ssh,S0,Benign,None
0.00945047464289302,1437.8081944407318,50.603422683341684,82,1,6706,2323,tcp,http,SH,Malicious,DDoS
0.1462922700408132,142.181120114215,537.5908113141104,4,1,31067,443,tcp,dns,SH,Malicious,PartOfAHorizontalPortScan
1.3699117034852173,76.53045298615207,509.16069376638086,3,2,18327,80,udp,dhcp,RSTR,Malicious,PartOfAHorizontalPortScan
0.8672772247809707,91.25508258559987,332.21304171445655,3,1,45588,53,icmp,-,RSTR,Malicious,C&C
0.007871076027588443,1177.8440992031246,48.293002339399216,65,2,34881,8080,tcp,dns,RSTR,Malicious,DDoS
0.09979908630227136,162.94802373800712,0.0,4,0,12142,443,tcp,dhcp,S0,Malicious,Mirai
0.41798467461512506,1609.6549532160964,1659.3238020358874,23,15,23768,23,udp,dns,SH,Benign,None
0.5904700459032937,242.66393825011127,12765.563593773846,12,33,26598,8080,udp,http,RSTO,Benign,None
0.29068405190034696,589.1648892870012,1554.3748709721397,4,6,16770,2323,udp,-,S0,Benign,None
2.9341211632123456,1115.0822503625884,1713.3820046669073,3,13,15858,2323,tcp,dns,RSTO,Benign,None
8.158589519212411,124.16191339433757,157.76115264439665,2,3,27023,22,udp,ssl,REJ,Malicious,PartOfAHorizontalPortScan
0.01211960747770123,149.11997411462616,0.0,3,0,4114,2323,icmp,ssh,S0,Malicious,Mirai
2.1509599150693384,2950.4805542314616,2280.6965214657625,12,4,28163,80,icmp,ssh,RSTR,Benign,None
0.00321048681919132,1343.4393204349944,63.875167176547336,73,3,11023,80,icmp,dns,S0,Malicious,DDoS
2.7302691256251,116.22987851521852,369.96314699404144,2,3,47096,23,icmp,dhcp,S0,Malicious,PartOfAHorizontalPortScan
5.457540246294963,72.26802390276491,82.19881234069457,5,1,29656,23,udp,dhcp,SF,Malicious,C&C
0.7790007510914958,52.00102519875416,36.30878074779188,2,1,34412,8080,tcp,dhcp,REJ,Malicious,C&C
1.8187130765934763,739.814473461123,1634.0239516090596,6,7,12421,8080,udp,ssh,SH,Benign,None
8.145480456472944,203.84526728975422,371.76432224760873,2,3,29610,8080,tcp,ssh,REJ,Malicious,C&C
1.3647885674890676,86.03455735717746,102.29413863291701,5,8,31722,80,tcp,dhcp,RSTR,Malicious,C&C
0.10089012219759867,656.6820094641297,41996.059640435684,7,2,21606,443,icmp,ssh,SF,Benign,None
0.06058294777915484,157.55638145280932,0.0,4,0,58845,53,icmp,ssh,S0,Malicious,Mirai
0.006522103766356288,1122.2923439958918,50.66052699464746,69,4,49488,443,tcp,-,RSTR,Malicious,DDoS
0.5525241590701834,105.84208283724773,78.32183238191428,2,2,53611,22,icmp,ssl,REJ,Malicious,PartOfAHorizontalPortScan
0.42387016006447475,177.75837666385374,0.0,2,0,30915,443,tcp,-,S0,Malicious,Mirai
0.6347576515080253,1686.4182731314722,2295.7555743365556,14,5,4179,443,tcp,-,S0,Benign,None
8.811884042183909,448.1520062081875,106.11399487589722,3,1,47529,443,udp,ssh,RSTR,Malicious,PartOfAHorizontalPortScan
8.49567766384397,112.94159311416544,38.716648122371005,3,3,4031,80,udp,ssh,SF,Malicious,PartOfAHorizontalPortScan
0.6900094511662926,2419.8218218273714,8341.048090764732,18,32,33273,443,udp,dns,SH,Benign,None
4.546857287358952,996.8981018310388,1060355.6052068854,2,19,27102,22,udp,ssl,RSTR,Benign,None
0.2876792788578381,794.580126871322,186.58556776815436,7,20,35332,2323,udp,dns,SH,Benign,None
0.0170659220367478,1295.9603668417074,38.12310493029796,23,4,3764,443,tcp,-,REJ,Malicious,DDoS
0.10988114521769066,124.68121758874827,0.0,1,0,29867,80,tcp,-,S0,Malicious,Mirai
0.1441685999463449,2622.2677769611714,649.5421334750885,6,10,14425,8080,tcp,ssh,SF,Benign,None
1.276984644622189,1388.9471751448168,411.06673977631846,7,84,15136,443,tcp,ssl,RSTR,Benign,None
0.05920863565235325,142.29512044345546,0.0,3,0,43273,23,tcp,ssh,S0,Malicious,Mirai
0.35465552656149196,12980.703156643516,27132.781778256,12,12,17595,53,icmp,ssl,SF,Benign,None
0.1673329290929794,122.27693154939244,0.0,3,0,46278,443,tcp,dhcp,S0,Malicious,Mirai
0.2795299569481968,424.2978924114583,83.80808752627819,5,4,9752,22,tcp,ssh,REJ,Malicious,PartOfAHorizontalPortScan
0.08085138740796019,134.45576379592808,0.0,4,0,9335,80,icmp,http,S0,Malicious,Mirai
4.6711967467250375,1448.0319510178535,1938.2383302307496,8,4,54919,22,udp,ssh,REJ,Benign,None
2.271435847535584,106.66335424327067,113.58423625815894,3,4,46699,53,tcp,ssl,RSTO,Malicious,C&C
0.05626399901997993,164.0842521881134,0.0,2,0,36593,22,icmp,dns,S0,Malicious,Mirai
1.0005402982755967,116.38818991435761,18.46781486718689,3,3,28735,23,tcp,dhcp,S0,Malicious,PartOfAHorizontalPortScan
0.012449677881293763,141.79841955238092,0.0,3,0,58684,80,icmp,ssh,S0,Malicious,Mirai
0.01934138470725778,1102.7350612414564,37.80994095078774,16,0,26027,80,udp,dhcp,S0,Malicious,DDoS
5.224911947952409,1434.186178357938,322.79050034800485,10,29,58709,443,icmp,-,S0,Benign,None
1.7855996813753698,3160.596193710786,130.29371085442506,2,82,4886,80,tcp,dhcp,SH,Benign,None
0.06578841746787573,139.7518367488948,0.0,4,0,20671,80,icmp,-,S0,Malicious,Mirai
0.337756198765521,2868.1680627178894,460.92245375017484,2,12,52465,23,udp,dhcp,S0,Benign,None
1.4613021388356982,69.19749644299557,58.45570932346335,3,1,40471,2323,tcp,dns,RSTR,Malicious,PartOfAHorizontalPortScan
0.09184968151939918,415.9575931010872,3639.9988393108647,3,7,29684,80,tcp,dhcp,RSTO,Benign,None
8.219003267253452,32.87468729609785,84.94435788755185,3,6,38753,8080,tcp,dns,RSTR,Malicious,C&C
1.4963556260170665,583.5967064744353,359.27062890826716,7,49,64558,8080,tcp,ssl,SF,Benign,None
0.04430122467423036,115.32947748478868,0.0,4,0,60284,23,tcp,-,S0,Malicious,Mirai
9.349374868381942,230.9036327876603,196.34384937543987,4,2,25880,22,icmp,ssh,RSTR,Malicious,C&C
0.2563053040043655,138.6957694519629,0.0,2,0,39256,23,tcp,http,S0,Malicious,Mirai
1.4183858403327894,460.94312935936387,199.69537236140997,7,5,30306,23,icmp,-,SF,Malicious,PartOfAHorizontalPortScan
0.022389141245946133,142.44913670682672,0.0,3,0,56526,23,icmp,ssl,S0,Malicious,Mirai
0.005168764521948119,1057.4146100935645,50.02683670539743,87,1,23337,53,udp,http,RSTR,Malicious,DDoS
4.77770242417133,11543.0059258017,1644.804818248125,7,14,17057,443,udp,ssl,S0,Benign,None
8.826368702538682,31.39609355609333,100.98797270813444,3,3,5796,2323,icmp,ssh,SF,Malicious,PartOfAHorizontalPortScan
0.029989326325047767,4705.143688773502,3486.0675592851308,14,2,48058,22,icmp,ssl,RSTR,Benign,None
3.8636937764877604,711.9556114742095,262093.74991328153,4,23,49073,8080,tcp,ssh,SH,Benign,None
3.1559196088937163,967.8213283245098,461.08278102348874,36,63,32126,80,udp,dns,S0,Benign,None
1.046386793054629,587.1830970045137,107.47155137395761,6,2,13156,8080,udp,ssh,RSTR,Malicious,PartOfAHorizontalPortScan
0.007146726534701833,1141.2035222917552,47.75561458064548,80,3,46620,2323,icmp,ssh,REJ,Malicious,DDoS
4.997615864055898,345.6986575781625,1697.2177309347999,14,383,62996,443,udp,dns,SH,Benign,None
0.057767666986947276,193.69557896921623,0.0,1,0,10571,23,tcp,-,S0,Malicious,Mirai
1.191718680073673,9448.505004720106,139.6571933162809,8,20,14737,80,tcp,-,RSTO,Benign,None
0.5179117308063832,9116.496322656985,4627.499398699202,6,3,28107,2323,tcp,ssl,SH,Benign,None
3.3743734458514303,46.541914077747585,214.59980927204143,4,2,56256,23,tcp,dns,SH,Malicious,PartOfAHorizontalPortScan
1.690917256582189,1744.4446397521608,632.2231733628557,9,9,24090,443,icmp,ssh,SH,Benign,None
0.7907463205533531,44.45191347788881,103.7545154791351,2,2,31031,22,udp,dhcp,S0,Malicious,C&C
0.0034788146554445886,1175.858824216008,40.175136530321105,11,3,1426,53,icmp,-,SF,Malicious,DDoS
7.477035360374771,263.6602589225537,46.46042526177622,3,2,30712,23,icmp,http,RSTO,Malicious,PartOfAHorizontalPortScan
1.099441328812119,198.84506462980673,351.11207133466036,2,2,3768,8080,icmp,-,RSTO,Malicious,C&C
0.8315827186414522,2639.3305233927726,20045.32408060761,58,6,44355,80,udp,dhcp,S0,Benign,None
0.882211721519205,1004.7539054547264,255.9801037619352,7,16,29805,53,icmp,http,RSTO,Benign,None
0.12249281674754138,119.74430039233383,0.0,3,0,11927,80,tcp,ssh,S0,Malicious,Mirai
0.4659847123818318,103.68153700068291,854.3269335934958,2,7,64907,22,udp,ssh,RSTR,Malicious,PartOfAHorizontalPortScan
1.9798245565226655,87.52679585849165,5348.026570055031,3,20,59232,22,tcp,dhcp,S0,Benign,None
0.1546119005577088,1823.4548150384314,424.7991196811038,4,17,30032,8080,tcp,http,SH,Benign,None
0.10470605238401111,2988.9699190339156,271.39503802534813,15,77,14358,22,tcp,dhcp,RSTR,Benign,None
0.004308218483112774,1261.5529321616473,43.15559850026952,57,1,49913,8080,icmp,ssl,RSTR,Malicious,DDoS
0.06825645001094402,153.25241147161998,0.0,3,0,51943,22,udp,dns,S0,Malicious,Mirai
11.211864680476669,1599.4831800247273,28372.011667821287,5,9,5772,22,icmp,ssl,S0,Benign,None
0.05160856537827701,188.39001862898039,0.0,4,0,46038,80,udp,dhcp,S0,Malicious,Mirai
0.0015038649186961313,1385.3914998487398,70.2265431146663,64,0,22210,53,icmp,-,RSTO,Malicious,DDoS
7.542090888891405,29.31000955128172,131.75360948454426,6,2,33694,80,tcp,-,REJ,Malicious,PartOfAHorizontalPortScan
0.030663735381092683,142.35613689158257,0.0,2,0,23423,8080,udp,ssh,S0,Malicious,Mirai
4.400563647433223,1497.1915064983466,8257.221054684924,11,18,38452,80,tcp,dns,REJ,Benign,None
3.1368613607816456,2137.2265068694346,491.96406279708054,13,27,38496,53,icmp,http,REJ,Benign,None
0.1659039840861303,133.34801399248963,0.0,4,0,56410,22,udp,ssl,S0,Malicious,Mirai
11.478066165355223,97.69888771520569,477.17151296291144,3,2,36868,8080,icmp,ssl,REJ,Malicious,C&C
0.6594506703753327,101.96581129252219,93.5057158839347,3,3,25181,8080,tcp,ssl,S0,Malicious,PartOfAHorizontalPortScan
0.3095692888973995,1918.8968167384646,848.8921298079167,4,35,40329,53,tcp,dns,RSTR,Benign,None
0.003468947835264552,146.23256160999586,0.0,3,0,26814,53,icmp,ssh,S0,Malicious,Mirai
5.754343708010153,458.8149594658045,129.97945287495276,6,1,44928,23,icmp,http,SH,Malicious,PartOfAHorizontalPortScan
0.006124364102629635,3124.155948727481,7896.597173861215,7,9,46825,22,udp,http,SH,Benign,None
2.2934570204197846,2449.985470226289,22577.291176085142,12,4,46271,443,udp,ssl,RSTR,Benign,None
2.0928569864327007,2225.0218112750686,175.55403437845388,4,20,21664,22,icmp,-,REJ,Benign,None
4.16216979629769,325.5879432616882,756.2387101648079,4,5,31281,8080,icmp,ssl,REJ,Malicious,PartOfAHorizontalPortScan
0.8304743410546116,1018.0180740309753,15690.908926538175,14,6,32456,22,icmp,dhcp,RSTO,Benign,None
0.0007141297894165681,1265.3216990974215,42.52917223482944,43,3,40259,22,tcp,ssh,RSTR,Malicious,DDoS
8.234195833877262,212.00742670907366,43.0092829838698,6,1,47574,80,icmp,dns,RSTR,Malicious,C&C
0.13564876643107668,123.45324878830277,0.0,1,0,36070,80,icmp,dns,S0,Malicious,Mirai
2.9201521370253753,1238.2048460411936,152.92714415566445,3,2,53343,80,tcp,ssh,RSTR,Malicious,C&C
1.8701474541295402,229.64457961306968,3338.530877922815,5,21,30903,53,tcp,ssh,RSTR,Benign,None
0.48860625387665185,1962.2527763454527,500.26197003064044,17,26,25622,443,icmp,dhcp,RSTO,Benign,None
0.05582179323347108,147.69455196519692,0.0,3,0,62543,22,udp,http,S0,Malicious,Mirai
6.373041953838344,45.406390028059256,248.92155148004042,2,4,54249,23,tcp,ssh,SF,Malicious,PartOfAHorizontalPortScan
1.5247346153008499,267.7970756038997,5040.424961660347,7,2,20040,8080,tcp,-,SF,Benign,None
8.071764029687738,212.2148540105496,83.86623145241774,3,3,22230,22,tcp,dhcp,REJ,Malicious,C&C
0.014517913733228147,1166.218699854294,37.59336463015411,68,3,11798,80,tcp,-,RSTR,Malicious,DDoS
0.18773809459344315,1801.3302532079126,7112.8531372697635,13,32,48799,443,tcp,dns,SF,Benign,None
1.63019031187921,451.5343601233685,9439.713777334511,3,7,20955,2323,icmp,dhcp,RSTR,Benign,None
0.1268939742905811,152.5087757008067,0.0,4,0,24892,8080,icmp,dhcp,S0,Malicious,Mirai
0.029185288977497115,164.48119060216612,0.0,1,0,38027,2323,tcp,http,S0,Malicious,Mirai
2.97367735130016,411.16963403221183,30475.376805478554,5,6,31034,443,tcp,dhcp,S0,Benign,None
2.1247523535151176,291.4901550825477,395.27646921678297,28,91,24308,22,icmp,ssh,SH,Benign,None
0.48738783281377707,272.1213607280729,29.672896489626233,9,6,38284,22,icmp,dhcp,RSTO,Benign,None
0.018933384823167577,1176.543801989233,64.03124700175681,43,2,49599,80,icmp,-,SF,Malicious,DDoS
0.027101930393536585,192.53961004741612,58.257901057436996,3,2,3057,2323,tcp,dns,SF,Malicious,PartOfAHorizontalPortScan
0.2049596778675864,156.5100783864538,0.0,3,0,32567,23,udp,ssh,S0,Malicious,Mirai
0.052007847076098616,148.34201215197038,0.0,4,0,65220,53,udp,http,S0,Malicious,Mirai
0.6795332313035185,67.9683648729744,69.06938228991756,3,4,44891,2323,tcp,dhcp,RSTR,Malicious,C&C
0.014930757098802983,1214.0614324457663,51.94162311927719,83,4,26985,2323,icmp,-,RSTO,Malicious,DDoS
0.6779873762737075,727.3847642781465,103.28712900570342,3,3,45349,23,tcp,ssl,RSTR,Malicious,C&C
5.370037452102322,122.43317866692755,27.95207869850329,9,3,59836,23,icmp,-,RSTO,Malicious,PartOfAHorizontalPortScan
0.48820706830992233,433.42668358109137,11527.782405370042,6,3,18569,23,udp,http,REJ,Benign,None
11.14108429869705,1763.4721487835113,3876.034056238305,12,61,20687,22,tcp,ssl,S0,Benign,None
0.012186556008090297,1115.4637795619778,60.78966695645439,85,0,31361,53,icmp,http,REJ,Malicious,DDoS
0.1302223001319246,136.54955071452292,0.0,2,0,59861,80,udp,-,S0,Malicious,Mirai
0.005914055221027986,1222.422913665891,55.12097005154912,64,2,17856,22,icmp,ssh,SH,Malicious,DDoS
0.2935412759191066,146.50821774567956,0.0,4,0,61155,2323,udp,-,S0,Malicious,Mirai
4.813327424006825,151.84188458292016,2182.8736164073566,2,2,25806,23,tcp,dns,S0,Malicious,PartOfAHorizontalPortScan
2.2207926133846058e-05,1171.0562870442443,46.49292182675833,65,3,8180,2323,icmp,ssl,RSTO,Malicious,DDoS
1.2629037065349942,312.3686813503541,968.0842177438211,5,4,14418,2323,tcp,-,RSTR,Malicious,C&C
1.2616478661038557,184.92632391933392,166.82423920851375,3,1,7396,8080,tcp,-,REJ,Malicious,PartOfAHorizontalPortScan
0.4664160873715398,1465.7351451030543,6797.265501886427,33,6,7862,23,icmp,-,RSTR,Benign,None
7.3797686193459295,43.57859439267073,315.1294275612657,3,2,10052,8080,udp,dhcp,S0,Malicious,PartOfAHorizontalPortScan
0.7990597661184854,494.53609571966507,193240.08893315628,14,13,5826,443,tcp,ssh,S0,Benign,None
4.558348721643232,183.47489864457216,742.8045788230961,5,4,23174,22,icmp,dns,REJ,Malicious,C&C
3.793177930962797,29.42108260822238,153.50557840669185,7,0,43731,23,udp,ssh,SF,Malicious,C&C
0.3230392039918858,502.753657355152,938.2169130364874,14,33,17811,53,udp,-,SH,Benign,None
6.306684227370299,61.73345849176838,308.2654025064318,2,2,33083,2323,icmp,dhcp,SF,Malicious,PartOfAHorizontalPortScan
1.565772972444088,110.22135453058125,249.44077217276038,3,2,61118,23,tcp,http,RSTO,Malicious,PartOfAHorizontalPortScan
0.28583050800250825,129.6662357322002,0.0,2,0,5601,80,udp,dns,S0,Malicious,Mirai
2.34412525091762,75.02179574430711,374.3070716711272,4,6,63499,8080,udp,ssh,S0,Malicious,C&C
21.60963077369071,230.10131130548956,127.72196712148339,2,3,18751,53,icmp,http,RSTR,Malicious,C&C
1.4721382202076907,824.2879493052792,5299.8566190906495,2,7,53506,53,udp,http,SF,Benign,None
13.664883912073151,128.84466797152086,349.27582226433,11,11,36143,53,icmp,dhcp,RSTR,Benign,None
0.11678750280209932,132.62711864998667,336.4664996291203,3,2,34957,8080,udp,dhcp,RSTR,Malicious,PartOfAHorizontalPortScan
0.5597481067406196,1796.2907267460948,44147.35590481449,2,17,18122,443,udp,http,RSTR,Benign,None
3.8149173656094773,645.0686367431058,98.81407801639575,6,3,24941,22,udp,dhcp,RSTR,Benign,None
0.2400634187553557,21997.457862278923,1185.9853223673724,4,83,36947,23,icmp,-,RSTR,Benign,None
2.3745409309857455,724.102960045306,2384.386020780308,2,6,11728,8080,udp,-,SH,Benign,None
1.3211791977245462,1890.020734104787,691.0387618994315,8,15,39467,8080,tcp,ssh,SH,Benign,None
0.07091637943027598,29.069154159725496,23.440232393735307,3,1,56187,8080,udp,ssl,RSTO,Malicious,C&C
5.362563382743738,512.327489107746,531.4996229382755,3,5,36903,80,tcp,http,RSTO,Malicious,PartOfAHorizontalPortScan
2.7454999951124326,26.95708838182597,103.82366701762061,3,3,32634,443,icmp,ssh,RSTO,Malicious,C&C
0.004182090436084926,1179.5486688228889,62.85620906575697,74,4,52255,80,tcp,http,SH,Malicious,DDoS
4.193731451800702,2850.4099777916686,2108.4801913142132,17,7,45466,53,udp,http,RSTR,Benign,None
3.9779232323930525,608.2966509581065,3690.453289059196,13,10,1642,443,udp,dns,SF,Benign,None
0.015223797608514758,1129.361376954486,48.09069571673223,95,4,49128,80,tcp,ssh,RSTO,Malicious,DDoS
0.021497059753769424,1199.668334011058,35.3441986750432,26,1,17894,23,udp,-,S0,Malicious,DDoS
2.6082596349923297,1928.6038302026445,9214.39735940498,4,8,3136,53,udp,dns,RSTO,Benign,None
1.2956528411186767,9147.434812994687,2015.7442757323943,4,9,33013,53,udp,ssl,SF,Benign,None
7.426716497299837,631.1400048989558,2600.879019658831,10,7,52385,22,udp,dhcp,SH,Benign,None
0.005955192937112059,1154.2188817245017,78.85749069788085,18,1,46591,80,tcp,dns,SF,Malicious,DDoS
0.23459688547982227,440.3930313529421,166.0824475333048,7,3,36177,22,tcp,http,REJ,Malicious,PartOfAHorizontalPortScan
24.676619980423304,62.07442831141608,325.5875628099411,4,1,12979,23,tcp,ssh,SH,Malicious,PartOfAHorizontalPortScan
3.0263265797496115,67.18374824292391,42.22310638946603,3,3,25380,2323,tcp,http,S0,Malicious,C&C
6.089311281153499,250.4309998173588,14.038567700949475,5,2,12190,23,icmp,ssl,S0,Malicious,C&C
1.6635906751044518,1582.898949563339,1136.1775364011519,12,5,7529,2323,tcp,ssl,RSTO,Benign,None
0.05113513539983148,160.41596738606376,0.0,4,0,35741,22,icmp,ssl,S0,Malicious,Mirai
0.00017827600321331137,1241.926645587577,43.29344585680782,21,2,36323,8080,tcp,http,RSTR,Malicious,DDoS
0.024401424825375117,1200.169847980311,50.96467039240377,41,2,28845,53,icmp,ssh,SH,Malicious,DDoS
0.01724683468789118,1402.4144327994068,54.887789727708856,52,4,31560,2323,tcp,dhcp,S0,Malicious,DDoS
0.0163913598334313,163.3644762775428,0.0,4,0,46134,23,icmp,dns,S0,Malicious,Mirai
0.05393378924516108,148.33492719329112,0.0,2,0,19025,80,udp,ssl,S0,Malicious,Mirai
0.8764557768856008,479.2161915555495,115592.13425361595,3,2,63245,22,udp,ssl,RSTO,Benign,None
3.9166609238937555,4389.237124779388,4615.555977044488,25,17,2657,8080,icmp,-,S0,Benign,None
3.4819903923528632,167.39143297339749,91.45803207952025,2,1,39844,22,tcp,ssl,S0,Malicious,C&C
10.202322382925068,117.45378414955778,9.370039278325978,3,1,37168,23,udp,http,RSTO,Malicious,C&C
3.4042369154598955,161.9313626748688,83.76330779607093,3,2,14235,22,icmp,dhcp,REJ,Malicious,C&C
0.5820727355000335,1887.5349776238022,401.79620790844854,5,3,48667,80,udp,dhcp,RSTR,Benign,None
3.2079038673657134,746.864122547383,1305.832350388052,8,40,47689,22,icmp,dhcp,SF,Benign,None
2.609988143117568,153.70441950995925,151.63002660338705,4,2,5064,8080,udp,ssh,SF,Malicious,PartOfAHorizontalPortScan
0.36070058132881766,106.52557641026904,3466.621935144206,6,9,48776,8080,tcp,dhcp,S0,Benign,None
0.005013156298482006,1249.7518004464637,47.969864535218434,24,0,51147,22,icmp,ssh,SH,Malicious,DDoS
2.2323947824121375,1345.115538308592,4877.425111849403,11,18,1617,23,tcp,http,RSTO,Benign,None
4.782685627947722,618.0214984866726,47.56035198729833,2,1,14933,443,icmp,http,REJ,Malicious,PartOfAHorizontalPortScan
0.2526083630291644,148.9833914798594,0.0,4,0,20296,8080,tcp,dhcp,S0,Malicious,Mirai
1.589272718353646,4072.220813020802,1955.1799047093184,11,13,21907,2323,udp,dns,RSTR,Benign,None
13.412338007798832,460.54276983243733,27.3579393312062,3,4,55462,23,udp,ssl,RSTO,Malicious,PartOfAHorizontalPortScan
2.500537812506531,1058.6532626460423,1162.777266187255,9,33,24346,22,udp,dns,REJ,Benign,None
1.472033786537004,1099.0136679513894,4122.990169041047,1,14,8901,443,udp,-,S0,Benign,None
0.9203195524686021,417.4938094402006,11818.982330183542,7,31,14764,8080,tcp,dhcp,S0,Benign,None
0.7422965613789547,3313.7550644076864,24245.2001183539,24,169,45297,23,udp,ssl,S0,Benign,None
1.8517270091624969,328.5155929922766,3435.493110468539,2,29,21118,2323,icmp,dns,S0,Benign,None
0.6953280391231047,2728.40622799365,1111.0206819462953,4,11,31137,22,icmp,dhcp,SF,Benign,None
0.003144086521067913,1180.4895345678785,40.89435659367355,41,0,35900,2323,icmp,ssl,RSTO,Malicious,DDoS
0.0065411187728214495,1243.497980540952,55.416074996876915,93,0,24714,443,tcp,http,SF,Malicious,DDoS
1.1706113500977176,1619.9962224188525,3192.0086229455665,8,50,42650,443,tcp,ssl,SH,Benign,None
0.0026496408473065673,1135.6932399642699,33.72649564325182,38,0,4860,22,icmp,-,REJ,Malicious,DDoS
4.2246931199640505,364.1957671889547,7547.536408364526,2,19,45250,53,icmp,-,SF,Benign,None
0.01356970655526674,137.0976939554334,0.0,4,0,45581,2323,tcp,ssh,S0,Malicious,Mirai
6.403704691390252,44.678449856137114,204.8758584220732,2,1,48883,53,udp,ssh,SH,Malicious,C&C
0.1334836300485427,155.02375828431386,0.0,2,0,18189,443,icmp,ssl,S0,Malicious,Mirai
7.485659559587027,123.53244692067352,46.39527872084901,2,2,57465,443,icmp,ssh,REJ,Malicious,PartOfAHorizontalPortScan
0.004582320276848792,1129.0833977982343,33.275246574914355,40,3,47446,23,icmp,dns,SF,Malicious,DDoS
0.002628373125230656,1274.536678825116,54.1232622899484,39,3,48733,23,icmp,-,RSTO,Malicious,DDoS
1.3441285142895418,2763.129022861242,5652.026021435697,7,32,22131,2323,udp,-,SH,Benign,None
0.1153521996310108,681.3764992748676,1757.0013381059198,8,5,47611,80,tcp,-,RSTR,Benign,None
0.0023573517571381297,1264.064024759214,60.714161263430114,86,2,24924,8080,udp,dns,SF,Malicious,DDoS
9.088339312660555,216.8422003145735,113.33205672780255,2,2,55097,8080,udp,-,SH,Malicious,C&C
9.119759123514582,179.4028969386187,441.1293932851892,5,2,33176,443,icmp,ssh,SF,Malicious,C&C
0.02542938123339842,1361.995378307666,46.29201171146856,69,2,14478,53,udp,dns,SH,Malicious,DDoS
0.12588094800434016,166.1256803112358,0.0,4,0,6508,2323,udp,dhcp,S0,Malicious,Mirai
9.360017482191664,154.40548734052533,147.1853990811472,4,1,53191,8080,icmp,http,SH,Malicious,PartOfAHorizontalPortScan
3.5130333803454077,267.4295133809632,74.1966600134512,4,2,44142,443,tcp,ssh,RSTR,Malicious,PartOfAHorizontalPortScan
0.33295293981625074,1454.9589094278988,4337.473711472914,30,4,38082,53,udp,ssl,SH,Benign,None
0.014270585510567431,148.84314085012974,0.0,3,0,37837,2323,udp,ssl,S0,Malicious,Mirai
1.4503244545573257,3600.0056539850307,1325.9665014695536,7,2,6078,22,tcp,dns,SF,Benign,None
0.4764228990576686,368.5515065833133,4866.83510997097,1,7,6850,23,icmp,dhcp,RSTR,Benign,None
0.39112747855973484,390.092164839118,1980.1303016549246,32,14,10728,2323,udp,http,REJ,Benign,None
0.041059664660793645,160.41993481714576,0.0,1,0,53229,2323,udp,ssh,S0,Malicious,Mirai
0.19470438302716186,2789.0382289517133,149.69179373891208,4,1,45127,443,icmp,dns,SH,Malicious,C&C
4.049331011833307,137.46729981718653,116.3827937703281,3,4,25469,8080,icmp,ssh,REJ,Malicious,C&C
3.0285388455421254,107.70520746485734,302.8488585247798,3,2,16694,23,tcp,dns,S0,Malicious,C&C
1.3610189873532208,163.41754114056016,4439.506146437935,23,124,47301,8080,udp,-,RSTO,Benign,None
7.682043218359113,318.7072338112594,8077.536294325447,46,10,18682,53,udp,ssh,REJ,Benign,None
1.2231513760799757,2579.454871510435,43453.281238556796,4,54,8204,53,udp,ssl,RSTO,Benign,None
0.18144150067687748,2045.5252475671277,4286.715026360133,4,9,57706,2323,udp,dns,RSTO,Benign,None
0.022655677595406577,174.32556537199937,0.0,3,0,21947,8080,icmp,ssh,S0,Malicious,Mirai
0.08257484967757243,636.1472458563998,294.2338564249231,1,0,28350,53,tcp,ssh,REJ,Malicious,PartOfAHorizontalPortScan
3.10369457362327,139.3983297412177,331.45202327999965,2,2,52159,22,tcp,dhcp,SF,Malicious,C&C
0.16676394463406585,165.54789304095436,0.0,3,0,38189,53,tcp,-,S0,Malicious,Mirai
2.9797824584750705,1602.4046867817553,17473.779444739805,6,8,50115,22,tcp,dns,RSTO,Benign,None
0.7384773007659912,79.11180563880069,1127.355318327774,3,4,42302,53,icmp,ssl,RSTO,Malicious,PartOfAHorizontalPortScan
0.11675917442464465,332.775929141867,217.7211639466685,153,19,41421,23,icmp,http,SF,Benign,None
1.073277957863778,293.5484862234653,7702.527442891871,6,24,23013,2323,udp,ssh,SF,Benign,None
2.7892419090368294,139.17133652315917,17.673776907706202,2,4,23417,22,icmp,dns,RSTR,Malicious,PartOfAHorizontalPortScan
1.9441090684996967,44.321677473295246,22.320952475455172,3,1,3949,8080,tcp,ssh,RSTR,Malicious,PartOfAHorizontalPortScan
8.687573595958627,241.15885860620816,150.15590528597824,2,2,51261,8080,tcp,dhcp,S0,Malicious,C&C
0.14441232715529848,147.867752515245,0.0,2,0,35764,22,udp,http,S0,Malicious,Mirai
1.4085137994477614,57.18749529598631,172.9182389856545,6,2,32733,80,icmp,dhcp,SF,Malicious,PartOfAHorizontalPortScan
4.046868387385426,32.71152130009521,341.2299041999888,2,1,47582,23,udp,-,RSTR,Malicious,PartOfAHorizontalPortScan
0.03343505728917476,1270.9984444743968,57.79757910975458,15,2,52371,443,tcp,dns,REJ,Malicious,DDoS
0.5310019023325847,997.3510148570194,1346.8599500198375,13,12,45177,53,udp,ssl,REJ,Benign,None
0.18308366492306063,486.6140413175764,4985.733041771573,1,7,7538,80,tcp,http,RSTO,Benign,None
0.2868250751064851,646.7042741240936,400.2082412513886,10,3,25910,53,udp,dns,S0,Benign,None
0.29201371501736983,630.5220155213958,13628.66996506828,20,9,45530,80,udp,http,SF,Benign,None
0.16141138266043673,198.34801485453184,0.0,1,0,58969,53,icmp,-,S0,Malicious,Mirai
2.726861500630428,412.53252468779687,222.53577445565202,4,1,60192,80,udp,ssh,RSTO,Malicious,PartOfAHorizontalPortScan
2.6491309421185827,118.1264065605447,176.0805213699382,3,2,20810,443,udp,dns,REJ,Malicious,C&C
0.0028618914416374632,1402.3525839962342,60.57406714644215,62,3,25854,53,icmp,dns,REJ,Malicious,DDoS
0.059516077250578926,105.8089787231578,0.0,2,0,24236,2323,udp,dhcp,S0,Malicious,Mirai
0.011410966554066579,135.34018943668127,0.0,4,0,54490,23,udp,ssh,S0,Malicious,Mirai
4.625531929672187,629.2129789734304,31533.386127285896,13,5,38183,8080,tcp,dhcp,RSTR,Benign,None
2.2732987808519125,57.13738205909702,299.06790316966243,3,1,57756,2323,icmp,http,S0,Malicious,C&C
1.5320222125097538,835.9792446546929,12.998871077342928,4,2,6458,23,udp,http,RSTR,Malicious,PartOfAHorizontalPortScan
0.003977492314732453,1168.514511861096,52.60276418391329,33,2,33564,8080,tcp,ssl,RSTO,Malicious,DDoS
0.2874043671290751,51.84778556502837,361.5674692993094,5,3,61763,23,udp,dhcp,SH,Malicious,PartOfAHorizontalPortScan
0.03949830606241672,2081.6578874261972,224007.7558263825,8,3,59543,8080,tcp,ssl,S0,Benign,None
11.036649668246543,113.974914743164,73.95530933330134,2,1,27064,23,icmp,-,SF,Malicious,PartOfAHorizontalPortScan
3.724283662912338,177.0948090310114,108728.90028989008,3,10,55689,8080,udp,http,RSTO,Benign,None
2.006713243858897,3543.1461997848164,16590.907692054327,16,17,16441,23,tcp,http,RSTO,Benign,None
12.680807770964929,147.4180564476172,225.3218886970048,3,4,48707,8080,udp,ssh,SF,Malicious,C&C
9.085048789770452,1564.9812150305697,118.26395375216049,38,10,23615,8080,icmp,dns,RSTR,Benign,None
4.557255772175301,177.03724277912127,225.04467837997828,5,1,39680,80,udp,dns,SH,Malicious,PartOfAHorizontalPortScan
4.083498175478839,345.8681137730696,135.5876290493629,6,1,52903,443,icmp,dhcp,RSTO,Malicious,C&C
0.7396404512921984,927.2530928922432,2091.3202689241957,31,3,57133,8080,udp,dns,RSTO,Benign,None
0.14786184852867762,150.21871221396216,0.0,4,0,34172,23,udp,http,S0,Malicious,Mirai
0.008895601668989674,1220.4050489640704,51.672744998400866,60,3,63971,80,tcp,ssh,SF,Malicious,DDoS
0.5009873477719938,1614.7744572453487,3222.142782296882,2,6,27805,8080,udp,-,RSTO,Benign,None
1.3803825298559633,1594.4753023586281,81661.74983088287,7,8,11720,53,udp,ssh,SH,Benign,None
0.03175644975144535,526.3897173656986,5845.624139146794,5,7,39955,443,udp,-,RSTR,Benign,None
0.025459790819276202,535.2529694438582,108.36375626826194,3,5,27040,22,udp,dhcp,SF,Benign,None
1.4854536935264353,79.03174807600213,50.60656449785505,7,1,42365,80,icmp,http,RSTR,Malicious,C&C
0.002751828503056499,1139.548850523718,67.62256919704242,29,1,23916,23,tcp,http,S0,Malicious,DDoS
0.11435907971961135,134.33793630765058,0.0,1,0,65484,23,icmp,-,S0,Malicious,Mirai
11.076312716253414,121.20135341355068,35.81819005601682,2,1,22537,23,tcp,dhcp,RSTR,Malicious,C&C
0.015463288218258993,1027.3476798613983,63.14388776328354,53,1,5320,23,icmp,-,SF,Malicious,DDoS
1.1245505465242778,1521.0397737929654,584.4912141932522,4,2,35793,2323,tcp,ssh,RSTR,Benign,None
0.12959414292552304,139.00930405709835,0.0,1,0,54083,443,tcp,-,S0,Malicious,Mirai
6.576580519346926,137.242308887048,183.5962149720835,3,2,35785,53,tcp,-,REJ,Malicious,PartOfAHorizontalPortScan
0.23052889998020665,497.6597013114137,8659.735173632473,8,88,61562,80,tcp,http,RSTR,Benign,None
10.3257533202024,75.46638797950736,194.77056394046346,4,3,24144,8080,tcp,-,RSTR,Malicious,C&C
0.06584317502847044,194.3067575794988,0.0,4,0,21123,443,udp,ssl,S0,Malicious,Mirai
3.5855616380253523,240.8351472582213,177.37267447385568,3,6,13757,80,icmp,ssh,SF,Malicious,C&C
6.628986156770517,104.22063839044297,91.86614677856005,2,1,16666,8080,udp,http,RSTO,Malicious,C&C
0.011939172958867737,144.22639797024922,0.0,4,0,45318,80,tcp,http,S0,Malicious,Mirai
14.892982647634824,535.2964072399179,575.6822265329139,4,1,46047,80,icmp,dns,SF,Malicious,C&C
0.29300539861386526,167.05949026147482,0.0,4,0,7887,443,udp,-,S0,Malicious,Mirai
0.02574565877317181,121.75060699185858,0.0,4,0,50633,80,udp,dns,S0,Malicious,Mirai
0.013103287545273455,1072.624246578474,40.089376329466745,13,4,5973,53,icmp,dns,REJ,Malicious,DDoS
0.6119821080587978,815.9847446661955,15533.936804593763,7,9,3593,23,icmp,http,RSTO,Benign,None
2.576038073611355,837.4489116711258,463.0214734578948,2,7,37351,8080,udp,http,S0,Malicious,C&C
3.0122401253437814,2015.3693836970672,14083.821095323528,3,18,43821,8080,tcp,http,SH,Benign,None
5.152340087042644,513.5182857737207,83.88549002345368,3,2,57788,8080,tcp,dhcp,RSTR,Malicious,C&C
0.42410843753577965,250.77126443222517,202.21054619612002,3,2,31876,53,icmp,-,RSTR,Malicious,C&C
2.1012819837281964,416.4674470737501,3014.7221868499582,10,25,33605,8080,tcp,-,SH,Benign,None
2.3134436660851274,120.52068112606509,138.3708707692145,4,1,26624,8080,icmp,-,RSTR,Malicious,PartOfAHorizontalPortScan
1.3306259105557032,3625.534481157979,5588.120880172163,11,22,31296,2323,udp,ssh,RSTR,Benign,None
0.5226287133684758,989.1982170908291,2131.134765833952,22,6,14519,80,icmp,ssh,SH,Benign,None
3.1322644383576,417.48544463767234,5304.030985975835,8,19,5318,2323,icmp,ssh,SF,Benign,None
7.7456246637647475,538.5024507016507,540.2524126968733,4,3,7730,80,tcp,http,RSTO,Malicious,C&C
1.3776314367369478,3781.11640687443,123.9723426712526,7,8,42970,2323,udp,http,SH,Benign,None
0.03177012222628297,166.267974713399,0.0,2,0,57937,80,udp,dhcp,S0,Malicious,Mirai
2.2609635615390076,1025.6310399487727,711.8589056737003,5,39,65397,443,icmp,dhcp,REJ,Benign,None
17.44911047289732,58.82135299950503,45.456716159326575,6,2,2354,443,udp,dns,RSTO,Malicious,C&C
0.03454018694729699,68.66204098698171,54.638067945745306,4,5,51862,8080,icmp,ssh,SH,Malicious,C&C
0.0007283030701121465,1119.6682397515085,40.28393754538509,78,0,57132,443,udp,dhcp,RSTO,Malicious,DDoS
0.044367475728948565,1265.7985268587706,53.41342023147992,21,2,32617,53,icmp,ssl,RSTO,Malicious,DDoS
0.11939762091055245,196.8705390477831,0.0,1,0,24009,53,udp,http,S0,Malicious,Mirai
1.8850206510339298,3634.9409882421814,21932.288861354667,19,59,59214,23,udp,ssh,REJ,Benign,None
0.00999424718876665,1278.3411819877117,48.1967591669835,43,2,48007,22,tcp,dns,RSTO,Malicious,DDoS
0.021216495648198292,1027.4192272619093,49.84575792475096,77,3,35470,443,icmp,http,S0,Malicious,DDoS
2.5339297658759223,158.47389619073493,4295.877116177996,13,9,50238,23,udp,ssh,RSTR,Benign,None
0.44837516188599574,82.14749452793718,180.69793481210792,3,2,57768,22,udp,-,SH,Malicious,C&C
0.2235744972049717,247.50393756193446,1471.9837528919156,6,0,58880,8080,tcp,dns,REJ,Malicious,PartOfAHorizontalPortScan
0.21010073119503608,143.33889984754194,0.0,4,0,24130,80,tcp,ssl,S0,Malicious,Mirai
0.010615005494148849,156.39074767202072,0.0,3,0,4095,2323,udp,ssl,S0,Malicious,Mirai
0.004967577647296942,1043.405882260996,65.97300760166308,55,4,2752,8080,icmp,dns,SH,Malicious,DDoS
3.5065329780219354,100.6007909356884,70.92990974203332,3,1,42748,443,icmp,ssl,SH,Malicious,C&C
0.3966757609478317,17.891336423735925,205.8535912088133,3,1,42581,22,udp,http,SF,Malicious,PartOfAHorizontalPortScan
0.09155374661315911,194.26873860684364,0.0,4,0,2657,2323,icmp,ssh,S0,Malicious,Mirai
0.1184193702800123,1329.7392612605709,8476.602495252979,9,6,64348,443,tcp,-,REJ,Benign,None
0.9467261847851629,1291.3207529766325,776.0796888166205,5,12,25085,23,udp,ssh,SH,Benign,None
0.9854546649126286,23.158999294488428,170.44013609275717,2,4,39559,8080,tcp,dhcp,S0,Malicious,C&C
0.16901048638637856,134.00307638738812,0.0,4,0,3549,23,tcp,ssl,S0,Malicious,Mirai
0.3361282143726089,6412.247412234291,21165.51148148249,4,8,4640,443,icmp,ssh,RSTR,Benign,None
2.1469069187929564,392.921014534179,10094.90611018841,7,28,62460,23,icmp,http,RSTO,Benign,None
0.05924290256939821,10199.942411947644,3381.823804825172,108,5,10771,8080,tcp,dns,RSTO,Benign,None
3.247504424862073e-05,1167.6907678005036,52.57969219749848,50,0,17146,80,tcp,ssl,RSTR,Malicious,DDoS
21.27356727878552,611.9580782027524,31.074771085240574,7,6,20177,8080,tcp,dns,SH,Malicious,PartOfAHorizontalPortScan
1.4628392290347612,868.9315029733397,8093.406809465563,6,9,34508,80,tcp,http,SH,Benign,None
5.039474267825248,44.64514521532524,28.696823759677756,4,1,11134,80,tcp,ssh,REJ,Malicious,PartOfAHorizontalPortScan
7.096568177225695,24.596252119920493,36.00878097122055,5,2,8555,80,tcp,ssh,SH,Malicious,PartOfAHorizontalPortScan
8.776094865228922,344.50466831049215,132.4111800155779,1,18,49072,443,tcp,dns,RSTO,Benign,None
1.2413259031954058,1936.0267686522402,4886.625620744957,5,18,51135,2323,tcp,http,RSTR,Benign,None
11.261980675895533,174.2614239590636,132.43315054955184,3,3,49309,8080,udp,dns,SH,Malicious,C&C
0.0005513581663699529,114.99099162323046,0.0,3,0,17026,2323,tcp,http,S0,Malicious,Mirai
2.5313666532711867,1089.4788506544583,14193.023597506814,14,6,27495,8080,tcp,-,REJ,Benign,None
0.1543887129871729,130.19510308225176,0.0,2,0,3645,53,tcp,ssl,S0,Malicious,Mirai
0.003979004883871329,1127.0604715407944,43.03566628633464,25,3,29802,2323,tcp,ssh,SH,Malicious,DDoS
1.0357756303525427,733.3547984849941,105.38209448572569,3,3,31176,2323,udp,dhcp,RSTR,Malicious,C&C
0.47052197591151407,2283.8341728345954,3117.3186262283916,8,17,27207,2323,tcp,-,RSTO,Benign,None
1.3250275747380942,36.88933059411091,23571.0251867524,3,41,42076,8080,icmp,dhcp,SH,Benign,None
0.017596625963001954,151.93450488339667,0.0,3,0,59175,8080,tcp,ssl,S0,Malicious,Mirai
5.2884588686909275,155.20478036488552,389.8486971943566,5,3,32788,8080,udp,dhcp,RSTR,Malicious,PartOfAHorizontalPortScan
0.01747451315998838,1175.8993691110643,39.63243215593974,28,4,22260,8080,icmp,ssl,SH,Malicious,DDoS
1.0420467800793283,5056.033236686355,246.04921293455703,3,23,39780,22,udp,http,RSTR,Benign,None
0.008029224866311488,1193.0847063041567,48.56684083506436,32,3,33833,443,udp,dns,S0,Malicious,DDoS
0.5339958975495431,332.41073583458774,591.6252210285131,4,1,1625,22,tcp,dns,RSTO,Malicious,C&C
8.60615937770883,391.9188186162552,1359.3368458642778,3,3,55376,23,udp,http,SH,Malicious,C&C
0.5321599602539712,1115.2597293563858,4113.456373589117,15,13,49599,8080,icmp,ssl,RSTR,Benign,None
2.6686918774953403,366.39900696280154,203323.38433429622,5,9,1615,8080,icmp,http,SF,Benign,None
0.0019129220272537126,1247.6297700292037,38.25354783943683,29,4,31021,2323,tcp,-,SF,Malicious,DDoS
1.4372806906809794,2096.6468941702433,2738.7983673340163,9,40,64248,53,tcp,ssl,S0,Benign,None
0.007112418833904352,1269.932438106075,36.97567619116945,94,4,64187,443,tcp,dns,RSTR,Malicious,DDoS
10.527064705294148,60.51126025832661,100.43017694403079,2,9,9740,23,udp,-,SH,Malicious,C&C
1.7195285341987154,208.097137312762,208.03427550572968,4,2,35858,2323,udp,dns,RSTO,Malicious,PartOfAHorizontalPortScan
0.021557877698585023,1223.2939913462005,45.16104072395656,73,2,32225,80,udp,-,SF,Malicious,DDoS
0.8467653359139514,203.90685988222876,33.481748985313835,2,1,61761,53,tcp,dhcp,RSTO,Malicious,C&C
4.522531035864967,3849.216996475351,791.0059194369304,3,28,53485,2323,icmp,ssh,S0,Benign,None
3.580573559391513,328.9916399107962,146.6274747604708,5,5,33029,2323,udp,ssl,SF,Malicious,C&C
0.046510557967994325,1208.9531408025819,41.94562632253958,28,0,48540,22,tcp,ssl,RSTO,Malicious,DDoS
7.560485882277934,607.1809657527078,172.2281069952705,4,3,39068,22,tcp,ssl,SH,Malicious,C&C
0.1219416844685955,132.72799378126075,0.0,3,0,61367,23,udp,dns,S0,Malicious,Mirai
7.612532165137389,1102.9914314135692,2678.2419460753586,13,18,14250,2323,tcp,dns,S0,Benign,None
0.5612398535208941,271.6150581995482,3480.217865926894,12,2,48434,53,tcp,dhcp,SH,Benign,None
0.5244696384427815,91.94224653989654,148.8172415631219,1,2,49667,22,tcp,http,REJ,Malicious,C&C
5.638177760105792,590.0662619019101,4034.270189038267,3,3,12106,443,tcp,ssl,SF,Malicious,C&C
3.6553179585173394,1913.2183025715237,2291.0691246418855,28,10,39267,8080,tcp,dns,SF,Benign,None
0.33632717527266887,133.54569898642387,0.0,2,0,26337,2323,tcp,dhcp,S0,Malicious,Mirai
14.784649082236442,526.2103844145512,75.73174989587304,3,2,28885,443,udp,dns,REJ,Malicious,C&C
1.045040450427162,301.81927840832816,64.66917034666658,2,4,30387,23,tcp,ssh,S0,Malicious,PartOfAHorizontalPortScan
1.0532193957474103,1070.373888792666,507.17499785174766,5,1,43048,80,udp,http,SF,Malicious,PartOfAHorizontalPortScan
0.5728490739582562,320.58609990900817,6250.515295169163,31,11,9809,22,icmp,-,REJ,Benign,None
0.008075481430153164,1213.7054025931259,60.66627432041968,82,3,46261,53,icmp,dns,RSTO,Malicious,DDoS
14.568354161803555,236.51505236492793,230.31881623230439,6,1,64962,80,tcp,ssh,RSTO,Malicious,C&C
0.2455259466735773,1297.174540853416,1593.122049288792,11,19,15771,443,icmp,http,RSTO,Benign,None
4.320518917871502,69.34688221172343,201.9101207720565,2,4,32931,2323,udp,dhcp,SH,Malicious,PartOfAHorizontalPortScan
16.503186490515336,146.99944027411223,91.30773538239377,4,2,19236,2323,icmp,ssl,REJ,Malicious,C&C
0.1811486428800666,133.19387744518716,0.0,1,0,20729,22,udp,-,S0,Malicious,Mirai
0.2003897232580466,114.93846819465652,0.0,4,0,53853,80,icmp,http,S0,Malicious,Mirai
0.9625057379152298,339.9058215346588,1753.3326393634136,37,19,8621,443,udp,ssh,S0,Benign,None
0.024442651142107294,151.00063496972368,0.0,2,0,47646,443,tcp,http,S0,Malicious,Mirai
0.009626360428580059,1291.223617136373,51.40396179138958,92,2,32865,23,icmp,dhcp,REJ,Malicious,DDoS
1.0952909789631047,54.17736383315726,1000.2360012681822,4,3,24359,8080,tcp,dhcp,S0,Malicious,PartOfAHorizontalPortScan
0.14310650378597586,177.5155466025965,0.0,3,0,29771,443,udp,dhcp,S0,Malicious,Mirai
1.6109429375609459,256.40021153511884,4180.210472271873,16,5,30489,443,tcp,ssl,SF,Benign,None
1.247845592417649,166.64246162219493,1061.3857312502323,11,3,31407,2323,udp,dhcp,RSTO,Benign,None
0.12105244424225868,150.50786735635518,0.0,4,0,42692,80,tcp,-,S0,Malicious,Mirai
0.006331366139570091,1164.3689697409948,38.804034486155665,18,1,32848,23,tcp,dns,SF,Malicious,DDoS
6.699215018481067,37.61423857531259,124.53428753289539,4,5,23148,23,tcp,ssh,S0,Malicious,PartOfAHorizontalPortScan
0.7465451596240316,43.86102034084183,171.48128870231008,4,6,2781,8080,icmp,http,S0,Malicious,PartOfAHorizontalPortScan
0.6599702442154021,3595.0689497993994,188.90877770591916,67,7,43800,8080,icmp,ssl,SH,Benign,None
0.26445088514915877,226.07949353063225,49.51169473335193,3,1,34791,443,tcp,ssh,S0,Malicious,C&C
4.843130772575281,2691.870215775469,6045.049111177173,6,40,11683,8080,icmp,-,RSTO,Benign,None
0.906153917291022,196.3751039794825,296.88062120264146,18,6,31191,8080,icmp,dhcp,SH,Malicious,C&C
0.0575421395724441,153.00033866222032,0.0,2,0,12896,443,udp,ssh,S0,Malicious,Mirai
2.0976374419740824,5735.940313152091,422.1731046996968,15,16,29911,8080,tcp,dns,S0,Benign,None
0.46783627672167416,495.69519006514224,11973.12385687538,9,5,15804,22,tcp,ssh,REJ,Benign,None
0.17409923631328553,135.70171558109487,0.0,1,0,27833,8080,icmp,dhcp,S0,Malicious,Mirai
0.8601195338016713,181.62401087535454,150.833612558798,4,10,7846,8080,udp,dhcp,RSTR,Benign,None
8.024241118350965,274.004134270781,161.67050555157837,7,1,39801,443,icmp,dns,RSTR,Malicious,C&C
0.2513923363815595,2237.0873743024185,119.18733889111664,8,6,47699,80,icmp,dns,RSTR,Benign,None
0.4981263327556472,507.71826349709966,496.8214842693325,9,8,19883,443,udp,http,SH,Benign,None
0.821303532211508,1679.8375335247197,1260.7526115077396,10,19,35559,80,udp,dhcp,RSTR,Benign,None
0.02674484163887656,1256.7696234782252,42.79660499233451,69,1,23829,80,udp,-,SF,Malicious,DDoS
0.00904943348268568,165.62581274719213,0.0,4,0,60207,22,tcp,ssl,S0,Malicious,Mirai
5.306313615801824,27.449230109051847,183.35490572469655,2,2,45768,2323,tcp,dhcp,RSTR,Malicious,C&C
3.497567533578766,96.25489763864752,104.97506208052405,10,4,4660,22,tcp,-,S0,Malicious,C&C
0.14648764425947042,144.22979070634577,0.0,4,0,54643,2323,udp,dns,S0,Malicious,Mirai
0.8549084332883333,7314.719410657125,179.35575559588665,12,10,39792,23,udp,ssl,SH,Benign,None
0.016694086637449996,1256.8395237199525,47.97127000336207,14,1,40010,443,tcp,ssl,RSTR,Malicious,DDoS
0.3681720733710549,143.5932114986248,0.0,4,0,3777,80,udp,dhcp,S0,Malicious,Mirai
0.005919849879734963,1148.4010183661364,44.90187488219655,83,1,51193,80,tcp,ssl,SF,Malicious,DDoS
18.98427336955981,85.25883595398301,101.40126763248307,3,1,5535,8080,udp,ssl,SF,Malicious,PartOfAHorizontalPortScan
0.011441366670108514,1178.9986795707473,45.184971051911226,19,0,30025,443,udp,-,SH,Malicious,DDoS
0.007631628268371989,138.01987530955378,0.0,4,0,32782,23,udp,http,S0,Malicious,Mirai
2.0539485158397923,417.26544247340763,33828.917192568995,44,10,54317,22,udp,dns,RSTR,Benign,None
0.8587231461419473,126.89554960922732,122.05876540877362,4,3,51464,443,icmp,-,RSTO,Malicious,PartOfAHorizontalPortScan
0.9235818475491119,3202.7686644440373,8314.760102447988,18,4,18679,80,tcp,dns,RSTO,Benign,None
0.0011961149304919125,994.6027974794486,48.97701037010957,44,4,3680,23,icmp,http,SH,Malicious,DDoS
0.24577817919535178,127.27529311668779,0.0,3,0,65011,23,icmp,ssh,S0,Malicious,Mirai
0.05784107326787025,134.14395154896093,0.0,2,0,51269,53,udp,http,S0,Malicious,Mirai
8.229227667237943,105.81905880830237,279.5186840784584,5,2,26846,443,tcp,-,S0,Malicious,C&C
0.027064667042748684,1257.5570786341027,52.86179903896378,35,0,64041,8080,tcp,ssh,RSTR,Malicious,DDoS
0.0026229245095181486,1002.5229103719695,38.935865204560585,96,4,21443,443,tcp,-,REJ,Malicious,DDoS
3.7913500203211674,150.0632071628246,518.3722512005976,3,5,46545,53,udp,dhcp,SF,Malicious,C&C
3.179636144650791,1430.716955873599,6651.348156130698,14,7,35694,22,tcp,ssh,S0,Benign,None
3.1912341679892915,593.2640787162262,231.49765190743142,7,4,25066,443,udp,http,REJ,Malicious,PartOfAHorizontalPortScan
1.580692008402451,1429.103118109681,799.3396978963382,16,72,23491,8080,tcp,ssh,REJ,Benign,None
1.7483328771819129,2275.9158676409493,5418.793511941868,3,9,45883,8080,tcp,ssh,S0,Benign,None
0.0794689655442342,154.29557000139746,0.0,1,0,8208,443,udp,ssh,S0,Malicious,Mirai
1.32831431659094,489.9780132603724,114.48891493038931,4,1,1670,8080,udp,-,REJ,Malicious,PartOfAHorizontalPortScan
0.0022424744961708734,1261.530741697423,34.844350742189825,63,2,8767,23,icmp,ssl,SF,Malicious,DDoS
0.030525442508408922,1286.480530376339,54.63864706110117,64,2,47887,53,tcp,ssl,S0,Malicious,DDoS
0.09343125292571108,139.35383631908448,0.0,1,0,25556,23,icmp,ssl,S0,Malicious,Mirai
3.8380297313900353,53.864172714437665,79.89708567482127,3,8,10156,80,icmp,dhcp,SF,Malicious,C&C
0.008838806886866148,1263.708746571218,49.54771414869472,11,2,35076,22,icmp,ssl,S0,Malicious,DDoS
0.005737418657790594,1206.4771221128983,56.857693409409116,76,1,15879,8080,icmp,dhcp,S0,Malicious,DDoS
0.0021194148941188536,1229.929562138307,46.64428575855942,78,4,2944,80,tcp,-,REJ,Malicious,DDoS
0.05780970438454194,162.54139486658804,0.0,3,0,18948,2323,udp,ssl,S0,Malicious,Mirai
0.31753560548476,145.23392525123492,0.0,3,0,62743,80,tcp,ssh,S0,Malicious,Mirai
6.2175963406565815,647.5703061196326,138.69325420124258,3,1,35616,53,tcp,dhcp,SH,Malicious,PartOfAHorizontalPortScan
24.253833031522234,45.1538285435921,45.75022261453274,5,2,34950,443,tcp,ssh,RSTR,Malicious,PartOfAHorizontalPortScan
2.24540147387236,290.17400597440206,115.66889718045964,3,2,45106,80,icmp,-,SH,Malicious,C&C
2.905653229802022,82.73531478281865,1063.7646115709488,1,2,61549,80,icmp,ssh,S0,Malicious,PartOfAHorizontalPortScan
7.595531549217127,35.639952366960465,473.08671452325746,2,4,56023,53,tcp,dns,RSTR,Malicious,PartOfAHorizontalPortScan
0.001946548647252498,1186.4977711357624,36.594825605493746,19,0,49735,23,udp,-,S0,Malicious,DDoS
0.14991440967788863,128.42407750844836,0.0,4,0,4172,22,tcp,http,S0,Malicious,Mirai
0.010793399822984289,1183.6625424834572,41.132084715069524,82,1,31188,2323,udp,-,RSTR,Malicious,DDoS
0.0270674145278429,127.40416261880898,0.0,4,0,63000,80,tcp,-,S0,Malicious,Mirai
0.011223994550276421,1261.8924687791603,34.268083770232664,67,0,26543,22,icmp,ssh,RSTR,Malicious,DDoS
0.010806307120245667,1182.040643382209,67.14332522360854,46,2,14010,53,udp,dns,S0,Malicious,DDoS
2.7133161363974776,585.9453614946578,2223.8807254757703,2,2,54372,23,icmp,ssl,SF,Benign,None
5.340256833365835,62.62307442835106,214.06951316643537,5,5,2928,23,icmp,ssl,RSTO,Malicious,C&C
0.8307831275028439,34.94689940385085,55.251011758657896,3,4,26554,22,tcp,ssh,RSTR,Malicious,C&C
6.648528541850922,180.49935418705354,92.81009767685566,3,2,6542,2323,icmp,dns,RSTO,Malicious,C&C
1.319715934859533,412.744412001587,2337.688266556477,4,13,58591,23,tcp,dns,S0,Benign,None
1.3456250847128846,29.557321264630506,1052.4902585400255,3,5,57372,53,udp,ssh,S0,Malicious,C&C
5.754998118874231,6485.586542468298,822.3873888363335,4,26,58231,23,udp,http,RSTO,Benign,None
0.0022201644501696825,1221.159102021442,46.96797085108749,59,3,39292,2323,udp,ssl,SH,Malicious,DDoS
0.5823740320577369,818.1574789056195,456.1208670786503,18,9,55428,23,udp,-,SH,Benign,None
6.093312090212332,72.50641532513083,108.61325275912606,4,4,9910,23,icmp,dns,REJ,Malicious,C&C
7.190735168684066,531.9198499226461,1121.433953475542,2,2,57401,80,tcp,ssh,REJ,Malicious,C&C
1.4678781817441295,625.6616209144983,65747.63505711463,10,4,22887,53,icmp,http,RSTO,Benign,None
0.13764071372246675,144.7460866937138,0.0,2,0,9728,443,icmp,-,S0,Malicious,Mirai
1.3740613768212677,2467.720115479017,4700.320702512724,3,5,17648,8080,tcp,ssh,REJ,Benign,None
6.848648469693693,1020.8910024772177,53.50856055712298,4,5,11386,23,icmp,ssl,S0,Malicious,C&C
0.06959606479694659,141.64134371968206,0.0,1,0,2118,53,udp,dns,S0,Malicious,Mirai
0.03513361808901874,137.22673925463678,0.0,2,0,11120,22,udp,dhcp,S0,Malicious,Mirai
3.7764739218172125,2807.07178716973,10248.404131483261,37,28,40087,443,tcp,ssl,RSTR,Benign,None
0.022027204583843704,165.48521452852702,0.0,3,0,30082,2323,udp,dns,S0,Malicious,Mirai
2.2411258312273197,186.35376220085988,17.245847143472602,4,2,63464,23,tcp,-,REJ,Malicious,C&C
0.2474671848137661,168.33687708398813,0.0,3,0,49729,53,udp,ssh,S0,Malicious,Mirai
0.004717467125896374,1271.0975773403095,30.55398664217163,26,1,54933,23,icmp,ssh,RSTR,Malicious,DDoS
0.9635032740351789,1317.1556233395206,1332.4700267846817,5,13,34322,2323,tcp,ssh,RSTR,Benign,None
14.776671482401358,89.53587858311221,264.6426083125956,3,1,36794,22,tcp,-,REJ,Malicious,C&C
0.14030464570686355,135.423761595723,0.0,4,0,45016,23,icmp,-,S0,Malicious,Mirai
7.2886568711256885,131.66401558783363,62.568963254112475,3,1,4728,80,tcp,-,S0,Malicious,C&C
0.17969414823523666,540.1069441470119,1636.2936128780284,6,10,62120,23,udp,http,REJ,Benign,None
0.4147142145481282,125.44218439763281,57.31399975624406,2,3,25408,443,icmp,ssh,S0,Malicious,PartOfAHorizontalPortScan
0.007351821671134258,1075.729538190037,51.061954877184874,37,1,54054,53,udp,dns,SH,Malicious,DDoS
10.438968815144982,138.1734689690352,499.11099660296156,3,3,61476,2323,tcp,ssh,SH,Malicious,C&C
3.4255911066557196,46.40997832680726,79.48890172179227,2,6,4380,22,tcp,dhcp,S0,Malicious,PartOfAHorizontalPortScan
0.0011803114369013533,1058.612517337713,57.004613948016996,24,2,53430,22,tcp,http,RSTR,Malicious,DDoS
9.800625067081342,62.50939947418706,256.6455456839728,4,1,19070,80,tcp,ssl,RSTO,Malicious,C&C
0.007842496795314133,1231.5990311186583,56.39792936476985,47,4,38253,53,udp,http,SH,Malicious,DDoS
15.435720881265516,119.0087755093915,784.1140364714219,5,4,47676,443,udp,http,SH,Malicious,PartOfAHorizontalPortScan
0.1422064963211698,154.7674298907091,0.0,2,0,9727,443,tcp,dns,S0,Malicious,Mirai
0.04181631819975209,152.63759330933405,0.0,2,0,13554,53,icmp,dhcp,S0,Malicious,Mirai
0.8169530965496999,622.1963370748438,30792.008707776233,5,20,51772,8080,udp,dhcp,SH,Benign,None
0.19600661046678544,199.14959987307108,51.8543169109101,3,0,17575,23,icmp,ssl,SH,Malicious,C&C
0.0014915942341606151,142.41548933988093,0.0,4,0,11722,8080,icmp,ssh,S0,Malicious,Mirai
0.4218070904221756,732.6139374409422,554.4026859220994,5,11,52999,443,icmp,dhcp,RSTR,Benign,None
0.1054148586998177,145.86162166530903,0.0,1,0,27103,2323,tcp,http,S0,Malicious,Mirai
3.490099998260571,1704.7343853150094,300.6583129912424,14,20,39456,443,tcp,dns,REJ,Benign,None
0.00715052506227786,1246.127343389594,45.78099262734218,14,2,58912,23,tcp,-,SH,Malicious,DDoS
4.012595363850286,181.44965987380286,95.95746126297226,4,1,6849,23,tcp,http,S0,Malicious,PartOfAHorizontalPortScan
2.6346597094593616,102.85637906790649,76.554208523513,2,4,42817,80,udp,ssl,REJ,Malicious,PartOfAHorizontalPortScan
1.287083960428381,410.687947480977,50.91254109144014,2,3,34032,23,icmp,-,SF,Malicious,PartOfAHorizontalPortScan
1.7595996737603974,6863.74983807275,3205.6672789070185,13,21,21325,53,tcp,ssh,REJ,Benign,None
22.599042920882404,40.14282862406681,68.19177761825762,2,2,46336,80,tcp,-,SH,Malicious,PartOfAHorizontalPortScan
2.2115811653357818,72.52295612363653,129.08852066264083,8,1,32266,80,icmp,http,SH,Malicious,C&C
1.5092997826307033,718.3837774207216,669.9324358764565,42,32,10983,53,icmp,dns,REJ,Benign,None
16.0696421121784,37.87025120490744,73.03788302500966,2,2,4672,23,icmp,-,SF,Malicious,PartOfAHorizontalPortScan
10.516395839275699,234.67016833095693,61.408934193026475,2,2,35380,23,icmp,ssl,RSTO,Malicious,C&C
1.9410103157247274,107.22368217186644,344.40706001257325,5,4,32284,23,icmp,ssh,RSTO,Malicious,PartOfAHorizontalPortScan
0.8735850116610439,2260.2292709442236,5888.726890878346,5,26,20057,22,udp,ssh,SF,Benign,None
1.562067501198251,4765.396301667558,3746.570439778464,3,43,19422,22,udp,http,SF,Benign,None
0.10383227386961867,1014.2451930124345,2397.6897018449095,4,201,41633,443,tcp,http,RSTR,Benign,None
1.8217895443168872,272.0835592559885,7044.082296552924,9,13,16098,443,icmp,dns,SF,Benign,None
2.0988749931483004,2059.3122929400333,196.00167441855223,3,23,25645,53,icmp,dhcp,S0,Benign,None
4.998372941661068,116.9572439119175,329.73487015493987,5,1,17876,23,icmp,dhcp,SH,Malicious,C&C
1.6922708379613693,13436.411791758119,49.240876210218715,6,12,61545,23,icmp,ssh,SH,Benign,None
0.26359432140879363,1305.325570158442,9715.88456666008,3,16,27907,23,tcp,ssh,REJ,Benign,None
2.054963514479572,29.33523047677842,53.82769587437812,1,2,18126,8080,udp,dns,SH,Malicious,PartOfAHorizontalPortScan
0.0012029353565861025,132.02445139079398,0.0,4,0,47462,8080,tcp,-,S0,Malicious,Mirai
0.1417877231226369,161.01989775704172,0.0,3,0,25238,22,tcp,ssl,S0,Malicious,Mirai
0.007222707987581167,1177.9214602636284,46.99624770164484,28,1,40635,80,icmp,-,RSTO,Malicious,DDoS
0.34026741379977593,1752.345960910376,530.07416596999,18,13,12736,22,udp,http,S0,Benign,None
7.600481899181448,512.556526826833,114.29378457905948,6,3,62902,2323,udp,ssl,S0,Malicious,C&C
1.1928926564987317,1406.0330440887133,1735.999697578894,23,1,12466,22,udp,dhcp,SH,Benign,None
0.00030963305909908784,1104.2141248284083,39.80371131125361,61,2,23233,53,icmp,dns,S0,Malicious,DDoS
0.001661424343736542,1252.8401867584028,45.00455000973217,11,0,5370,8080,tcp,ssl,REJ,Malicious,DDoS
0.020214377305237296,164.6322117180999,0.0,1,0,45143,23,tcp,dns,S0,Malicious,Mirai
3.8050439509976597,1155.0617737105408,40.54510716289794,6,6,57886,8080,icmp,-,RSTR,Malicious,C&C
0.02139892113127167,1239.7614310562474,66.57790383674808,84,1,57063,80,icmp,dhcp,RSTR,Malicious,DDoS
2.7497616390869997,234.500576816578,158.29911270335063,6,1,24123,23,tcp,-,SF,Malicious,C&C
7.165671618197284,194.5458199002235,1604.4299349158641,4,17,47353,8080,udp,dns,RSTR,Benign,None
0.011749904193852594,149.7113198519404,0.0,1,0,65361,2323,udp,http,S0,Malicious,Mirai
0.28231866433500097,951.1632084258817,3545.1061724564343,4,13,19169,443,tcp,ssl,RSTR,Benign,None
0.008464409356977372,1359.7688281356427,46.94384366082919,68,3,28323,2323,icmp,dns,RSTO,Malicious,DDoS
0.058710017345313226,1102.7950052185627,48.892851289966075,84,3,25688,23,udp,dns,S0,Malicious,DDoS
1.3763443710953123,389.11479937094833,4770.795825084021,7,15,50623,443,tcp,http,S0,Benign,None
13.322077987308782,319.9336474500749,50.884952842657114,4,1,22358,22,tcp,dhcp,RSTR,Malicious,PartOfAHorizontalPortScan
0.28744484632820133,134.9214582796386,98.23644853276639,3,1,4165,2323,udp,dhcp,REJ,Malicious,PartOfAHorizontalPortScan
0.03843252018113837,158.19868143704494,0.0,3,0,29895,80,udp,dhcp,S0,Malicious,Mirai
0.17051104074104176,144.88587263122727,0.0,1,0,46485,8080,icmp,ssh,S0,Malicious,Mirai
0.12950979301034124,110.38626878244945,0.0,4,0,38169,23,icmp,http,S0,Malicious,Mirai
2.665205269360236,226.23212727328234,312.2109193714088,4,2,28232,80,udp,http,RSTO,Malicious,PartOfAHorizontalPortScan
0.004370249379816575,996.5024131110032,49.4372686596781,78,0,52500,22,udp,-,REJ,Malicious,DDoS
2.551937859166971,83.21444138325914,196.50726568508355,4,4,55752,443,udp,ssl,RSTO,Malicious,C&C
2.6111376049457506,711.0642381303934,1100.184681926328,3,3,49809,53,udp,-,RSTR,Benign,None
7.357799092327423,102.03869660627521,79.21269437674502,6,6,21692,23,udp,ssh,REJ,Malicious,PartOfAHorizontalPortScan
2.9203668536546012,133.7914951336252,503.8226629061922,3,1,9374,22,tcp,http,SH,Malicious,PartOfAHorizontalPortScan
0.002373719357318804,1066.4117334028322,47.76128579225234,78,3,30494,23,tcp,ssl,S0,Malicious,DDoS
0.009292351662542329,1429.9581973092936,46.88439554369346,20,1,2182,8080,icmp,dns,SH,Malicious,DDoS
0.35238227255702215,50.45140996796048,75.38811071756606,4,3,60064,53,tcp,http,SH,Malicious,C&C
2.789948161156077,566.72339907852,134.3313793366869,3,2,40114,80,icmp,-,S0,Malicious,PartOfAHorizontalPortScan
0.01833970135205836,1091.9395238340835,70.08023294694473,75,4,28994,23,tcp,ssl,SH,Malicious,DDoS
0.008070937595552498,1161.0809198618517,52.91484501500106,88,4,54496,23,udp,dhcp,RSTO,Malicious,DDoS
0.002365585457151512,1194.802844700212,61.88507661344628,47,1,8662,22,tcp,ssh,SF,Malicious,DDoS
0.01805183935600926,1134.0446436355342,51.402928559408366,67,0,14628,22,icmp,-,RSTR,Malicious,DDoS
0.17019909936693878,167.1380245191341,0.0,1,0,3676,2323,tcp,http,S0,Malicious,Mirai
0.01255927536061455,1309.5619046426443,60.43675037268981,75,1,22574,53,tcp,-,RSTO,Malicious,DDoS
0.0019301615569364465,1076.9141668562888,51.10071539370825,47,3,43004,53,tcp,http,RSTR,Malicious,DDoS
0.0005469257544216108,1193.6954176889399,41.13295616410408,69,4,53528,2323,icmp,http,RSTO,Malicious,DDoS
0.0770945144094616,176.97487804663066,0.0,1,0,34930,22,icmp,ssl,S0,Malicious,Mirai
10.080246403252293,294.75735037589334,10312.585856890357,32,6,9259,80,icmp,http,REJ,Benign,None
0.9482812987968614,64.7748558890606,13.222485146933748,3,2,40108,2323,udp,dhcp,REJ,Malicious,C&C
17.440103034502084,96.02866617017571,135.3560603476536,4,3,37218,80,icmp,http,RSTR,Malicious,PartOfAHorizontalPortScan
0.011757310208221641,1149.9142998260415,58.39733848618056,16,1,63321,53,tcp,-,REJ,Malicious,DDoS
6.640585316295879,428.32148680398393,16968.015443418255,8,105,40408,443,icmp,ssh,RSTO,Benign,None
0.00292474987233457,1127.7383497831897,48.71372825301021,18,2,23046,80,tcp,ssh,SF,Malicious,DDoS
2.097400013943499,138.51928971610505,10823.619325598098,4,46,31198,2323,icmp,ssh,RSTR,Benign,None
1.9564117980829008,1085.996098632923,828.8021112166311,12,18,38689,8080,tcp,-,REJ,Benign,None
0.337137646917607,128.08053771337833,0.0,2,0,37152,443,udp,ssl,S0,Malicious,Mirai
0.013141892462791458,1070.4579910332322,40.89465185540437,34,1,56739,80,icmp,ssl,SH,Malicious,DDoS
2.549029814533252,129.98193341425457,134.73264530235392,8,0,38035,23,tcp,dhcp,RSTO,Malicious,C&C
0.0365860452458242,137.1590417134461,0.0,2,0,21758,2323,udp,-,S0,Malicious,Mirai
0.3977037257093697,3085.5572299773203,10139.64724547183,10,11,11926,80,icmp,dns,SF,Benign,None
0.009821448943879362,1249.755862994245,42.644742576203804,23,2,45687,8080,udp,http,RSTO,Malicious,DDoS
1.3273802755768638,457.9437355052866,476.98270300577406,2,17,48119,22,udp,dns,SF,Benign,None
1.147648439756585,694.2938779350619,55.59884633566643,3,51,30995,23,icmp,dns,RSTR,Benign,None
0.03275909887692922,1193.9173498547248,55.30890921148019,89,3,52460,80,icmp,http,S0,Malicious,DDoS
12.04602850842764,111.44972432425772,322.5751101502212,6,2,14981,2323,tcp,ssl,SH,Malicious,C&C
2.5320155203410577,298.28813540132194,65.882550229006,3,2,65454,2323,tcp,dhcp,S0,Malicious,C&C
3.691800013382566,846.4214019507009,1832.330257532148,10,11,64112,2323,udp,-,REJ,Benign,None
0.0872415084575293,135.64509847664604,0.0,4,0,47996,2323,icmp,ssh,S0,Malicious,Mirai
1.696371985716266,19.36232852877438,20.768334043149807,2,3,62020,8080,tcp,dns,SF,Malicious,C&C
1.2717720931053575,76.03365881205576,390.00709170488204,4,13,57492,22,udp,ssl,REJ,Benign,None
0.009026905458144073,1023.4958710947002,71.8407307478805,20,0,11682,53,udp,dns,SH,Malicious,DDoS
0.05116502537063902,136.5604994637562,0.0,3,0,39572,8080,icmp,dns,S0,Malicious,Mirai
3.845812314179794,780.2379899065457,13554.263784899564,31,13,51402,53,udp,http,REJ,Benign,None
0.04518018514839129,134.7290484944131,0.0,4,0,31082,23,udp,dhcp,S0,Malicious,Mirai
0.6819133014533951,1620.6199468282941,1940.9006923952027,6,15,57347,23,tcp,-,SF,Benign,None
4.149661495258933,492.66268695682635,194.22113771663928,2,4,18362,23,udp,ssl,S0,Malicious,PartOfAHorizontalPortScan
1.203802872538451,256.42972884185474,53.45787480546012,2,2,43345,53,icmp,-,RSTO,Malicious,PartOfAHorizontalPortScan
0.009657616794767305,156.34876051840757,0.0,3,0,64276,53,udp,ssh,S0,Malicious,Mirai
0.026282667914595378,169.49154885018348,0.0,2,0,13430,80,tcp,-,S0,Malicious,Mirai
2.657987565981041,434.0526436256201,541.8213770504221,3,5,57934,443,icmp,ssh,SH,Benign,None
0.3257522527932288,145.6909999445688,0.0,3,0,15707,80,tcp,ssl,S0,Malicious,Mirai
4.851857099767594,111.2274043992822,27.271326567539436,3,1,63925,80,udp,dhcp,S0,Malicious,PartOfAHorizontalPortScan
0.002185749277695634,1215.2907443339448,61.87168515438115,88,4,61628,443,icmp,ssh,SF,Malicious,DDoS
0.861295795911898,1068.1662679191663,167.6953260354746,4,22,7372,53,icmp,dns,RSTR,Benign,None
4.119149948726252,124.75449879738763,129.13363665521055,7,2,21899,8080,tcp,dhcp,SF,Malicious,C&C
3.199580767647226,17505.926225894636,1416.0547516067572,4,22,57506,443,udp,http,SF,Benign,None
0.3255106500623994,1046.2132228780702,412.6015135288263,14,6,61710,80,tcp,http,S0,Benign,None
0.058358457267153455,139.6408363372081,0.0,4,0,33587,53,udp,dhcp,S0,Malicious,Mirai
0.15509936372074198,149.64581973078768,0.0,1,0,51190,443,tcp,http,S0,Malicious,Mirai
0.24365541797862508,2247.484703205635,28099.960867230355,18,48,56288,53,icmp,ssh,REJ,Benign,None
0.22368532811587286,1923.9279106926772,601.529653019225,4,34,54644,53,udp,dns,RSTR,Benign,None
0.32730680051740113,586.52083743684,65.0843250620703,3,4,22815,8080,udp,dhcp,RSTO,Malicious,PartOfAHorizontalPortScan
0.0002086254269734158,1256.589655221737,45.85224064235446,35,0,2905,443,icmp,-,SF,Malicious,DDoS
6.144244222189689,830.0311827476258,1751.642089132307,3,3,53612,2323,icmp,-,REJ,Benign,None
1.3926951079603722,5383.997446574528,3923.40402469067,8,5,32244,2323,icmp,-,SF,Benign,None
3.244098004732245,187.54761926462666,157.17871467890805,3,4,37314,2323,icmp,ssh,REJ,Malicious,PartOfAHorizontalPortScan
0.34006146098813916,3398.7756458907693,2377.0561261533726,5,4,52121,80,tcp,ssl,SF,Benign,None
0.0023108796879909113,1361.191623609062,42.98851872121202,81,1,4279,53,tcp,http,RSTO,Malicious,DDoS
0.5291343418388054,1538.1357168809202,11542.851076663084,35,4,32765,53,icmp,dns,SH,Benign,None
0.03650138152261821,94.96674196016677,1757.8598974705849,2,2,16064,23,tcp,dhcp,RSTO,Malicious,PartOfAHorizontalPortScan
0.6685620346583411,1156.4645869715796,207.04246534519348,22,14,37862,53,icmp,dhcp,SF,Benign,None
4.064421256445128,80.75381614139064,39.20883880889359,2,5,42335,53,udp,ssl,SH,Malicious,C&C
0.16826496445675013,164.11917346070058,0.0,3,0,2404,443,tcp,ssl,S0,Malicious,Mirai
5.014540234285826,1591.7300758790961,98.36141613856687,2,5,29253,22,udp,-,SF,Malicious,PartOfAHorizontalPortScan
0.3018367133559785,4.961318187439531,71.47611274255483,3,7,8064,80,tcp,ssh,S0,Malicious,C&C
2.308255268615192,2668.5790282320827,734.5598686713814,3,27,41736,22,icmp,http,S0,Benign,None
0.00018005276951206468,1207.9615467747376,58.1314628172486,59,4,50594,80,tcp,-,RSTO,Malicious,DDoS
1.8283229352786559,295.4927270898764,2829.93488843287,4,13,28129,80,udp,ssh,SF,Benign,None
2.597842669405319,37.52616453405391,38.29466597969209,5,1,56461,22,udp,dns,SF,Malicious,C&C
3.2051028598555273,76.27441367386855,112.41027075745099,8,2,54777,22,udp,dns,S0,Malicious,PartOfAHorizontalPortScan
0.03213316336833609,136.11917686522804,0.0,1,0,53088,22,icmp,dhcp,S0,Malicious,Mirai
0.013102258745303737,1224.727727280487,30.771949210665962,33,1,3388,443,tcp,http,REJ,Malicious,DDoS
1.725346261432004,78.31960308747891,192.67413522983597,3,5,30022,443,tcp,ssl,SH,Malicious,PartOfAHorizontalPortScan
0.6139883704370377,330.4747411594337,238.52906667270628,7,1,19851,22,udp,http,RSTO,Malicious,PartOfAHorizontalPortScan
6.52785500483909,44.121180729736295,840.7396586185852,2,1,20586,2323,tcp,dns,S0,Malicious,PartOfAHorizontalPortScan
3.3299340027894586,409.80681649049586,355.7553199092099,5,3,11093,22,tcp,dns,RSTR,Malicious,C&C
13.94013228880187,738.0298376893636,194.72609612312672,4,2,33031,23,udp,dhcp,RSTO,Malicious,PartOfAHorizontalPortScan
3.498153728674913,118.30964719374934,23.984032762643306,2,2,10021,53,tcp,http,RSTO,Malicious,C&C
0.0051327336158081905,1198.5162826428434,25.92105002134651,26,4,41866,2323,tcp,ssl,SF,Malicious,DDoS
0.28507229779194904,155.33412464741522,0.0,4,0,36137,80,tcp,dhcp,S0,Malicious,Mirai
0.4274551011669594,526.6414285404722,112.10371002940644,4,2,10623,22,udp,ssh,RSTO,Malicious,PartOfAHorizontalPortScan
0.9907224515149292,1184.8708920623244,37487.80660447675,17,3,49859,8080,tcp,http,SH,Benign,None
1.1663497575832065,2154.0376662905455,7786.584686509305,4,8,60938,2323,icmp,http,SF,Benign,None
0.31897182420326753,1056.3253061132177,9741.75870148457,9,31,21544,8080,icmp,dhcp,RSTO,Benign,None
0.010125100801914866,1139.0040682647093,37.41991111346929,71,3,11421,2323,tcp,ssh,S0,Malicious,DDoS
3.8101062915425965,26991.924316014964,28735.989198210504,17,8,5416,2323,tcp,dns,RSTR,Benign,None
0.2714235918279091,128.89609258373034,0.0,4,0,20685,23,udp,-,S0,Malicious,Mirai
19.133612256042674,187.50746846684777,72.99919229656999,3,2,54918,23,icmp,ssh,SH,Malicious,C&C
0.29426114913295415,2861.256291577641,4006.2882619992224,6,20,44386,8080,tcp,ssl,SF,Benign,None
0.009235474076552558,1252.2079308215334,38.38019929678781,54,0,8824,2323,icmp,dns,RSTO,Malicious,DDoS
11.640329403888854,404.039113848597,64.36836972495442,7,6,38908,53,udp,ssh,RSTO,Malicious,PartOfAHorizontalPortScan
37.34220165169959,1428.1527709932734,430.21825063370324,8,1,46927,53,icmp,-,REJ,Malicious,PartOfAHorizontalPortScan
0.13701609984890958,177.76054510080928,0.0,4,0,25970,2323,icmp,ssh,S0,Malicious,Mirai
1.20965472364989,4721.785800025195,1957.0533912307449,13,84,9749,23,icmp,ssl,REJ,Benign,None
2.7244515268123375,442.38467593555964,5421.884560321345,5,12,16683,8080,icmp,http,RSTR,Benign,None
1.9228695560466111,2517.3655767904615,2209.767314915841,45,29,13488,8080,tcp,ssh,SH,Benign,None
0.17728253019203818,280.6979203420674,94.5606532657118,4,2,3332,23,udp,-,SH,Benign,None
0.7005196279577249,137.32048635403675,1378.3217412850506,13,13,11997,53,tcp,-,RSTR,Benign,None
1.717340693494579,113.02822492366548,15.012863076313291,11,4,49400,23,udp,ssl,RSTO,Malicious,C&C
1.794496459634746,251.72618994772418,160.44016306052617,5,6,2817,8080,tcp,-,SH,Benign,None
1.285889875964275,504.1132134622109,48.34083281717683,5,1,27411,8080,tcp,dns,REJ,Malicious,PartOfAHorizontalPortScan
0.37874835721305744,161.88578759598892,337.7997756139672,4,3,55715,2323,icmp,ssl,SF,Malicious,C&C
4.401956662483208,453.5690813339621,80.61417484459281,3,7,21203,23,icmp,dns,REJ,Benign,None
0.6279405525481816,619.4153420823712,4264.56577619364,5,14,36717,2323,icmp,dhcp,RSTO,Benign,None
1.7718637803210036,84.03830300724046,914.1231373881868,4,1,13788,53,tcp,dhcp,S0,Malicious,PartOfAHorizontalPortScan
0.6902605023200998,118.12724111350387,274.64555579484664,2,4,10989,2323,icmp,dhcp,SF,Malicious,C&C
0.0012856275778351898,1098.6674257886489,56.96516308384322,31,3,17576,8080,tcp,dns,RSTO,Malicious,DDoS
2.4048869430066517,236.55275798236775,221.89616613223333,2,2,64419,53,tcp,-,REJ,Malicious,C&C
1.6211024770544549,104.41417346152653,556.9616927473768,3,1,17171,53,icmp,dns,SF,Malicious,C&C
3.9505644888759166,428.6293858167069,48.16011443076768,2,1,44469,23,tcp,dns,SF,Malicious,C&C
0.00961860409321309,1319.2001727315471,41.35592390269748,43,0,4626,53,tcp,dhcp,REJ,Malicious,DDoS
6.315621629994696,67.96570334358083,286.96019918062143,3,7,4929,23,udp,dns,RSTO,Malicious,PartOfAHorizontalPortScan
1.3716694532164062,1525.4518834848616,681.3958918487721,10,4,12313,8080,udp,ssl,RSTR,Benign,None
1.4864368201827776,127.68277069656313,524.8818477334039,3,1,6533,22,tcp,-,SH,Malicious,PartOfAHorizontalPortScan
8.448122347450118,820.3277997084494,873.5999936581634,5,2,16305,23,udp,dhcp,S0,Malicious,C&C
0.057474918925084065,135.2724938252155,0.0,3,0,21884,443,udp,ssh,S0,Malicious,Mirai
4.2957400717090515,79.61101721626096,232.97158037926408,3,2,25779,22,tcp,ssl,SF,Malicious,C&C
0.014836054868522647,1258.942752936031,37.5989343826525,42,2,59706,2323,tcp,-,REJ,Malicious,DDoS
1.5925293637673597,475.55578327897297,1111.2499645843338,20,14,48659,53,icmp,http,S0,Benign,None
4.116069416609892,1208.3122854875517,779.8987661579412,5,2,57060,23,icmp,dns,S0,Malicious,PartOfAHorizontalPortScan
2.1907256505239148,247.2079761768212,15177.947255479157,16,11,11398,8080,tcp,dns,S0,Benign,None
0.8570928865139849,231.73556142277522,5642.046899878253,3,8,6141,22,udp,dhcp,RSTR,Benign,None
5.964737838621562,234.6008684561863,922.5236220139215,2,4,20212,80,tcp,-,REJ,Malicious,C&C
0.02684131442690287,1218.056000781862,35.563188206801264,86,1,42173,80,udp,ssl,REJ,Malicious,DDoS
5.035574882589254,80.82735553860276,591.3899311319876,5,1,46034,8080,udp,http,SF,Malicious,PartOfAHorizontalPortScan
3.5397824426488245,547.8813398303755,141.7519294478847,4,2,41152,22,icmp,-,SF,Malicious,PartOfAHorizontalPortScan
3.8954813551080574,34.52876071425422,261.42036224940716,8,2,63086,22,udp,-,S0,Malicious,C&C
6.483232842170955,1130.4812856642172,631.4687871824788,5,2,39216,23,udp,ssh,S0,Malicious,C&C
0.4751586712735688,48.01316535789965,48.98926497116174,3,3,63487,80,tcp,http,SF,Malicious,C&C
0.015063732592020172,159.48786303425268,0.0,3,0,24424,80,icmp,dhcp,S0,Malicious,Mirai
23.46564543697918,23.214640297761534,105.29459431768113,4,1,32759,22,icmp,ssh,SF,Malicious,C&C
0.2641336615239432,541.5061125994433,41946.79405495427,13,10,1266,22,icmp,ssh,REJ,Benign,None
2.7456013617639483,944.4708879481332,9699.405384737009,14,4,55908,53,tcp,http,SF,Benign,None
0.28013743641965994,259.365407334919,280.45316621998666,6,15,18301,8080,icmp,ssl,RSTO,Benign,None
1.023506953094253,4915.649148371807,10728.102606252569,14,5,27121,8080,tcp,ssl,S0,Benign,None
0.007203841435992548,664.9041416309598,3035.7141576750955,5,8,6621,80,tcp,http,RSTO,Benign,None
4.291171482026299,1114.2858708952692,19385.010138869817,10,51,17080,23,icmp,ssh,SH,Benign,None
1.3922984452780083,4383.190188513345,3707.044558433779,9,29,32381,443,tcp,http,RSTO,Benign,None
1.7943461833131944,119.2275505070964,185.1537984102778,2,2,60576,8080,tcp,ssl,S0,Malicious,PartOfAHorizontalPortScan
0.14254000668689767,156.68785975041547,0.0,4,0,31263,23,udp,http,S0,Malicious,Mirai
0.025240270417850735,1164.3374049438291,59.403187424902306,44,0,54766,23,icmp,dhcp,RSTO,Malicious,DDoS
0.4972366109322739,5785.569896715086,1676.8599065418505,70,3,5314,23,icmp,ssh,SF,Benign,None
0.013878510824999793,1147.2862293162582,53.13609860518429,56,0,31298,8080,icmp,ssl,S0,Malicious,DDoS
0.013655629680802674,132.10145579669737,0.0,4,0,9618,22,tcp,http,S0,Malicious,Mirai
0.185215268171198,156.43341655658568,0.0,2,0,27713,80,icmp,dns,S0,Malicious,Mirai
4.593549591912121,344.76792738100795,78.56616074729536,2,2,25148,8080,icmp,dns,SF,Malicious,C&C
9.164497419432609,648.9582578309313,2059.0433044124184,2,2,1748,8080,tcp,ssl,S0,Malicious,C&C
0.8180412318113209,530.8216426076344,2760.6024934590123,11,8,14375,23,udp,ssh,RSTR,Benign,None
0.0014270602717554148,1194.4833320951202,66.28205984832195,35,1,22427,23,tcp,dhcp,SH,Malicious,DDoS
0.023505857801302172,1256.8600561522908,30.85299958725845,35,0,9492,8080,icmp,-,REJ,Malicious,DDoS
1.7958127264074106,63.987291823182154,330.43721689533805,3,5,56953,53,icmp,ssl,S0,Malicious,PartOfAHorizontalPortScan
0.264149517475394,154.2783753449864,0.0,1,0,63162,8080,udp,ssl,S0,Malicious,Mirai
0.25090674720390604,615.1308273731514,9573.539922763674,6,10,49151,80,icmp,ssh,S0,Benign,None
0.1866079792878781,126.71618474238608,0.0,1,0,34624,8080,udp,dhcp,S0,Malicious,Mirai
0.12273023479666252,3799.452530250679,412.2711017992809,3,10,52576,80,icmp,ssh,S0,Benign,None
0.18623674397087633,129.94890603529635,0.0,1,0,61911,80,udp,http,S0,Malicious,Mirai
0.24303524374165675,1032.4040711459913,6413.703135334628,54,5,9494,2323,udp,dhcp,REJ,Benign,None
0.004272493250378548,1155.2404117045685,44.41504348255378,23,1,4163,80,icmp,http,RSTR,Malicious,DDoS
0.10173255707010719,197.7141239848638,40.184023854792834,4,1,27242,22,tcp,dns,RSTO,Malicious,PartOfAHorizontalPortScan
1.476886329433292,881.200885026825,1947.447642235181,10,4,11089,22,tcp,ssl,REJ,Benign,None
0.1422674853313863,933.6975954040469,1784.4205090509076,9,18,36614,22,tcp,dhcp,SH,Benign,None
8.192456443132624,104.24055670342044,52.52911010950647,3,2,8622,8080,udp,dns,RSTR,Malicious,PartOfAHorizontalPortScan
15.605947451701297,148.65201779229702,91.62100432407341,5,2,6895,2323,udp,dns,S0,Malicious,PartOfAHorizontalPortScan
0.09189743236448303,1218.1953614097044,44.89522437623636,54,1,30948,53,icmp,ssh,SH,Malicious,DDoS
0.004493277134066081,1290.5417909629514,51.7002095342617,62,2,22468,8080,udp,dns,SH,Malicious,DDoS
0.1449524061522347,123.77142805268196,0.0,4,0,47189,2323,udp,dhcp,S0,Malicious,Mirai
6.97845464345864,46.644447805870946,1150.159056115962,3,3,32095,2323,udp,-,RSTO,Malicious,PartOfAHorizontalPortScan
0.4817896810755198,1600.4302530201767,2610.3324135730513,14,10,13866,2323,tcp,dhcp,RSTO,Benign,None
8.25553710339264,280.61030515828827,182.36720999193486,3,4,25114,23,tcp,dhcp,RSTO,Malicious,PartOfAHorizontalPortScan
0.5201237126690081,4242.4173701850805,31823.67603457411,6,7,44259,23,tcp,ssl,RSTO,Benign,None
8.476687544231735,50.137016176047304,275.4499634114014,5,3,28945,443,udp,dns,REJ,Malicious,C&C
3.6750680217136256,223.87165846162227,345.8183323780291,4,4,51242,443,tcp,http,RSTR,Malicious,C&C
1.0002532906900161,179.66695162528129,132.14625917655488,2,4,31838,22,tcp,http,SF,Benign,None
0.014321549939442568,1231.5122872770246,57.570735772505124,83,3,29584,2323,icmp,-,SH,Malicious,DDoS
1.025385556884678,476.42820927006886,317.10265985241733,2,3,59158,23,tcp,-,RSTO,Malicious,PartOfAHorizontalPortScan
1.2646781200521686,1884.9344124998022,441.56820590085994,13,5,58710,8080,tcp,http,RSTR,Benign,None
0.008308631767544063,1224.5894035482515,58.76768394482861,68,2,46344,2323,tcp,ssh,SH,Malicious,DDoS
0.23577951849494475,2798.6349591689404,1417.3803776233117,2,22,38462,8080,udp,-,RSTO,Benign,None
0.3316532867026154,140.75594182260517,4170.736972190572,5,13,33744,53,udp,-,RSTO,Benign,None
1.2145459217086725,158.20542081542874,200.2916329331641,4,0,40581,53,icmp,dhcp,RSTR,Malicious,C&C
22.51263121107492,22.977661056786598,139.63559097046166,4,2,33839,8080,icmp,-,S0,Malicious,PartOfAHorizontalPortScan
4.037479024458165,1516.184900592921,38.430081035003454,3,2,51720,2323,tcp,ssl,RSTR,Malicious,C&C
0.017562315788658234,1049.606511119255,50.40055788695657,25,2,26288,443,udp,dhcp,SF,Malicious,DDoS
8.31560351410537,6309.708613051456,1790.3734322256291,19,45,62084,53,udp,dns,RSTO,Benign,None
0.004559371561084586,1153.8337000882734,58.19496816300463,15,1,9785,8080,icmp,dns,SH,Malicious,DDoS
0.0038442018941976302,1013.1421555681447,44.582976036937474,36,2,11114,8080,icmp,-,SF,Malicious,DDoS
1.0250675285814757,4170.691715652625,5762.24788175678,15,23,39934,80,tcp,dhcp,SH,Benign,None
0.003094010875217065,179.81960382436102,0.0,1,0,24224,443,icmp,ssl,S0,Malicious,Mirai
0.6490724664111606,646.7651205504266,1898.887509839872,4,10,65415,53,udp,-,REJ,Benign,None
0.007493762616038268,1525.6105055634407,8075.290502258935,24,15,43202,23,icmp,-,RSTR,Benign,None
3.22176618144047,2970.037405795221,27862.012499341963,3,15,10503,53,tcp,http,REJ,Benign,None
1.686641745660471,99.47080635726924,68.90508749979156,4,2,34879,443,icmp,dns,REJ,Malicious,PartOfAHorizontalPortScan
1.136871188088379,111.13239106323725,49.836350348702396,4,4,30586,23,icmp,ssh,REJ,Malicious,PartOfAHorizontalPortScan
0.2149108744751177,154.97172341864965,0.0,1,0,29430,443,tcp,dhcp,S0,Malicious,Mirai
6.406968387968092,98.55614513825769,71.87152807764181,2,1,15518,53,tcp,ssl,RSTO,Malicious,C&C
0.914465600983603,818.2136602280286,501.3545349521744,3,2,38905,80,icmp,-,RSTO,Malicious,PartOfAHorizontalPortScan
3.3842174777632215,509.2751952632286,365.461345256819,2,14,20504,23,icmp,ssh,S0,Malicious,C&C
0.0008532833383707441,188.88846543651906,0.0,3,0,37901,53,tcp,ssh,S0,Malicious,Mirai
2.251886248289083,153.48072987168263,11837.43213183171,9,26,8110,80,udp,dns,SH,Benign,None
0.13227238263029356,140.9339585189867,0.0,1,0,42643,22,tcp,dns,S0,Malicious,Mirai
1.0184049184232984,681.3197569464626,325.40731596423666,3,19,40234,22,tcp,dns,S0,Benign,None
0.024709510514920728,1218.594744670126,61.261097067333104,74,2,27082,80,udp,dhcp,RSTO,Malicious,DDoS
2.2852255817301907,72.34107273790414,753.8466983402677,3,0,25956,53,tcp,ssl,REJ,Malicious,PartOfAHorizontalPortScan
0.0032726758025341117,1212.7391297352988,46.94155554933298,64,4,12893,2323,icmp,dns,RSTO,Malicious,DDoS
0.6544150914280005,3188.704007571038,36567.03707641931,6,12,10340,8080,tcp,ssh,SH,Benign,None
3.3588365510187295,272.3499436116879,20063.311249713588,24,2,26539,53,udp,dhcp,SH,Benign,None
0.04285751474520131,140.92128984243774,0.0,4,0,6250,22,icmp,http,S0,Malicious,Mirai
0.22479897760652276,413.5325528779081,532.2676951652805,4,2,34137,53,udp,dns,REJ,Malicious,C&C
0.4164070952865579,1539.6582877016629,1218.7224816938472,17,10,31897,8080,icmp,ssl,SH,Benign,None
3.0272758279392726,163.79372219728273,150.00113589484977,2,0,12778,22,icmp,dhcp,REJ,Malicious,C&C
5.408170444002105,170.39273702957462,3370.0680721908725,32,5,16894,22,udp,http,REJ,Benign,None
0.12301040419854149,1069.5557887907137,7481.571370735167,13,37,30809,23,tcp,http,RSTR,Benign,None
0.03833907727398653,132.10747796664597,0.0,4,0,10929,2323,tcp,ssh,S0,Malicious,Mirai
1.3596251322025974,159.34379570968696,150.8106924611603,10,2,21224,23,icmp,ssl,RSTO,Malicious,C&C
3.109707076928552,1906.6725659068625,10263.425306328108,19,38,43482,22,icmp,ssh,S0,Benign,None
0.005099016641599891,1090.5117363073987,57.150675575329544,90,4,44767,2323,udp,http,SH,Malicious,DDoS
0.12870334816436163,207.50095729112417,537.3203214882307,5,3,14810,2323,tcp,dhcp,REJ,Malicious,C&C
1.0827079596592448,2825.2100230361807,1290.9535824810928,8,5,52459,8080,udp,http,RSTO,Benign,None
0.0750417379845566,132.17182738710295,0.0,4,0,57423,2323,icmp,-,S0,Malicious,Mirai
4.776376828942198,48.51673134644767,65.58621397607918,4,4,16161,23,icmp,ssh,RSTR,Malicious,PartOfAHorizontalPortScan
1.8616716804700448,3008.0929335075125,537.5450013348832,3,17,44236,2323,udp,dns,REJ,Benign,None
11.379364160936348,54.48540114004343,665.6882587377894,5,1,43089,2323,icmp,http,RSTO,Malicious,PartOfAHorizontalPortScan
2.6448686351432156,225.99970786275432,35.88949252263288,4,2,1299,2323,icmp,ssl,RSTO,Malicious,PartOfAHorizontalPortScan
4.193965029290903,324.14852963458776,34.419784107699904,5,1,55833,80,tcp,-,RSTR,Malicious,PartOfAHorizontalPortScan
0.9317408581906035,623.4145250959892,2585.4734402624226,4,3,51143,53,icmp,dns,S0,Benign,None
6.322948969166868,275.3652689478122,92.99018562456781,2,1,46938,22,tcp,dhcp,RSTR,Malicious,C&C
0.7683749747766695,304.71667957388917,42399.3333006361,22,8,53880,53,udp,http,RSTO,Benign,None
0.2689525696095156,118.38263772932855,0.0,1,0,5732,53,tcp,dns,S0,Malicious,Mirai
0.13824419725521137,51.57802255658518,224.1872031339458,3,2,51647,53,udp,http,RSTR,Malicious,PartOfAHorizontalPortScan
0.16366611972503864,166.72670907770228,0.0,1,0,13028,80,icmp,dhcp,S0,Malicious,Mirai
0.14558297134103046,160.81029492208393,0.0,3,0,35742,53,icmp,ssh,S0,Malicious,Mirai
3.383558134624573,106.36439782503774,17.43985446303908,4,2,29615,2323,icmp,http,S0,Malicious,C&C
4.940551642374864,355.6818008678956,31606.16373057584,3,65,57883,53,icmp,ssl,S0,Benign,None
1.1148675740795604,1303.7779244600365,1604.0423445794654,13,9,7387,22,udp,-,RSTO,Benign,None
0.039831978964440226,142.5807657685966,0.0,3,0,39249,22,udp,dhcp,S0,Malicious,Mirai
0.21164078850178494,132.00649775517508,0.0,1,0,24079,23,icmp,dhcp,S0,Malicious,Mirai
0.19492942145557257,111.14085276388029,0.0,2,0,14300,443,icmp,ssh,S0,Malicious,Mirai
0.10169159289986601,120.7217172619354,0.0,4,0,43322,80,udp,dns,S0,Malicious,Mirai
0.0012893126798118107,1195.234407789625,57.718790108527614,16,4,29602,53,udp,-,REJ,Malicious,DDoS
0.25056226585711194,1484.0874353807017,165136.67712148483,4,6,21401,23,icmp,-,S0,Benign,None
0.023283517728030383,1093.687312436721,50.29160574444515,93,2,41080,22,icmp,-,SF,Malicious,DDoS
3.8832771017047607,763.9495767804179,10925.041420408861,12,48,37134,53,icmp,ssh,SH,Benign,None
12.338570227197172,314.98945091614013,80.40793828427617,3,2,60980,22,icmp,ssl,SH,Malicious,PartOfAHorizontalPortScan
0.015205546460826416,1053.1901543611154,65.94722263535873,85,1,25314,443,tcp,http,RSTO,Malicious,DDoS
0.01888862782534176,1157.0373647030299,75.1235491090944,15,2,21973,8080,icmp,http,SF,Malicious,DDoS
24.177112341394427,81.83805869667607,577.1855045534139,4,4,33592,443,tcp,dhcp,SF,Malicious,PartOfAHorizontalPortScan
2.3038167851127715,92.49232318971661,149.85844368650743,4,2,15683,8080,icmp,dns,RSTR,Malicious,PartOfAHorizontalPortScan
2.4946730284944643,920.4155779428567,187.42408546013263,2,1,14698,8080,tcp,ssl,SF,Malicious,C&C
4.7182799676569225,323.10094437709387,103.20399477997854,4,3,48024,2323,udp,-,REJ,Malicious,PartOfAHorizontalPortScan
0.21247565623609252,127.317511518085,0.0,2,0,8409,80,tcp,dns,S0,Malicious,Mirai
4.746507371310996,240.1134849619404,174.52077532812186,5,2,3248,53,icmp,http,RSTR,Malicious,PartOfAHorizontalPortScan
2.579461093316623,117.2638471778503,579.4690476723069,5,2,44402,8080,udp,ssh,S0,Malicious,C&C
0.38494039502981753,1797.3234489400227,1595.410771774789,16,19,4795,22,tcp,-,REJ,Benign,None
10.902602912122948,112.14574740259646,131.5630099533421,4,1,30273,8080,tcp,-,REJ,Malicious,PartOfAHorizontalPortScan
3.4459594065390537,466.57587035527405,14236.994643603888,10,39,12817,443,tcp,-,SH,Benign,None
0.21709904252684234,160.62254179390646,0.0,3,0,19921,2323,icmp,-,S0,Malicious,Mirai
0.09759355315745152,677.8259465573352,213.4937002704631,14,9,13831,22,icmp,dns,SF,Benign,None
0.02056046192790106,1172.0681775451499,52.828732049512205,68,1,61795,53,udp,http,RSTR,Malicious,DDoS
2.14547630444075,747.7034252658253,11152.95951876767,88,2,26712,23,tcp,-,SF,Benign,None
0.09445665228273925,108.55491089279457,0.0,1,0,2414,2323,tcp,ssl,S0,Malicious,Mirai
1.785775586207803,1933.4216594333952,11835.937711831182,10,18,55340,23,icmp,dhcp,SH,Benign,None
0.15692400083778038,142.05655337994446,0.0,2,0,29971,2323,tcp,-,S0,Malicious,Mirai
0.3510193179823992,166.0493734101064,54.22317625515188,3,0,47076,8080,tcp,http,SH,Malicious,C&C
0.04017007234350834,202.19738078359666,0.0,4,0,58118,53,icmp,http,S0,Malicious,Mirai
9.387482627773293,1931.8735399364618,239.53385506428626,5,2,4031,443,udp,http,S0,Malicious,PartOfAHorizontalPortScan
0.13536943119304815,187.14003668572477,0.0,3,0,40707,443,icmp,dns,S0,Malicious,Mirai
6.022195868564769,66.34352936119515,67.03734461147138,4,3,39459,80,udp,dns,RSTR,Malicious,C&C
0.03965052332216031,120.19158189183656,0.0,1,0,54293,443,udp,-,S0,Malicious,Mirai
0.0761170990028202,159.1640447905951,0.0,1,0,23954,23,udp,-,S0,Malicious,Mirai
3.5507905234466013,253.30361419784265,127.51384803680655,2,1,9850,22,tcp,ssl,SF,Malicious,C&C
0.43420338769911465,901.7554372692191,723.743443851435,1,9,63784,2323,tcp,dns,SF,Benign,None
7.866572771406216,268.1818473071159,151.52910877073114,2,3,10421,23,udp,-,S0,Malicious,C&C
1.2901413023554071,571.6589313619803,1086.447664430254,3,3,60651,23,tcp,dns,SH,Benign,None
0.12936671288108642,221.56217919338917,738.1443824867963,1,2,34849,80,icmp,http,REJ,Malicious,C&C
0.05505790670358032,151.38422210002307,0.0,1,0,24329,8080,icmp,http,S0,Malicious,Mirai
0.003642190777993228,1261.5927277998114,66.29515993437856,26,0,59309,2323,icmp,dhcp,RSTR,Malicious,DDoS
9.189635892274017,99.66104892841257,114.66989207750261,2,4,14949,22,icmp,dhcp,REJ,Malicious,C&C
0.05056471201635241,167.13844074303734,0.0,2,0,52959,53,tcp,http,S0,Malicious,Mirai
1.8041534526133316,424.0139181882491,1239.3952712030425,2,14,5968,53,udp,ssh,RSTO,Benign,None
8.551892155447378,409.1268927694642,67.660849957569,3,2,13073,80,tcp,dhcp,S0,Malicious,PartOfAHorizontalPortScan
21.918564443137786,491.35290193151803,915.7550048840113,2,1,45800,53,tcp,-,RSTO,Malicious,C&C
0.0012887277072119855,1203.465823658465,56.88408547992704,58,3,1413,80,tcp,http,S0,Malicious,DDoS
8.222784390909732,148.6423253421229,21.15673870761952,2,2,64620,443,udp,dhcp,SF,Malicious,C&C
0.005687570352925113,141.26773424889342,0.0,1,0,52591,23,tcp,dhcp,S0,Malicious,Mirai
0.0426354946361173,1195.0318589415676,40.592651082382986,54,2,55402,80,icmp,dhcp,RSTR,Malicious,DDoS
0.07110715405134002,104.69739269673441,0.0,1,0,11491,443,tcp,http,S0,Malicious,Mirai
0.8338119596477237,1829.384951509872,40294.05800089831,8,7,53305,8080,tcp,http,RSTO,Benign,None
0.13908208491159926,621.1700700585235,3393.816109619187,6,78,58174,443,icmp,dns,SH,Benign,None
0.9326443969186078,54.80605836025025,142.41397880254516,4,3,58326,53,icmp,ssl,S0,Malicious,C&C
0.9857354559316751,1015.5074211310318,209.12015395700644,10,38,30908,80,udp,ssl,RSTO,Benign,None
0.019391276097470374,1269.2160839457397,48.248905002486026,67,0,12732,53,tcp,dhcp,RSTR,Malicious,DDoS
4.017199824631782,418.17405244766866,170.85546728373743,3,2,47758,23,tcp,http,REJ,Malicious,PartOfAHorizontalPortScan
0.31261152455916213,629.6620926526369,8532.870688368826,9,13,31782,443,icmp,dhcp,S0,Benign,None
15.329537192971753,60.462987426583545,19.804371066322357,4,4,28922,23,udp,ssl,S0,Malicious,C&C
5.128123525539508,230.3867664998044,61.42799769293545,3,4,40011,22,icmp,dhcp,REJ,Malicious,C&C
2.5367263734931726,1855.2820947638793,8391.184201204269,3,2,28729,80,udp,ssh,RSTO,Benign,None
4.943938354370257e-05,1218.503594255476,57.96265103005274,24,3,13400,22,icmp,ssl,RSTR,Malicious,DDoS
2.5159441903123967,1635.3162245535866,47204.95916488242,15,15,37451,80,udp,ssh,RSTR,Benign,None
0.7804109396218315,126.38405105205673,78.59766228495391,2,2,41163,80,icmp,-,RSTO,Malicious,C&C
2.2432929263010353,1137.9301950736149,2597.042583994724,15,4,35630,8080,icmp,http,SF,Benign,None
1.9474591180018095,742.1969895269062,919.0463566867018,5,5,38178,2323,tcp,dhcp,S0,Malicious,C&C
3.915012917058979,328.9255458996331,114.38449668333482,4,3,27947,2323,icmp,dhcp,SF,Malicious,PartOfAHorizontalPortScan
5.398685865351456,1336.759055662943,24.304290303322187,6,2,56452,80,tcp,-,RSTO,Malicious,C&C
0.0067211787515798925,1237.1399158505933,42.02987391308615,66,0,19937,443,icmp,dns,SF,Malicious,DDoS
0.0015240614438984015,1191.8366160912292,50.408135577369826,79,4,10548,443,icmp,dns,SF,Malicious,DDoS
0.4598174842033981,349.8897913824263,470.46902866692363,9,19,29381,2323,tcp,http,REJ,Benign,None
4.793442166352495,232.28499283558884,97.45666896350356,2,7,42782,22,icmp,http,REJ,Malicious,PartOfAHorizontalPortScan
0.8348926643680936,2396.752786239932,6119.77919283384,10,26,8320,23,icmp,ssl,SF,Benign,None
0.13804512679302544,1468.896453318272,25628.93516135361,9,24,26375,23,tcp,http,S0,Benign,None
0.7000732507073747,1289.9373349083467,25528.28836511792,1,2,60677,8080,icmp,http,SH,Benign,None
27.189574751778526,20.59385429133791,30.02853201496634,5,3,51453,23,udp,ssh,REJ,Malicious,PartOfAHorizontalPortScan
3.1484049397703293,407.70723176656685,239.6330286587655,3,1,45924,22,tcp,ssh,REJ,Malicious,PartOfAHorizontalPortScan
1.5524200458894675,4396.423439937502,10705.51188856687,9,15,24197,22,udp,dhcp,SF,Benign,None
0.12937820892338908,1457.699949225448,13873.90964981747,2,14,20692,443,udp,-,RSTO,Benign,None
1.8472745879011916,622.3955422797438,1479.0279349275538,5,6,18158,443,icmp,dhcp,S0,Benign,None
3.503979215028451,67.66404358314419,84.40012455860588,1,2,47896,22,udp,dns,SH,Malicious,C&C
1.926732130722513,67.01823389338766,227.02328611743195,9,6,14655,53,icmp,-,RSTO,Malicious,PartOfAHorizontalPortScan
0.012137139720630036,1037.1026108806102,62.401175118304806,37,3,60595,443,icmp,-,RSTO,Malicious,DDoS
4.411489677055085,2215.4976043842325,299.29395145873485,2,6,22702,2323,icmp,dns,REJ,Benign,None
0.7667595432809464,262.5610539700717,31.79782234163208,4,1,51089,80,tcp,dhcp,SF,Malicious,PartOfAHorizontalPortScan
0.1510955205228401,301.30950116440107,2048.879425222438,6,16,56717,23,tcp,ssl,RSTR,Benign,None
1.3048993046769428,2173.9530534683804,8821.80469004405,14,4,58926,53,udp,ssh,RSTO,Benign,None
0.008496846994809251,1282.6980241301,53.36199642892751,88,1,58588,53,udp,-,RSTR,Malicious,DDoS
0.16114017000835076,154.55158427044702,160.1381296623159,3,4,53658,8080,tcp,http,S0,Malicious,C&C
1.180038397563909,92.92341284203816,141.44218250916092,2,1,5667,53,udp,ssh,SH,Malicious,C&C
4.039540202283297,397.2415695952284,107.49435298950108,2,2,4630,8080,udp,dhcp,SH,Malicious,PartOfAHorizontalPortScan
0.019601266972821257,151.34413073207102,0.0,1,0,32932,80,tcp,ssl,S0,Malicious,Mirai
9.472787682591223,452.5463455516454,14.391934699574596,2,2,47869,2323,tcp,http,RSTR,Malicious,PartOfAHorizontalPortScan
0.007874763705827185,1125.552284009512,71.74957731255765,14,3,40415,22,icmp,ssh,RSTO,Malicious,DDoS
2.1738273726606883,88.99428379116594,54.69604574905178,4,2,1951,22,tcp,http,S0,Malicious,C&C
0.00458677877707374,1188.9889329541606,64.08210332597903,80,2,11761,2323,icmp,dhcp,RSTR,Malicious,DDoS
3.0106017204589297,3772.6733381828985,7157.249515716055,14,33,62787,2323,icmp,-,SF,Benign,None
0.010587038589959281,1190.833543208826,57.265430194175046,76,4,19172,22,tcp,dhcp,SF,Malicious,DDoS
0.017031759322735436,1300.123879519205,70.58137241252285,91,0,9046,53,tcp,ssl,RSTR,Malicious,DDoS
0.004013628159433359,1372.4482267836688,60.614357675513105,44,0,13089,22,udp,dns,RSTO,Malicious,DDoS
13.990740179290995,49.43774431777064,692.1553464184633,3,1,36482,443,udp,ssl,SH,Malicious,C&C
4.656895766937481,112.62057928110247,58.19529214129914,4,3,65086,8080,icmp,dns,RSTO,Malicious,PartOfAHorizontalPortScan
0.0006954219576593881,174.8575913375921,0.0,2,0,40897,80,tcp,dns,S0,Malicious,Mirai
4.680761159982167,60.397384542390185,197.59723890185236,9,1,30407,8080,icmp,ssh,S0,Malicious,PartOfAHorizontalPortScan
0.3362137822046304,288.8295025714407,159.56850406112355,4,2,64465,443,udp,ssh,REJ,Malicious,C&C
0.0051201940064263575,1075.3191708576194,47.63481299636159,96,3,22934,80,icmp,dns,S0,Malicious,DDoS
1.4659589739569179,686.8662799828091,705.1868768403596,5,14,32126,443,tcp,dns,REJ,Benign,None
0.010166150404762223,157.79034385050366,0.0,4,0,16835,23,icmp,ssh,S0,Malicious,Mirai
0.009695112898943214,1190.9781851184348,46.85048585501527,80,1,40537,23,tcp,ssl,SF,Malicious,DDoS
0.008058265983277944,1207.676602387736,46.50624252841797,60,3,17609,80,icmp,http,SH,Malicious,DDoS
1.288417456884717,66.14143232784838,95.93140797397224,4,0,55337,80,icmp,ssl,RSTO,Malicious,PartOfAHorizontalPortScan
2.795207172966758,63.62292283868396,286.45022482269525,2,2,22630,80,udp,-,RSTR,Malicious,PartOfAHorizontalPortScan
0.8149149756955983,263.5076069508964,3183.664056996393,7,45,65333,22,tcp,-,SF,Benign,None
1.344089568577306,2193.7670932167575,3777.2667684920007,4,1,51813,53,tcp,-,RSTO,Benign,None
1.7930673402822175,28.77183719422648,129.8509276301969,4,3,17188,443,udp,ssl,RSTO,Malicious,PartOfAHorizontalPortScan
0.08497422475557241,706.9942968093535,1519.356850127012,16,15,37712,8080,tcp,ssl,SF,Benign,None
0.02323201385274753,101.24197456370777,89.05949166074274,2,4,60089,22,icmp,ssh,S0,Malicious,PartOfAHorizontalPortScan
3.138074694390619,426.7909327666994,905.0582821072844,9,13,45962,80,tcp,ssh,RSTO,Benign,None
3.4937928830588447,3151.39870741314,6755.201636166885,5,24,52315,23,tcp,ssh,SF,Benign,None
3.8097856995619077,622.3035928087403,73.26593873607808,3,1,7746,80,icmp,ssl,S0,Malicious,PartOfAHorizontalPortScan
0.8479765842480594,1935.8023668814471,3191.3259510099183,20,11,13006,443,tcp,http,REJ,Benign,None
0.14126242395476243,225.90846878749775,614.2713626824244,3,1,53931,80,udp,http,SF,Malicious,C&C
1.7274690131642356,260.30828080252803,419.2262151662452,3,2,41672,8080,icmp,ssh,S0,Malicious,C&C
0.7848144607748433,4394.762660367513,2993.681346348155,16,14,7801,23,tcp,ssl,SF,Benign,None
3.2952116229810966,3124.0071973158483,117.13956411992844,9,25,12442,80,icmp,dhcp,SF,Benign,None
6.944863385379092,85.32643626854404,598.9395707009855,5,1,39259,443,tcp,ssh,RSTO,Malicious,C&C
1.9498942771039505,375.2145104340852,114.51140396267198,6,4,19627,22,icmp,http,SH,Malicious,C&C
9.327909454963189,26.379509263755327,323.88865384577156,9,2,7831,53,icmp,dhcp,SH,Malicious,PartOfAHorizontalPortScan
0.20625028425761416,141.89381097474092,523.3971439799435,3,4,12333,8080,icmp,dhcp,RSTO,Benign,None
0.07946271521122793,11085.305771320496,6427.487264551769,4,19,48301,80,udp,http,S0,Benign,None
0.004140297387179157,1331.0265684698459,62.904211857376986,23,3,12840,53,udp,ssl,RSTR,Malicious,DDoS
0.0026012694784048394,1165.0534996987753,42.10551141479329,42,3,30130,80,icmp,-,SF,Malicious,DDoS
2.425206412050837,52.41783530616626,165.4961797214667,1,7,1853,23,udp,ssh,RSTR,Malicious,C&C
0.5551410844720854,91.31782087471734,21.14202873760564,4,6,26789,8080,tcp,dhcp,REJ,Malicious,C&C
0.25958326998281617,163.41173110948262,0.0,4,0,8285,8080,tcp,ssh,S0,Malicious,Mirai
2.295311677978171,942.6976845466556,66.96587050024574,6,2,27304,8080,icmp,ssh,SH,Malicious,PartOfAHorizontalPortScan
5.364460862637984,262.4234373045591,316.51716254068504,4,2,49632,80,tcp,dns,SF,Malicious,PartOfAHorizontalPortScan
0.15948912966461437,177.32822288731495,0.0,2,0,47609,80,icmp,dns,S0,Malicious,Mirai
3.813189839223846,5510.059182178187,29870.946851889836,6,6,50677,53,udp,dns,REJ,Benign,None
